file,keyword,voice,speed,source
ryan/114.wav,Ira,unknown,unknown,synthetic
amy/slow/20.wav,Ira,amy,slow,synthetic
amy/slow/1.wav,Ira,amy,slow,synthetic
pilot100/91.wav,Ira,unknown,unknown,synthetic
lessac/normal/7.wav,Ira,lessac,normal,synthetic
amy/fast/2.wav,Ira,amy,fast,synthetic
hfc_female/68.wav,Ira,unknown,unknown,synthetic
lessac/68.wav,Ira,unknown,unknown,synthetic
amy/normal/26.wav,Ira,amy,normal,synthetic
ryan/67.wav,Ira,unknown,unknown,synthetic
pilot100/3.wav,Ira,unknown,unknown,synthetic
hfc_female/89.wav,Ira,unknown,unknown,synthetic
hfc_male/fast/35.wav,Ira,hfc_male,fast,synthetic
lessac/114.wav,Ira,unknown,unknown,synthetic
hfc_female/slow/12.wav,Ira,hfc_female,slow,synthetic
ryan/normal/4.wav,Ira,ryan,normal,synthetic
pilot100/75.wav,Ira,unknown,unknown,synthetic
ryan/normal/51.wav,Ira,ryan,normal,synthetic
hfc_female/41.wav,Ira,unknown,unknown,synthetic
lessac/normal/57.wav,Ira,lessac,normal,synthetic
lessac/103.wav,Ira,unknown,unknown,synthetic
lessac/31.wav,Ira,unknown,unknown,synthetic
amy/45.wav,Ira,unknown,unknown,synthetic
ryan/slow/36.wav,Ira,ryan,slow,synthetic
lessac/4.wav,Ira,unknown,unknown,synthetic
lessac/normal/62.wav,Ira,lessac,normal,synthetic
amy/normal/117.wav,Ira,amy,normal,synthetic
lessac/slow/23.wav,Ira,lessac,slow,synthetic
hfc_male/normal/95.wav,Ira,hfc_male,normal,synthetic
hfc_male/111.wav,Ira,unknown,unknown,synthetic
hfc_male/fast/15.wav,Ira,hfc_male,fast,synthetic
amy/fast/20.wav,Ira,amy,fast,synthetic
amy/fast/14.wav,Ira,amy,fast,synthetic
test/7.wav,Ira,unknown,unknown,synthetic
lessac/normal/83.wav,Ira,lessac,normal,synthetic
hfc_male/fast/1.wav,Ira,hfc_male,fast,synthetic
ryan/79.wav,Ira,unknown,unknown,synthetic
lessac/fast/35.wav,Ira,lessac,fast,synthetic
amy/fast/24.wav,Ira,amy,fast,synthetic
hfc_male/slow/3.wav,Ira,hfc_male,slow,synthetic
hfc_male/normal/78.wav,Ira,hfc_male,normal,synthetic
lessac/1.wav,Ira,unknown,unknown,synthetic
lessac/110.wav,Ira,unknown,unknown,synthetic
hfc_male/normal/101.wav,Ira,hfc_male,normal,synthetic
hfc_male/slow/9.wav,Ira,hfc_male,slow,synthetic
hfc_female/normal/8.wav,Ira,hfc_female,normal,synthetic
lessac/normal/49.wav,Ira,lessac,normal,synthetic
lessac/115.wav,Ira,unknown,unknown,synthetic
hfc_male/normal/89.wav,Ira,hfc_male,normal,synthetic
hfc_female/normal/10.wav,Ira,hfc_female,normal,synthetic
ryan/fast/39.wav,Ira,ryan,fast,synthetic
lessac/113.wav,Ira,unknown,unknown,synthetic
lessac/8.wav,Ira,unknown,unknown,synthetic
amy/normal/45.wav,Ira,amy,normal,synthetic
hfc_male/109.wav,Ira,unknown,unknown,synthetic
lessac/normal/34.wav,Ira,lessac,normal,synthetic
hfc_male/76.wav,Ira,unknown,unknown,synthetic
amy/73.wav,Ira,unknown,unknown,synthetic
amy/fast/30.wav,Ira,amy,fast,synthetic
ryan/29.wav,Ira,unknown,unknown,synthetic
hfc_female/normal/93.wav,Ira,hfc_female,normal,synthetic
lessac/86.wav,Ira,unknown,unknown,synthetic
amy/slow/33.wav,Ira,amy,slow,synthetic
amy/slow/24.wav,Ira,amy,slow,synthetic
amy/106.wav,Ira,unknown,unknown,synthetic
amy/31.wav,Ira,unknown,unknown,synthetic
hfc_male/normal/39.wav,Ira,hfc_male,normal,synthetic
amy/normal/65.wav,Ira,amy,normal,synthetic
hfc_female/88.wav,Ira,unknown,unknown,synthetic
lessac/normal/86.wav,Ira,lessac,normal,synthetic
amy/normal/80.wav,Ira,amy,normal,synthetic
pilot100/56.wav,Ira,unknown,unknown,synthetic
amy/8.wav,Ira,unknown,unknown,synthetic
hfc_female/normal/30.wav,Ira,hfc_female,normal,synthetic
hfc_male/53.wav,Ira,unknown,unknown,synthetic
hfc_female/24.wav,Ira,unknown,unknown,synthetic
ryan/15.wav,Ira,unknown,unknown,synthetic
hfc_female/67.wav,Ira,unknown,unknown,synthetic
lessac/43.wav,Ira,unknown,unknown,synthetic
hfc_female/62.wav,Ira,unknown,unknown,synthetic
ryan/117.wav,Ira,unknown,unknown,synthetic
hfc_male/20.wav,Ira,unknown,unknown,synthetic
ryan/slow/19.wav,Ira,ryan,slow,synthetic
ryan/90.wav,Ira,unknown,unknown,synthetic
ryan/56.wav,Ira,unknown,unknown,synthetic
hfc_female/normal/98.wav,Ira,hfc_female,normal,synthetic
hfc_male/normal/32.wav,Ira,hfc_male,normal,synthetic
amy/16.wav,Ira,unknown,unknown,synthetic
amy/102.wav,Ira,unknown,unknown,synthetic
ryan/slow/23.wav,Ira,ryan,slow,synthetic
lessac/slow/26.wav,Ira,lessac,slow,synthetic
hfc_male/normal/8.wav,Ira,hfc_male,normal,synthetic
hfc_female/normal/109.wav,Ira,hfc_female,normal,synthetic
hfc_female/normal/102.wav,Ira,hfc_female,normal,synthetic
ryan/normal/42.wav,Ira,ryan,normal,synthetic
ryan/normal/40.wav,Ira,ryan,normal,synthetic
hfc_female/normal/53.wav,Ira,hfc_female,normal,synthetic
hfc_male/fast/20.wav,Ira,hfc_male,fast,synthetic
amy/fast/23.wav,Ira,amy,fast,synthetic
hfc_female/normal/75.wav,Ira,hfc_female,normal,synthetic
hfc_female/slow/34.wav,Ira,hfc_female,slow,synthetic
hfc_female/51.wav,Ira,unknown,unknown,synthetic
hfc_female/normal/64.wav,Ira,hfc_female,normal,synthetic
ryan/normal/73.wav,Ira,ryan,normal,synthetic
hfc_male/22.wav,Ira,unknown,unknown,synthetic
amy/39.wav,Ira,unknown,unknown,synthetic
lessac/slow/1.wav,Ira,lessac,slow,synthetic
lessac/12.wav,Ira,unknown,unknown,synthetic
ryan/normal/66.wav,Ira,ryan,normal,synthetic
lessac/41.wav,Ira,unknown,unknown,synthetic
lessac/45.wav,Ira,unknown,unknown,synthetic
amy/slow/16.wav,Ira,amy,slow,synthetic
amy/21.wav,Ira,unknown,unknown,synthetic
lessac/19.wav,Ira,unknown,unknown,synthetic
lessac/normal/48.wav,Ira,lessac,normal,synthetic
amy/fast/13.wav,Ira,amy,fast,synthetic
amy/slow/18.wav,Ira,amy,slow,synthetic
hfc_female/43.wav,Ira,unknown,unknown,synthetic
ryan/77.wav,Ira,unknown,unknown,synthetic
lessac/normal/39.wav,Ira,lessac,normal,synthetic
lessac/fast/32.wav,Ira,lessac,fast,synthetic
ryan/normal/55.wav,Ira,ryan,normal,synthetic
hfc_male/54.wav,Ira,unknown,unknown,synthetic
hfc_female/normal/57.wav,Ira,hfc_female,normal,synthetic
hfc_female/slow/9.wav,Ira,hfc_female,slow,synthetic
hfc_female/28.wav,Ira,unknown,unknown,synthetic
amy/80.wav,Ira,unknown,unknown,synthetic
hfc_male/normal/41.wav,Ira,hfc_male,normal,synthetic
hfc_male/59.wav,Ira,unknown,unknown,synthetic
ryan/normal/69.wav,Ira,ryan,normal,synthetic
hfc_male/42.wav,Ira,unknown,unknown,synthetic
hfc_male/fast/29.wav,Ira,hfc_male,fast,synthetic
ryan/normal/75.wav,Ira,ryan,normal,synthetic
pilot100/50.wav,Ira,unknown,unknown,synthetic
ryan/normal/114.wav,Ira,ryan,normal,synthetic
ryan/normal/113.wav,Ira,ryan,normal,synthetic
hfc_female/58.wav,Ira,unknown,unknown,synthetic
amy/normal/21.wav,Ira,amy,normal,synthetic
hfc_male/72.wav,Ira,unknown,unknown,synthetic
hfc_female/64.wav,Ira,unknown,unknown,synthetic
hfc_male/normal/33.wav,Ira,hfc_male,normal,synthetic
pilot100/33.wav,Ira,unknown,unknown,synthetic
ryan/87.wav,Ira,unknown,unknown,synthetic
pilot100/17.wav,Ira,unknown,unknown,synthetic
lessac/normal/29.wav,Ira,lessac,normal,synthetic
ryan/normal/80.wav,Ira,ryan,normal,synthetic
amy/normal/39.wav,Ira,amy,normal,synthetic
amy/normal/109.wav,Ira,amy,normal,synthetic
lessac/71.wav,Ira,unknown,unknown,synthetic
hfc_male/normal/38.wav,Ira,hfc_male,normal,synthetic
ryan/normal/108.wav,Ira,ryan,normal,synthetic
amy/52.wav,Ira,unknown,unknown,synthetic
ryan/fast/34.wav,Ira,ryan,fast,synthetic
ryan/97.wav,Ira,unknown,unknown,synthetic
lessac/normal/76.wav,Ira,lessac,normal,synthetic
lessac/fast/22.wav,Ira,lessac,fast,synthetic
hfc_male/13.wav,Ira,unknown,unknown,synthetic
hfc_male/normal/106.wav,Ira,hfc_male,normal,synthetic
hfc_female/21.wav,Ira,unknown,unknown,synthetic
hfc_female/normal/39.wav,Ira,hfc_female,normal,synthetic
lessac/normal/118.wav,Ira,lessac,normal,synthetic
ryan/normal/84.wav,Ira,ryan,normal,synthetic
ryan/normal/0.wav,Ira,ryan,normal,synthetic
amy/15.wav,Ira,unknown,unknown,synthetic
hfc_female/normal/33.wav,Ira,hfc_female,normal,synthetic
ryan/fast/18.wav,Ira,ryan,fast,synthetic
ryan/normal/44.wav,Ira,ryan,normal,synthetic
hfc_female/fast/8.wav,Ira,hfc_female,fast,synthetic
lessac/slow/8.wav,Ira,lessac,slow,synthetic
hfc_male/normal/47.wav,Ira,hfc_male,normal,synthetic
ryan/59.wav,Ira,unknown,unknown,synthetic
ryan/slow/6.wav,Ira,ryan,slow,synthetic
hfc_male/normal/42.wav,Ira,hfc_male,normal,synthetic
hfc_male/normal/10.wav,Ira,hfc_male,normal,synthetic
hfc_male/60.wav,Ira,unknown,unknown,synthetic
hfc_female/normal/31.wav,Ira,hfc_female,normal,synthetic
lessac/normal/72.wav,Ira,lessac,normal,synthetic
ryan/normal/47.wav,Ira,ryan,normal,synthetic
hfc_male/112.wav,Ira,unknown,unknown,synthetic
ryan/10.wav,Ira,unknown,unknown,synthetic
lessac/normal/40.wav,Ira,lessac,normal,synthetic
ryan/normal/117.wav,Ira,ryan,normal,synthetic
lessac/16.wav,Ira,unknown,unknown,synthetic
pilot100/25.wav,Ira,unknown,unknown,synthetic
ryan/slow/24.wav,Ira,ryan,slow,synthetic
pilot100/47.wav,Ira,unknown,unknown,synthetic
lessac/79.wav,Ira,unknown,unknown,synthetic
ryan/normal/115.wav,Ira,ryan,normal,synthetic
ryan/normal/82.wav,Ira,ryan,normal,synthetic
ryan/28.wav,Ira,unknown,unknown,synthetic
ryan/slow/28.wav,Ira,ryan,slow,synthetic
hfc_female/83.wav,Ira,unknown,unknown,synthetic
amy/normal/33.wav,Ira,amy,normal,synthetic
lessac/48.wav,Ira,unknown,unknown,synthetic
lessac/29.wav,Ira,unknown,unknown,synthetic
lessac/fast/23.wav,Ira,lessac,fast,synthetic
hfc_male/normal/64.wav,Ira,hfc_male,normal,synthetic
hfc_male/normal/67.wav,Ira,hfc_male,normal,synthetic
lessac/slow/3.wav,Ira,lessac,slow,synthetic
ryan/96.wav,Ira,unknown,unknown,synthetic
ryan/slow/34.wav,Ira,ryan,slow,synthetic
ryan/normal/5.wav,Ira,ryan,normal,synthetic
ryan/normal/39.wav,Ira,ryan,normal,synthetic
lessac/111.wav,Ira,unknown,unknown,synthetic
ryan/normal/71.wav,Ira,ryan,normal,synthetic
amy/9.wav,Ira,unknown,unknown,synthetic
lessac/slow/25.wav,Ira,lessac,slow,synthetic
amy/12.wav,Ira,unknown,unknown,synthetic
ryan/normal/38.wav,Ira,ryan,normal,synthetic
lessac/fast/39.wav,Ira,lessac,fast,synthetic
ryan/12.wav,Ira,unknown,unknown,synthetic
amy/normal/75.wav,Ira,amy,normal,synthetic
amy/normal/37.wav,Ira,amy,normal,synthetic
amy/69.wav,Ira,unknown,unknown,synthetic
hfc_male/fast/17.wav,Ira,hfc_male,fast,synthetic
lessac/17.wav,Ira,unknown,unknown,synthetic
hfc_male/normal/76.wav,Ira,hfc_male,normal,synthetic
lessac/104.wav,Ira,unknown,unknown,synthetic
lessac/50.wav,Ira,unknown,unknown,synthetic
ryan/1.wav,Ira,unknown,unknown,synthetic
pilot100/53.wav,Ira,unknown,unknown,synthetic
hfc_male/19.wav,Ira,unknown,unknown,synthetic
amy/normal/103.wav,Ira,amy,normal,synthetic
hfc_female/32.wav,Ira,unknown,unknown,synthetic
amy/normal/87.wav,Ira,amy,normal,synthetic
pilot100/60.wav,Ira,unknown,unknown,synthetic
hfc_female/normal/24.wav,Ira,hfc_female,normal,synthetic
lessac/normal/89.wav,Ira,lessac,normal,synthetic
hfc_male/normal/118.wav,Ira,hfc_male,normal,synthetic
ryan/slow/16.wav,Ira,ryan,slow,synthetic
amy/normal/84.wav,Ira,amy,normal,synthetic
hfc_male/normal/94.wav,Ira,hfc_male,normal,synthetic
ryan/25.wav,Ira,unknown,unknown,synthetic
ryan/57.wav,Ira,unknown,unknown,synthetic
ryan/normal/60.wav,Ira,ryan,normal,synthetic
ryan/slow/10.wav,Ira,ryan,slow,synthetic
lessac/slow/16.wav,Ira,lessac,slow,synthetic
hfc_male/94.wav,Ira,unknown,unknown,synthetic
ryan/slow/33.wav,Ira,ryan,slow,synthetic
hfc_male/113.wav,Ira,unknown,unknown,synthetic
hfc_female/normal/29.wav,Ira,hfc_female,normal,synthetic
hfc_female/slow/32.wav,Ira,hfc_female,slow,synthetic
amy/fast/9.wav,Ira,amy,fast,synthetic
hfc_female/94.wav,Ira,unknown,unknown,synthetic
hfc_female/normal/94.wav,Ira,hfc_female,normal,synthetic
pilot100/32.wav,Ira,unknown,unknown,synthetic
hfc_female/normal/87.wav,Ira,hfc_female,normal,synthetic
hfc_male/normal/69.wav,Ira,hfc_male,normal,synthetic
lessac/slow/0.wav,Ira,lessac,slow,synthetic
hfc_male/normal/116.wav,Ira,hfc_male,normal,synthetic
test/6.wav,Ira,unknown,unknown,synthetic
amy/114.wav,Ira,unknown,unknown,synthetic
amy/normal/86.wav,Ira,amy,normal,synthetic
hfc_male/normal/109.wav,Ira,hfc_male,normal,synthetic
amy/normal/118.wav,Ira,amy,normal,synthetic
hfc_male/slow/11.wav,Ira,hfc_male,slow,synthetic
pilot100/57.wav,Ira,unknown,unknown,synthetic
lessac/slow/4.wav,Ira,lessac,slow,synthetic
amy/normal/31.wav,Ira,amy,normal,synthetic
hfc_female/slow/33.wav,Ira,hfc_female,slow,synthetic
lessac/slow/30.wav,Ira,lessac,slow,synthetic
hfc_male/normal/70.wav,Ira,hfc_male,normal,synthetic
hfc_male/36.wav,Ira,unknown,unknown,synthetic
hfc_female/26.wav,Ira,unknown,unknown,synthetic
amy/118.wav,Ira,unknown,unknown,synthetic
hfc_female/30.wav,Ira,unknown,unknown,synthetic
lessac/fast/10.wav,Ira,lessac,fast,synthetic
hfc_male/fast/21.wav,Ira,hfc_male,fast,synthetic
hfc_female/39.wav,Ira,unknown,unknown,synthetic
lessac/39.wav,Ira,unknown,unknown,synthetic
hfc_female/normal/49.wav,Ira,hfc_female,normal,synthetic
lessac/slow/36.wav,Ira,lessac,slow,synthetic
amy/normal/66.wav,Ira,amy,normal,synthetic
lessac/slow/13.wav,Ira,lessac,slow,synthetic
hfc_female/63.wav,Ira,unknown,unknown,synthetic
amy/normal/9.wav,Ira,amy,normal,synthetic
amy/normal/40.wav,Ira,amy,normal,synthetic
hfc_male/28.wav,Ira,unknown,unknown,synthetic
ryan/68.wav,Ira,unknown,unknown,synthetic
hfc_female/5.wav,Ira,unknown,unknown,synthetic
ryan/33.wav,Ira,unknown,unknown,synthetic
amy/105.wav,Ira,unknown,unknown,synthetic
lessac/fast/21.wav,Ira,lessac,fast,synthetic
hfc_female/fast/7.wav,Ira,hfc_female,fast,synthetic
hfc_female/0.wav,Ira,unknown,unknown,synthetic
hfc_female/6.wav,Ira,unknown,unknown,synthetic
hfc_male/108.wav,Ira,unknown,unknown,synthetic
ryan/slow/20.wav,Ira,ryan,slow,synthetic
lessac/normal/75.wav,Ira,lessac,normal,synthetic
hfc_female/77.wav,Ira,unknown,unknown,synthetic
hfc_female/fast/29.wav,Ira,hfc_female,fast,synthetic
hfc_male/46.wav,Ira,unknown,unknown,synthetic
hfc_male/fast/4.wav,Ira,hfc_male,fast,synthetic
amy/58.wav,Ira,unknown,unknown,synthetic
hfc_female/34.wav,Ira,unknown,unknown,synthetic
ryan/slow/27.wav,Ira,ryan,slow,synthetic
lessac/95.wav,Ira,unknown,unknown,synthetic
amy/normal/105.wav,Ira,amy,normal,synthetic
hfc_female/37.wav,Ira,unknown,unknown,synthetic
lessac/25.wav,Ira,unknown,unknown,synthetic
ryan/98.wav,Ira,unknown,unknown,synthetic
lessac/fast/4.wav,Ira,lessac,fast,synthetic
hfc_male/normal/22.wav,Ira,hfc_male,normal,synthetic
amy/22.wav,Ira,unknown,unknown,synthetic
hfc_male/normal/104.wav,Ira,hfc_male,normal,synthetic
hfc_female/fast/3.wav,Ira,hfc_female,fast,synthetic
ryan/55.wav,Ira,unknown,unknown,synthetic
ryan/76.wav,Ira,unknown,unknown,synthetic
lessac/normal/64.wav,Ira,lessac,normal,synthetic
ryan/52.wav,Ira,unknown,unknown,synthetic
lessac/normal/58.wav,Ira,lessac,normal,synthetic
hfc_female/normal/91.wav,Ira,hfc_female,normal,synthetic
ryan/95.wav,Ira,unknown,unknown,synthetic
hfc_male/normal/91.wav,Ira,hfc_male,normal,synthetic
hfc_female/119.wav,Ira,unknown,unknown,synthetic
amy/47.wav,Ira,unknown,unknown,synthetic
lessac/slow/7.wav,Ira,lessac,slow,synthetic
ryan/normal/91.wav,Ira,ryan,normal,synthetic
hfc_female/normal/22.wav,Ira,hfc_female,normal,synthetic
amy/19.wav,Ira,unknown,unknown,synthetic
hfc_female/fast/4.wav,Ira,hfc_female,fast,synthetic
ryan/normal/96.wav,Ira,ryan,normal,synthetic
test/1.wav,Ira,unknown,unknown,synthetic
hfc_female/normal/51.wav,Ira,hfc_female,normal,synthetic
ryan/normal/64.wav,Ira,ryan,normal,synthetic
hfc_female/normal/3.wav,Ira,hfc_female,normal,synthetic
lessac/3.wav,Ira,unknown,unknown,synthetic
amy/normal/51.wav,Ira,amy,normal,synthetic
amy/91.wav,Ira,unknown,unknown,synthetic
hfc_female/118.wav,Ira,unknown,unknown,synthetic
pilot100/31.wav,Ira,unknown,unknown,synthetic
lessac/normal/51.wav,Ira,lessac,normal,synthetic
hfc_male/1.wav,Ira,unknown,unknown,synthetic
amy/slow/5.wav,Ira,amy,slow,synthetic
hfc_male/43.wav,Ira,unknown,unknown,synthetic
lessac/normal/119.wav,Ira,lessac,normal,synthetic
hfc_female/111.wav,Ira,unknown,unknown,synthetic
hfc_male/normal/7.wav,Ira,hfc_male,normal,synthetic
lessac/normal/94.wav,Ira,lessac,normal,synthetic
hfc_female/normal/108.wav,Ira,hfc_female,normal,synthetic
amy/normal/4.wav,Ira,amy,normal,synthetic
hfc_male/normal/105.wav,Ira,hfc_male,normal,synthetic
hfc_male/normal/27.wav,Ira,hfc_male,normal,synthetic
ryan/36.wav,Ira,unknown,unknown,synthetic
hfc_male/slow/22.wav,Ira,hfc_male,slow,synthetic
amy/53.wav,Ira,unknown,unknown,synthetic
lessac/normal/18.wav,Ira,lessac,normal,synthetic
ryan/45.wav,Ira,unknown,unknown,synthetic
lessac/96.wav,Ira,unknown,unknown,synthetic
lessac/102.wav,Ira,unknown,unknown,synthetic
amy/normal/74.wav,Ira,amy,normal,synthetic
hfc_male/normal/68.wav,Ira,hfc_male,normal,synthetic
lessac/slow/37.wav,Ira,lessac,slow,synthetic
ryan/normal/10.wav,Ira,ryan,normal,synthetic
hfc_male/95.wav,Ira,unknown,unknown,synthetic
lessac/84.wav,Ira,unknown,unknown,synthetic
ryan/slow/1.wav,Ira,ryan,slow,synthetic
hfc_female/normal/34.wav,Ira,hfc_female,normal,synthetic
ryan/99.wav,Ira,unknown,unknown,synthetic
ryan/64.wav,Ira,unknown,unknown,synthetic
lessac/slow/20.wav,Ira,lessac,slow,synthetic
lessac/normal/90.wav,Ira,lessac,normal,synthetic
amy/2.wav,Ira,unknown,unknown,synthetic
pilot100/58.wav,Ira,unknown,unknown,synthetic
amy/93.wav,Ira,unknown,unknown,synthetic
hfc_male/fast/14.wav,Ira,hfc_male,fast,synthetic
lessac/65.wav,Ira,unknown,unknown,synthetic
ryan/19.wav,Ira,unknown,unknown,synthetic
hfc_male/slow/36.wav,Ira,hfc_male,slow,synthetic
lessac/normal/19.wav,Ira,lessac,normal,synthetic
amy/normal/64.wav,Ira,amy,normal,synthetic
pilot100/93.wav,Ira,unknown,unknown,synthetic
pilot100/16.wav,Ira,unknown,unknown,synthetic
hfc_male/102.wav,Ira,unknown,unknown,synthetic
amy/normal/18.wav,Ira,amy,normal,synthetic
hfc_female/normal/20.wav,Ira,hfc_female,normal,synthetic
pilot100/70.wav,Ira,unknown,unknown,synthetic
hfc_male/normal/11.wav,Ira,hfc_male,normal,synthetic
hfc_female/slow/4.wav,Ira,hfc_female,slow,synthetic
pilot100/8.wav,Ira,unknown,unknown,synthetic
hfc_male/normal/90.wav,Ira,hfc_male,normal,synthetic
ryan/slow/9.wav,Ira,ryan,slow,synthetic
hfc_female/normal/62.wav,Ira,hfc_female,normal,synthetic
lessac/52.wav,Ira,unknown,unknown,synthetic
hfc_male/slow/14.wav,Ira,hfc_male,slow,synthetic
ryan/normal/41.wav,Ira,ryan,normal,synthetic
ryan/fast/27.wav,Ira,ryan,fast,synthetic
hfc_female/normal/81.wav,Ira,hfc_female,normal,synthetic
hfc_female/normal/76.wav,Ira,hfc_female,normal,synthetic
hfc_female/slow/38.wav,Ira,hfc_female,slow,synthetic
hfc_male/slow/0.wav,Ira,hfc_male,slow,synthetic
ryan/109.wav,Ira,unknown,unknown,synthetic
hfc_female/13.wav,Ira,unknown,unknown,synthetic
lessac/116.wav,Ira,unknown,unknown,synthetic
hfc_female/normal/114.wav,Ira,hfc_female,normal,synthetic
amy/95.wav,Ira,unknown,unknown,synthetic
ryan/slow/12.wav,Ira,ryan,slow,synthetic
hfc_male/75.wav,Ira,unknown,unknown,synthetic
amy/25.wav,Ira,unknown,unknown,synthetic
hfc_female/normal/77.wav,Ira,hfc_female,normal,synthetic
amy/43.wav,Ira,unknown,unknown,synthetic
pilot100/49.wav,Ira,unknown,unknown,synthetic
lessac/34.wav,Ira,unknown,unknown,synthetic
hfc_male/105.wav,Ira,unknown,unknown,synthetic
lessac/normal/42.wav,Ira,lessac,normal,synthetic
lessac/slow/33.wav,Ira,lessac,slow,synthetic
amy/67.wav,Ira,unknown,unknown,synthetic
ryan/normal/85.wav,Ira,ryan,normal,synthetic
ryan/normal/8.wav,Ira,ryan,normal,synthetic
hfc_male/normal/102.wav,Ira,hfc_male,normal,synthetic
amy/normal/15.wav,Ira,amy,normal,synthetic
hfc_male/slow/24.wav,Ira,hfc_male,slow,synthetic
hfc_female/65.wav,Ira,unknown,unknown,synthetic
lessac/82.wav,Ira,unknown,unknown,synthetic
ryan/normal/26.wav,Ira,ryan,normal,synthetic
amy/71.wav,Ira,unknown,unknown,synthetic
hfc_male/99.wav,Ira,unknown,unknown,synthetic
hfc_female/47.wav,Ira,unknown,unknown,synthetic
lessac/28.wav,Ira,unknown,unknown,synthetic
lessac/72.wav,Ira,unknown,unknown,synthetic
hfc_male/normal/82.wav,Ira,hfc_male,normal,synthetic
amy/51.wav,Ira,unknown,unknown,synthetic
hfc_female/4.wav,Ira,unknown,unknown,synthetic
lessac/normal/25.wav,Ira,lessac,normal,synthetic
amy/slow/23.wav,Ira,amy,slow,synthetic
lessac/slow/39.wav,Ira,lessac,slow,synthetic
amy/normal/5.wav,Ira,amy,normal,synthetic
lessac/normal/54.wav,Ira,lessac,normal,synthetic
hfc_female/normal/58.wav,Ira,hfc_female,normal,synthetic
amy/116.wav,Ira,unknown,unknown,synthetic
hfc_male/40.wav,Ira,unknown,unknown,synthetic
lessac/67.wav,Ira,unknown,unknown,synthetic
amy/35.wav,Ira,unknown,unknown,synthetic
hfc_female/1.wav,Ira,unknown,unknown,synthetic
ryan/normal/56.wav,Ira,ryan,normal,synthetic
ryan/normal/63.wav,Ira,ryan,normal,synthetic
hfc_female/normal/96.wav,Ira,hfc_female,normal,synthetic
lessac/87.wav,Ira,unknown,unknown,synthetic
ryan/normal/53.wav,Ira,ryan,normal,synthetic
lessac/108.wav,Ira,unknown,unknown,synthetic
lessac/normal/2.wav,Ira,lessac,normal,synthetic
lessac/normal/21.wav,Ira,lessac,normal,synthetic
hfc_female/normal/103.wav,Ira,hfc_female,normal,synthetic
pilot100/97.wav,Ira,unknown,unknown,synthetic
amy/79.wav,Ira,unknown,unknown,synthetic
hfc_female/normal/74.wav,Ira,hfc_female,normal,synthetic
amy/92.wav,Ira,unknown,unknown,synthetic
hfc_male/slow/28.wav,Ira,hfc_male,slow,synthetic
hfc_male/116.wav,Ira,unknown,unknown,synthetic
hfc_female/normal/89.wav,Ira,hfc_female,normal,synthetic
hfc_male/slow/30.wav,Ira,hfc_male,slow,synthetic
hfc_female/71.wav,Ira,unknown,unknown,synthetic
hfc_female/60.wav,Ira,unknown,unknown,synthetic
lessac/33.wav,Ira,unknown,unknown,synthetic
lessac/slow/17.wav,Ira,lessac,slow,synthetic
ryan/normal/105.wav,Ira,ryan,normal,synthetic
lessac/55.wav,Ira,unknown,unknown,synthetic
amy/slow/36.wav,Ira,amy,slow,synthetic
amy/13.wav,Ira,unknown,unknown,synthetic
hfc_female/46.wav,Ira,unknown,unknown,synthetic
lessac/normal/112.wav,Ira,lessac,normal,synthetic
hfc_female/19.wav,Ira,unknown,unknown,synthetic
ryan/fast/4.wav,Ira,ryan,fast,synthetic
lessac/24.wav,Ira,unknown,unknown,synthetic
pilot100/72.wav,Ira,unknown,unknown,synthetic
lessac/54.wav,Ira,unknown,unknown,synthetic
hfc_male/69.wav,Ira,unknown,unknown,synthetic
ryan/normal/43.wav,Ira,ryan,normal,synthetic
hfc_female/normal/97.wav,Ira,hfc_female,normal,synthetic
ryan/normal/86.wav,Ira,ryan,normal,synthetic
hfc_female/slow/24.wav,Ira,hfc_female,slow,synthetic
hfc_female/25.wav,Ira,unknown,unknown,synthetic
amy/fast/37.wav,Ira,amy,fast,synthetic
ryan/normal/21.wav,Ira,ryan,normal,synthetic
hfc_male/normal/119.wav,Ira,hfc_male,normal,synthetic
ryan/normal/25.wav,Ira,ryan,normal,synthetic
hfc_male/normal/96.wav,Ira,hfc_male,normal,synthetic
hfc_male/slow/39.wav,Ira,hfc_male,slow,synthetic
hfc_male/fast/33.wav,Ira,hfc_male,fast,synthetic
ryan/fast/33.wav,Ira,ryan,fast,synthetic
pilot100/45.wav,Ira,unknown,unknown,synthetic
hfc_male/normal/26.wav,Ira,hfc_male,normal,synthetic
lessac/slow/12.wav,Ira,lessac,slow,synthetic
lessac/slow/35.wav,Ira,lessac,slow,synthetic
ryan/normal/34.wav,Ira,ryan,normal,synthetic
amy/normal/57.wav,Ira,amy,normal,synthetic
amy/fast/16.wav,Ira,amy,fast,synthetic
ryan/fast/7.wav,Ira,ryan,fast,synthetic
hfc_male/normal/84.wav,Ira,hfc_male,normal,synthetic
ryan/slow/2.wav,Ira,ryan,slow,synthetic
amy/fast/39.wav,Ira,amy,fast,synthetic
hfc_male/21.wav,Ira,unknown,unknown,synthetic
amy/normal/112.wav,Ira,amy,normal,synthetic
ryan/fast/11.wav,Ira,ryan,fast,synthetic
ryan/normal/32.wav,Ira,ryan,normal,synthetic
hfc_male/normal/110.wav,Ira,hfc_male,normal,synthetic
lessac/60.wav,Ira,unknown,unknown,synthetic
hfc_male/normal/18.wav,Ira,hfc_male,normal,synthetic
hfc_female/normal/54.wav,Ira,hfc_female,normal,synthetic
hfc_male/56.wav,Ira,unknown,unknown,synthetic
ryan/slow/5.wav,Ira,ryan,slow,synthetic
amy/normal/61.wav,Ira,amy,normal,synthetic
ryan/80.wav,Ira,unknown,unknown,synthetic
lessac/slow/18.wav,Ira,lessac,slow,synthetic
ryan/103.wav,Ira,unknown,unknown,synthetic
lessac/normal/44.wav,Ira,lessac,normal,synthetic
lessac/normal/99.wav,Ira,lessac,normal,synthetic
amy/normal/59.wav,Ira,amy,normal,synthetic
ryan/normal/107.wav,Ira,ryan,normal,synthetic
lessac/normal/97.wav,Ira,lessac,normal,synthetic
hfc_male/slow/10.wav,Ira,hfc_male,slow,synthetic
hfc_male/80.wav,Ira,unknown,unknown,synthetic
ryan/normal/58.wav,Ira,ryan,normal,synthetic
ryan/23.wav,Ira,unknown,unknown,synthetic
lessac/normal/52.wav,Ira,lessac,normal,synthetic
hfc_female/55.wav,Ira,unknown,unknown,synthetic
amy/63.wav,Ira,unknown,unknown,synthetic
lessac/slow/9.wav,Ira,lessac,slow,synthetic
amy/normal/110.wav,Ira,amy,normal,synthetic
amy/normal/12.wav,Ira,amy,normal,synthetic
hfc_male/64.wav,Ira,unknown,unknown,synthetic
amy/normal/72.wav,Ira,amy,normal,synthetic
lessac/normal/115.wav,Ira,lessac,normal,synthetic
hfc_female/fast/1.wav,Ira,hfc_female,fast,synthetic
hfc_female/48.wav,Ira,unknown,unknown,synthetic
ryan/85.wav,Ira,unknown,unknown,synthetic
amy/slow/27.wav,Ira,amy,slow,synthetic
amy/42.wav,Ira,unknown,unknown,synthetic
lessac/fast/5.wav,Ira,lessac,fast,synthetic
amy/33.wav,Ira,unknown,unknown,synthetic
ryan/fast/10.wav,Ira,ryan,fast,synthetic
amy/slow/32.wav,Ira,amy,slow,synthetic
amy/normal/107.wav,Ira,amy,normal,synthetic
hfc_female/fast/21.wav,Ira,hfc_female,fast,synthetic
hfc_female/normal/63.wav,Ira,hfc_female,normal,synthetic
amy/81.wav,Ira,unknown,unknown,synthetic
hfc_female/fast/12.wav,Ira,hfc_female,fast,synthetic
amy/74.wav,Ira,unknown,unknown,synthetic
hfc_male/normal/13.wav,Ira,hfc_male,normal,synthetic
ryan/normal/88.wav,Ira,ryan,normal,synthetic
amy/normal/63.wav,Ira,amy,normal,synthetic
lessac/0.wav,Ira,unknown,unknown,synthetic
amy/23.wav,Ira,unknown,unknown,synthetic
lessac/normal/26.wav,Ira,lessac,normal,synthetic
hfc_female/101.wav,Ira,unknown,unknown,synthetic
hfc_male/fast/2.wav,Ira,hfc_male,fast,synthetic
hfc_male/normal/115.wav,Ira,hfc_male,normal,synthetic
hfc_female/112.wav,Ira,unknown,unknown,synthetic
hfc_male/44.wav,Ira,unknown,unknown,synthetic
lessac/normal/13.wav,Ira,lessac,normal,synthetic
hfc_female/14.wav,Ira,unknown,unknown,synthetic
pilot100/42.wav,Ira,unknown,unknown,synthetic
hfc_male/normal/100.wav,Ira,hfc_male,normal,synthetic
hfc_male/9.wav,Ira,unknown,unknown,synthetic
lessac/fast/27.wav,Ira,lessac,fast,synthetic
hfc_female/80.wav,Ira,unknown,unknown,synthetic
amy/fast/33.wav,Ira,amy,fast,synthetic
amy/111.wav,Ira,unknown,unknown,synthetic
hfc_male/slow/15.wav,Ira,hfc_male,slow,synthetic
ryan/normal/19.wav,Ira,ryan,normal,synthetic
ryan/fast/32.wav,Ira,ryan,fast,synthetic
hfc_female/fast/18.wav,Ira,hfc_female,fast,synthetic
ryan/89.wav,Ira,unknown,unknown,synthetic
hfc_female/115.wav,Ira,unknown,unknown,synthetic
pilot100/14.wav,Ira,unknown,unknown,synthetic
hfc_male/normal/6.wav,Ira,hfc_male,normal,synthetic
hfc_male/114.wav,Ira,unknown,unknown,synthetic
hfc_male/118.wav,Ira,unknown,unknown,synthetic
lessac/normal/41.wav,Ira,lessac,normal,synthetic
lessac/normal/85.wav,Ira,lessac,normal,synthetic
hfc_female/54.wav,Ira,unknown,unknown,synthetic
ryan/18.wav,Ira,unknown,unknown,synthetic
lessac/fast/37.wav,Ira,lessac,fast,synthetic
amy/30.wav,Ira,unknown,unknown,synthetic
hfc_female/81.wav,Ira,unknown,unknown,synthetic
hfc_male/73.wav,Ira,unknown,unknown,synthetic
hfc_male/normal/62.wav,Ira,hfc_male,normal,synthetic
amy/normal/67.wav,Ira,amy,normal,synthetic
ryan/39.wav,Ira,unknown,unknown,synthetic
hfc_female/106.wav,Ira,unknown,unknown,synthetic
lessac/normal/88.wav,Ira,lessac,normal,synthetic
hfc_female/50.wav,Ira,unknown,unknown,synthetic
lessac/fast/24.wav,Ira,lessac,fast,synthetic
lessac/normal/36.wav,Ira,lessac,normal,synthetic
ryan/111.wav,Ira,unknown,unknown,synthetic
hfc_female/20.wav,Ira,unknown,unknown,synthetic
lessac/normal/61.wav,Ira,lessac,normal,synthetic
lessac/normal/0.wav,Ira,lessac,normal,synthetic
test/3.wav,Ira,unknown,unknown,synthetic
lessac/93.wav,Ira,unknown,unknown,synthetic
lessac/normal/27.wav,Ira,lessac,normal,synthetic
pilot100/69.wav,Ira,unknown,unknown,synthetic
hfc_male/78.wav,Ira,unknown,unknown,synthetic
ryan/normal/67.wav,Ira,ryan,normal,synthetic
hfc_female/slow/6.wav,Ira,hfc_female,slow,synthetic
hfc_female/normal/26.wav,Ira,hfc_female,normal,synthetic
hfc_male/normal/0.wav,Ira,hfc_male,normal,synthetic
hfc_female/85.wav,Ira,unknown,unknown,synthetic
hfc_male/normal/77.wav,Ira,hfc_male,normal,synthetic
amy/55.wav,Ira,unknown,unknown,synthetic
ryan/30.wav,Ira,unknown,unknown,synthetic
hfc_female/normal/27.wav,Ira,hfc_female,normal,synthetic
hfc_male/normal/73.wav,Ira,hfc_male,normal,synthetic
lessac/normal/4.wav,Ira,lessac,normal,synthetic
pilot100/52.wav,Ira,unknown,unknown,synthetic
hfc_male/fast/10.wav,Ira,hfc_male,fast,synthetic
hfc_female/fast/33.wav,Ira,hfc_female,fast,synthetic
hfc_male/slow/5.wav,Ira,hfc_male,slow,synthetic
hfc_female/normal/100.wav,Ira,hfc_female,normal,synthetic
hfc_female/normal/110.wav,Ira,hfc_female,normal,synthetic
hfc_female/86.wav,Ira,unknown,unknown,synthetic
amy/normal/99.wav,Ira,amy,normal,synthetic
pilot100/87.wav,Ira,unknown,unknown,synthetic
lessac/fast/13.wav,Ira,lessac,fast,synthetic
hfc_male/71.wav,Ira,unknown,unknown,synthetic
amy/fast/7.wav,Ira,amy,fast,synthetic
ryan/106.wav,Ira,unknown,unknown,synthetic
hfc_female/fast/38.wav,Ira,hfc_female,fast,synthetic
hfc_male/fast/5.wav,Ira,hfc_male,fast,synthetic
hfc_male/65.wav,Ira,unknown,unknown,synthetic
hfc_male/normal/58.wav,Ira,hfc_male,normal,synthetic
hfc_female/79.wav,Ira,unknown,unknown,synthetic
hfc_male/90.wav,Ira,unknown,unknown,synthetic
ryan/107.wav,Ira,unknown,unknown,synthetic
hfc_female/normal/67.wav,Ira,hfc_female,normal,synthetic
lessac/89.wav,Ira,unknown,unknown,synthetic
amy/normal/10.wav,Ira,amy,normal,synthetic
hfc_male/92.wav,Ira,unknown,unknown,synthetic
hfc_female/slow/3.wav,Ira,hfc_female,slow,synthetic
hfc_male/normal/9.wav,Ira,hfc_male,normal,synthetic
ryan/5.wav,Ira,unknown,unknown,synthetic
hfc_female/normal/112.wav,Ira,hfc_female,normal,synthetic
ryan/normal/46.wav,Ira,ryan,normal,synthetic
amy/slow/21.wav,Ira,amy,slow,synthetic
amy/fast/21.wav,Ira,amy,fast,synthetic
lessac/normal/55.wav,Ira,lessac,normal,synthetic
lessac/fast/9.wav,Ira,lessac,fast,synthetic
amy/normal/34.wav,Ira,amy,normal,synthetic
lessac/91.wav,Ira,unknown,unknown,synthetic
pilot100/11.wav,Ira,unknown,unknown,synthetic
lessac/normal/33.wav,Ira,lessac,normal,synthetic
hfc_female/slow/7.wav,Ira,hfc_female,slow,synthetic
hfc_male/slow/35.wav,Ira,hfc_male,slow,synthetic
lessac/fast/34.wav,Ira,lessac,fast,synthetic
amy/normal/2.wav,Ira,amy,normal,synthetic
lessac/normal/22.wav,Ira,lessac,normal,synthetic
ryan/86.wav,Ira,unknown,unknown,synthetic
lessac/fast/19.wav,Ira,lessac,fast,synthetic
hfc_female/normal/59.wav,Ira,hfc_female,normal,synthetic
ryan/fast/17.wav,Ira,ryan,fast,synthetic
hfc_female/normal/32.wav,Ira,hfc_female,normal,synthetic
hfc_female/75.wav,Ira,unknown,unknown,synthetic
ryan/fast/0.wav,Ira,ryan,fast,synthetic
hfc_female/108.wav,Ira,unknown,unknown,synthetic
lessac/98.wav,Ira,unknown,unknown,synthetic
pilot100/83.wav,Ira,unknown,unknown,synthetic
pilot100/66.wav,Ira,unknown,unknown,synthetic
hfc_female/fast/31.wav,Ira,hfc_female,fast,synthetic
amy/24.wav,Ira,unknown,unknown,synthetic
pilot100/64.wav,Ira,unknown,unknown,synthetic
hfc_male/slow/20.wav,Ira,hfc_male,slow,synthetic
hfc_male/55.wav,Ira,unknown,unknown,synthetic
ryan/70.wav,Ira,unknown,unknown,synthetic
hfc_female/82.wav,Ira,unknown,unknown,synthetic
ryan/105.wav,Ira,unknown,unknown,synthetic
pilot100/80.wav,Ira,unknown,unknown,synthetic
amy/88.wav,Ira,unknown,unknown,synthetic
hfc_female/105.wav,Ira,unknown,unknown,synthetic
hfc_female/117.wav,Ira,unknown,unknown,synthetic
lessac/slow/24.wav,Ira,lessac,slow,synthetic
lessac/normal/37.wav,Ira,lessac,normal,synthetic
hfc_male/29.wav,Ira,unknown,unknown,synthetic
lessac/64.wav,Ira,unknown,unknown,synthetic
hfc_male/fast/38.wav,Ira,hfc_male,fast,synthetic
hfc_male/slow/34.wav,Ira,hfc_male,slow,synthetic
hfc_male/slow/18.wav,Ira,hfc_male,slow,synthetic
hfc_female/normal/99.wav,Ira,hfc_female,normal,synthetic
amy/normal/13.wav,Ira,amy,normal,synthetic
amy/slow/12.wav,Ira,amy,slow,synthetic
hfc_female/fast/2.wav,Ira,hfc_female,fast,synthetic
hfc_male/15.wav,Ira,unknown,unknown,synthetic
hfc_female/normal/37.wav,Ira,hfc_female,normal,synthetic
hfc_male/83.wav,Ira,unknown,unknown,synthetic
amy/normal/115.wav,Ira,amy,normal,synthetic
ryan/fast/30.wav,Ira,ryan,fast,synthetic
hfc_male/fast/36.wav,Ira,hfc_male,fast,synthetic
ryan/normal/68.wav,Ira,ryan,normal,synthetic
amy/117.wav,Ira,unknown,unknown,synthetic
ryan/fast/38.wav,Ira,ryan,fast,synthetic
lessac/20.wav,Ira,unknown,unknown,synthetic
ryan/fast/9.wav,Ira,ryan,fast,synthetic
ryan/normal/78.wav,Ira,ryan,normal,synthetic
pilot100/98.wav,Ira,unknown,unknown,synthetic
amy/normal/78.wav,Ira,amy,normal,synthetic
hfc_female/slow/25.wav,Ira,hfc_female,slow,synthetic
hfc_male/slow/13.wav,Ira,hfc_male,slow,synthetic
hfc_female/fast/10.wav,Ira,hfc_female,fast,synthetic
lessac/97.wav,Ira,unknown,unknown,synthetic
hfc_female/slow/2.wav,Ira,hfc_female,slow,synthetic
pilot100/85.wav,Ira,unknown,unknown,synthetic
ryan/119.wav,Ira,unknown,unknown,synthetic
ryan/normal/22.wav,Ira,ryan,normal,synthetic
ryan/normal/49.wav,Ira,ryan,normal,synthetic
hfc_female/normal/2.wav,Ira,hfc_female,normal,synthetic
amy/normal/98.wav,Ira,amy,normal,synthetic
hfc_female/74.wav,Ira,unknown,unknown,synthetic
lessac/normal/95.wav,Ira,lessac,normal,synthetic
hfc_male/85.wav,Ira,unknown,unknown,synthetic
hfc_female/fast/9.wav,Ira,hfc_female,fast,synthetic
lessac/fast/1.wav,Ira,lessac,fast,synthetic
lessac/fast/31.wav,Ira,lessac,fast,synthetic
ryan/normal/50.wav,Ira,ryan,normal,synthetic
lessac/32.wav,Ira,unknown,unknown,synthetic
hfc_female/slow/17.wav,Ira,hfc_female,slow,synthetic
amy/slow/4.wav,Ira,amy,slow,synthetic
amy/normal/106.wav,Ira,amy,normal,synthetic
ryan/slow/26.wav,Ira,ryan,slow,synthetic
ryan/normal/83.wav,Ira,ryan,normal,synthetic
ryan/6.wav,Ira,unknown,unknown,synthetic
amy/normal/92.wav,Ira,amy,normal,synthetic
ryan/65.wav,Ira,unknown,unknown,synthetic
ryan/normal/103.wav,Ira,ryan,normal,synthetic
amy/normal/54.wav,Ira,amy,normal,synthetic
pilot100/22.wav,Ira,unknown,unknown,synthetic
lessac/30.wav,Ira,unknown,unknown,synthetic
lessac/99.wav,Ira,unknown,unknown,synthetic
amy/normal/29.wav,Ira,amy,normal,synthetic
lessac/10.wav,Ira,unknown,unknown,synthetic
ryan/40.wav,Ira,unknown,unknown,synthetic
ryan/normal/65.wav,Ira,ryan,normal,synthetic
hfc_male/normal/24.wav,Ira,hfc_male,normal,synthetic
amy/normal/62.wav,Ira,amy,normal,synthetic
hfc_male/48.wav,Ira,unknown,unknown,synthetic
amy/56.wav,Ira,unknown,unknown,synthetic
hfc_male/normal/4.wav,Ira,hfc_male,normal,synthetic
hfc_male/normal/40.wav,Ira,hfc_male,normal,synthetic
hfc_male/normal/17.wav,Ira,hfc_male,normal,synthetic
hfc_male/66.wav,Ira,unknown,unknown,synthetic
amy/slow/22.wav,Ira,amy,slow,synthetic
amy/normal/60.wav,Ira,amy,normal,synthetic
amy/20.wav,Ira,unknown,unknown,synthetic
amy/slow/25.wav,Ira,amy,slow,synthetic
pilot100/5.wav,Ira,unknown,unknown,synthetic
hfc_female/slow/16.wav,Ira,hfc_female,slow,synthetic
hfc_male/5.wav,Ira,unknown,unknown,synthetic
hfc_male/fast/19.wav,Ira,hfc_male,fast,synthetic
ryan/3.wav,Ira,unknown,unknown,synthetic
amy/10.wav,Ira,unknown,unknown,synthetic
hfc_male/93.wav,Ira,unknown,unknown,synthetic
amy/6.wav,Ira,unknown,unknown,synthetic
hfc_female/normal/68.wav,Ira,hfc_female,normal,synthetic
amy/normal/113.wav,Ira,amy,normal,synthetic
pilot100/74.wav,Ira,unknown,unknown,synthetic
amy/normal/0.wav,Ira,amy,normal,synthetic
amy/66.wav,Ira,unknown,unknown,synthetic
ryan/normal/62.wav,Ira,ryan,normal,synthetic
ryan/46.wav,Ira,unknown,unknown,synthetic
amy/normal/41.wav,Ira,amy,normal,synthetic
hfc_male/0.wav,Ira,unknown,unknown,synthetic
pilot100/29.wav,Ira,unknown,unknown,synthetic
amy/82.wav,Ira,unknown,unknown,synthetic
hfc_male/97.wav,Ira,unknown,unknown,synthetic
test/9.wav,Ira,unknown,unknown,synthetic
ryan/slow/38.wav,Ira,ryan,slow,synthetic
lessac/normal/15.wav,Ira,lessac,normal,synthetic
hfc_female/normal/83.wav,Ira,hfc_female,normal,synthetic
lessac/49.wav,Ira,unknown,unknown,synthetic
hfc_female/99.wav,Ira,unknown,unknown,synthetic
hfc_female/slow/10.wav,Ira,hfc_female,slow,synthetic
amy/slow/30.wav,Ira,amy,slow,synthetic
hfc_female/fast/20.wav,Ira,hfc_female,fast,synthetic
ryan/81.wav,Ira,unknown,unknown,synthetic
ryan/normal/17.wav,Ira,ryan,normal,synthetic
hfc_female/normal/40.wav,Ira,hfc_female,normal,synthetic
amy/normal/55.wav,Ira,amy,normal,synthetic
lessac/normal/46.wav,Ira,lessac,normal,synthetic
ryan/normal/48.wav,Ira,ryan,normal,synthetic
lessac/35.wav,Ira,unknown,unknown,synthetic
hfc_female/87.wav,Ira,unknown,unknown,synthetic
lessac/normal/80.wav,Ira,lessac,normal,synthetic
amy/fast/1.wav,Ira,amy,fast,synthetic
amy/normal/76.wav,Ira,amy,normal,synthetic
ryan/fast/37.wav,Ira,ryan,fast,synthetic
amy/slow/37.wav,Ira,amy,slow,synthetic
hfc_female/normal/78.wav,Ira,hfc_female,normal,synthetic
amy/fast/38.wav,Ira,amy,fast,synthetic
amy/fast/5.wav,Ira,amy,fast,synthetic
ryan/slow/32.wav,Ira,ryan,slow,synthetic
pilot100/19.wav,Ira,unknown,unknown,synthetic
ryan/normal/31.wav,Ira,ryan,normal,synthetic
hfc_female/normal/90.wav,Ira,hfc_female,normal,synthetic
amy/59.wav,Ira,unknown,unknown,synthetic
hfc_female/normal/119.wav,Ira,hfc_female,normal,synthetic
hfc_female/72.wav,Ira,unknown,unknown,synthetic
amy/50.wav,Ira,unknown,unknown,synthetic
pilot100/82.wav,Ira,unknown,unknown,synthetic
ryan/normal/2.wav,Ira,ryan,normal,synthetic
amy/normal/8.wav,Ira,amy,normal,synthetic
amy/38.wav,Ira,unknown,unknown,synthetic
amy/normal/16.wav,Ira,amy,normal,synthetic
hfc_male/normal/80.wav,Ira,hfc_male,normal,synthetic
lessac/9.wav,Ira,unknown,unknown,synthetic
ryan/fast/1.wav,Ira,ryan,fast,synthetic
lessac/normal/77.wav,Ira,lessac,normal,synthetic
amy/slow/19.wav,Ira,amy,slow,synthetic
lessac/normal/30.wav,Ira,lessac,normal,synthetic
ryan/32.wav,Ira,unknown,unknown,synthetic
amy/86.wav,Ira,unknown,unknown,synthetic
hfc_male/normal/61.wav,Ira,hfc_male,normal,synthetic
hfc_male/fast/18.wav,Ira,hfc_male,fast,synthetic
hfc_male/11.wav,Ira,unknown,unknown,synthetic
pilot100/24.wav,Ira,unknown,unknown,synthetic
ryan/normal/27.wav,Ira,ryan,normal,synthetic
amy/slow/26.wav,Ira,amy,slow,synthetic
ryan/normal/81.wav,Ira,ryan,normal,synthetic
lessac/76.wav,Ira,unknown,unknown,synthetic
amy/32.wav,Ira,unknown,unknown,synthetic
amy/slow/0.wav,Ira,amy,slow,synthetic
ryan/normal/29.wav,Ira,ryan,normal,synthetic
pilot100/20.wav,Ira,unknown,unknown,synthetic
ryan/slow/17.wav,Ira,ryan,slow,synthetic
ryan/61.wav,Ira,unknown,unknown,synthetic
amy/slow/35.wav,Ira,amy,slow,synthetic
amy/normal/119.wav,Ira,amy,normal,synthetic
hfc_female/35.wav,Ira,unknown,unknown,synthetic
amy/normal/56.wav,Ira,amy,normal,synthetic
lessac/slow/29.wav,Ira,lessac,slow,synthetic
ryan/38.wav,Ira,unknown,unknown,synthetic
lessac/70.wav,Ira,unknown,unknown,synthetic
amy/slow/17.wav,Ira,amy,slow,synthetic
lessac/92.wav,Ira,unknown,unknown,synthetic
hfc_female/normal/42.wav,Ira,hfc_female,normal,synthetic
ryan/normal/70.wav,Ira,ryan,normal,synthetic
hfc_female/slow/11.wav,Ira,hfc_female,slow,synthetic
ryan/normal/13.wav,Ira,ryan,normal,synthetic
ryan/normal/54.wav,Ira,ryan,normal,synthetic
ryan/0.wav,Ira,unknown,unknown,synthetic
lessac/slow/31.wav,Ira,lessac,slow,synthetic
ryan/normal/95.wav,Ira,ryan,normal,synthetic
amy/normal/23.wav,Ira,amy,normal,synthetic
pilot100/12.wav,Ira,unknown,unknown,synthetic
hfc_male/50.wav,Ira,unknown,unknown,synthetic
hfc_male/fast/27.wav,Ira,hfc_male,fast,synthetic
ryan/normal/36.wav,Ira,ryan,normal,synthetic
hfc_male/fast/0.wav,Ira,hfc_male,fast,synthetic
amy/fast/10.wav,Ira,amy,fast,synthetic
pilot100/37.wav,Ira,unknown,unknown,synthetic
amy/normal/24.wav,Ira,amy,normal,synthetic
hfc_male/8.wav,Ira,unknown,unknown,synthetic
lessac/42.wav,Ira,unknown,unknown,synthetic
lessac/normal/63.wav,Ira,lessac,normal,synthetic
ryan/92.wav,Ira,unknown,unknown,synthetic
hfc_male/normal/52.wav,Ira,hfc_male,normal,synthetic
lessac/73.wav,Ira,unknown,unknown,synthetic
hfc_female/fast/30.wav,Ira,hfc_female,fast,synthetic
pilot100/78.wav,Ira,unknown,unknown,synthetic
lessac/normal/103.wav,Ira,lessac,normal,synthetic
ryan/73.wav,Ira,unknown,unknown,synthetic
test/5.wav,Ira,unknown,unknown,synthetic
hfc_male/fast/11.wav,Ira,hfc_male,fast,synthetic
ryan/normal/30.wav,Ira,ryan,normal,synthetic
hfc_female/2.wav,Ira,unknown,unknown,synthetic
lessac/normal/70.wav,Ira,lessac,normal,synthetic
pilot100/10.wav,Ira,unknown,unknown,synthetic
lessac/46.wav,Ira,unknown,unknown,synthetic
lessac/37.wav,Ira,unknown,unknown,synthetic
hfc_female/normal/95.wav,Ira,hfc_female,normal,synthetic
hfc_male/26.wav,Ira,unknown,unknown,synthetic
ryan/fast/21.wav,Ira,ryan,fast,synthetic
hfc_male/normal/97.wav,Ira,hfc_male,normal,synthetic
hfc_male/52.wav,Ira,unknown,unknown,synthetic
hfc_female/76.wav,Ira,unknown,unknown,synthetic
amy/normal/50.wav,Ira,amy,normal,synthetic
lessac/normal/12.wav,Ira,lessac,normal,synthetic
amy/77.wav,Ira,unknown,unknown,synthetic
amy/113.wav,Ira,unknown,unknown,synthetic
hfc_male/normal/108.wav,Ira,hfc_male,normal,synthetic
hfc_female/fast/25.wav,Ira,hfc_female,fast,synthetic
hfc_female/normal/118.wav,Ira,hfc_female,normal,synthetic
hfc_male/70.wav,Ira,unknown,unknown,synthetic
hfc_male/117.wav,Ira,unknown,unknown,synthetic
ryan/51.wav,Ira,unknown,unknown,synthetic
lessac/118.wav,Ira,unknown,unknown,synthetic
amy/normal/69.wav,Ira,amy,normal,synthetic
pilot100/81.wav,Ira,unknown,unknown,synthetic
hfc_female/normal/70.wav,Ira,hfc_female,normal,synthetic
pilot100/4.wav,Ira,unknown,unknown,synthetic
pilot100/18.wav,Ira,unknown,unknown,synthetic
hfc_male/79.wav,Ira,unknown,unknown,synthetic
ryan/71.wav,Ira,unknown,unknown,synthetic
amy/7.wav,Ira,unknown,unknown,synthetic
amy/normal/22.wav,Ira,amy,normal,synthetic
hfc_female/normal/35.wav,Ira,hfc_female,normal,synthetic
amy/107.wav,Ira,unknown,unknown,synthetic
ryan/fast/24.wav,Ira,ryan,fast,synthetic
amy/slow/10.wav,Ira,amy,slow,synthetic
hfc_male/61.wav,Ira,unknown,unknown,synthetic
hfc_female/slow/18.wav,Ira,hfc_female,slow,synthetic
amy/slow/14.wav,Ira,amy,slow,synthetic
hfc_female/16.wav,Ira,unknown,unknown,synthetic
amy/normal/85.wav,Ira,amy,normal,synthetic
lessac/normal/84.wav,Ira,lessac,normal,synthetic
hfc_female/3.wav,Ira,unknown,unknown,synthetic
ryan/fast/28.wav,Ira,ryan,fast,synthetic
lessac/normal/109.wav,Ira,lessac,normal,synthetic
ryan/normal/116.wav,Ira,ryan,normal,synthetic
lessac/slow/14.wav,Ira,lessac,slow,synthetic
hfc_male/normal/55.wav,Ira,hfc_male,normal,synthetic
lessac/51.wav,Ira,unknown,unknown,synthetic
amy/17.wav,Ira,unknown,unknown,synthetic
hfc_female/12.wav,Ira,unknown,unknown,synthetic
pilot100/96.wav,Ira,unknown,unknown,synthetic
hfc_male/30.wav,Ira,unknown,unknown,synthetic
hfc_female/slow/30.wav,Ira,hfc_female,slow,synthetic
ryan/fast/5.wav,Ira,ryan,fast,synthetic
hfc_female/fast/5.wav,Ira,hfc_female,fast,synthetic
hfc_male/fast/16.wav,Ira,hfc_male,fast,synthetic
amy/normal/71.wav,Ira,amy,normal,synthetic
hfc_female/fast/28.wav,Ira,hfc_female,fast,synthetic
hfc_male/normal/83.wav,Ira,hfc_male,normal,synthetic
ryan/normal/23.wav,Ira,ryan,normal,synthetic
ryan/normal/93.wav,Ira,ryan,normal,synthetic
lessac/18.wav,Ira,unknown,unknown,synthetic
amy/normal/73.wav,Ira,amy,normal,synthetic
hfc_male/normal/56.wav,Ira,hfc_male,normal,synthetic
lessac/slow/6.wav,Ira,lessac,slow,synthetic
amy/normal/94.wav,Ira,amy,normal,synthetic
lessac/119.wav,Ira,unknown,unknown,synthetic
hfc_male/89.wav,Ira,unknown,unknown,synthetic
hfc_male/normal/31.wav,Ira,hfc_male,normal,synthetic
hfc_female/fast/14.wav,Ira,hfc_female,fast,synthetic
lessac/40.wav,Ira,unknown,unknown,synthetic
hfc_female/normal/111.wav,Ira,hfc_female,normal,synthetic
hfc_male/fast/39.wav,Ira,hfc_male,fast,synthetic
hfc_female/normal/55.wav,Ira,hfc_female,normal,synthetic
hfc_male/normal/15.wav,Ira,hfc_male,normal,synthetic
hfc_female/slow/36.wav,Ira,hfc_female,slow,synthetic
amy/normal/96.wav,Ira,amy,normal,synthetic
hfc_male/14.wav,Ira,unknown,unknown,synthetic
lessac/normal/73.wav,Ira,lessac,normal,synthetic
hfc_male/91.wav,Ira,unknown,unknown,synthetic
amy/normal/116.wav,Ira,amy,normal,synthetic
pilot100/94.wav,Ira,unknown,unknown,synthetic
amy/fast/6.wav,Ira,amy,fast,synthetic
lessac/slow/19.wav,Ira,lessac,slow,synthetic
hfc_female/fast/36.wav,Ira,hfc_female,fast,synthetic
lessac/normal/113.wav,Ira,lessac,normal,synthetic
hfc_male/normal/92.wav,Ira,hfc_male,normal,synthetic
hfc_male/107.wav,Ira,unknown,unknown,synthetic
hfc_female/36.wav,Ira,unknown,unknown,synthetic
hfc_female/fast/11.wav,Ira,hfc_female,fast,synthetic
amy/89.wav,Ira,unknown,unknown,synthetic
lessac/normal/117.wav,Ira,lessac,normal,synthetic
hfc_male/normal/29.wav,Ira,hfc_male,normal,synthetic
lessac/normal/3.wav,Ira,lessac,normal,synthetic
hfc_male/normal/53.wav,Ira,hfc_male,normal,synthetic
lessac/94.wav,Ira,unknown,unknown,synthetic
hfc_female/17.wav,Ira,unknown,unknown,synthetic
ryan/fast/15.wav,Ira,ryan,fast,synthetic
hfc_female/normal/25.wav,Ira,hfc_female,normal,synthetic
amy/54.wav,Ira,unknown,unknown,synthetic
hfc_female/44.wav,Ira,unknown,unknown,synthetic
lessac/fast/12.wav,Ira,lessac,fast,synthetic
lessac/fast/16.wav,Ira,lessac,fast,synthetic
hfc_female/normal/5.wav,Ira,hfc_female,normal,synthetic
hfc_female/22.wav,Ira,unknown,unknown,synthetic
amy/29.wav,Ira,unknown,unknown,synthetic
hfc_male/normal/1.wav,Ira,hfc_male,normal,synthetic
hfc_female/normal/80.wav,Ira,hfc_female,normal,synthetic
hfc_male/normal/111.wav,Ira,hfc_male,normal,synthetic
amy/fast/11.wav,Ira,amy,fast,synthetic
lessac/normal/43.wav,Ira,lessac,normal,synthetic
pilot100/55.wav,Ira,unknown,unknown,synthetic
hfc_male/45.wav,Ira,unknown,unknown,synthetic
lessac/normal/105.wav,Ira,lessac,normal,synthetic
lessac/fast/2.wav,Ira,lessac,fast,synthetic
hfc_male/fast/37.wav,Ira,hfc_male,fast,synthetic
hfc_male/57.wav,Ira,unknown,unknown,synthetic
ryan/normal/111.wav,Ira,ryan,normal,synthetic
lessac/normal/1.wav,Ira,lessac,normal,synthetic
ryan/37.wav,Ira,unknown,unknown,synthetic
hfc_male/normal/36.wav,Ira,hfc_male,normal,synthetic
ryan/66.wav,Ira,unknown,unknown,synthetic
hfc_female/slow/14.wav,Ira,hfc_female,slow,synthetic
amy/60.wav,Ira,unknown,unknown,synthetic
amy/normal/3.wav,Ira,amy,normal,synthetic
lessac/slow/22.wav,Ira,lessac,slow,synthetic
lessac/101.wav,Ira,unknown,unknown,synthetic
hfc_female/69.wav,Ira,unknown,unknown,synthetic
hfc_female/49.wav,Ira,unknown,unknown,synthetic
lessac/117.wav,Ira,unknown,unknown,synthetic
ryan/normal/18.wav,Ira,ryan,normal,synthetic
hfc_male/39.wav,Ira,unknown,unknown,synthetic
hfc_female/normal/9.wav,Ira,hfc_female,normal,synthetic
amy/slow/9.wav,Ira,amy,slow,synthetic
lessac/fast/8.wav,Ira,lessac,fast,synthetic
amy/14.wav,Ira,unknown,unknown,synthetic
ryan/normal/74.wav,Ira,ryan,normal,synthetic
ryan/31.wav,Ira,unknown,unknown,synthetic
pilot100/23.wav,Ira,unknown,unknown,synthetic
lessac/15.wav,Ira,unknown,unknown,synthetic
pilot100/44.wav,Ira,unknown,unknown,synthetic
hfc_male/normal/25.wav,Ira,hfc_male,normal,synthetic
lessac/83.wav,Ira,unknown,unknown,synthetic
lessac/44.wav,Ira,unknown,unknown,synthetic
ryan/slow/21.wav,Ira,ryan,slow,synthetic
ryan/fast/20.wav,Ira,ryan,fast,synthetic
lessac/14.wav,Ira,unknown,unknown,synthetic
hfc_female/slow/28.wav,Ira,hfc_female,slow,synthetic
hfc_female/slow/27.wav,Ira,hfc_female,slow,synthetic
lessac/75.wav,Ira,unknown,unknown,synthetic
hfc_female/42.wav,Ira,unknown,unknown,synthetic
hfc_male/fast/31.wav,Ira,hfc_male,fast,synthetic
ryan/91.wav,Ira,unknown,unknown,synthetic
lessac/56.wav,Ira,unknown,unknown,synthetic
ryan/normal/72.wav,Ira,ryan,normal,synthetic
ryan/24.wav,Ira,unknown,unknown,synthetic
lessac/107.wav,Ira,unknown,unknown,synthetic
pilot100/21.wav,Ira,unknown,unknown,synthetic
pilot100/89.wav,Ira,unknown,unknown,synthetic
hfc_male/31.wav,Ira,unknown,unknown,synthetic
ryan/slow/8.wav,Ira,ryan,slow,synthetic
amy/fast/17.wav,Ira,amy,fast,synthetic
pilot100/6.wav,Ira,unknown,unknown,synthetic
lessac/fast/17.wav,Ira,lessac,fast,synthetic
amy/28.wav,Ira,unknown,unknown,synthetic
lessac/normal/91.wav,Ira,lessac,normal,synthetic
ryan/normal/6.wav,Ira,ryan,normal,synthetic
amy/48.wav,Ira,unknown,unknown,synthetic
amy/65.wav,Ira,unknown,unknown,synthetic
pilot100/40.wav,Ira,unknown,unknown,synthetic
hfc_female/fast/26.wav,Ira,hfc_female,fast,synthetic
lessac/normal/9.wav,Ira,lessac,normal,synthetic
amy/87.wav,Ira,unknown,unknown,synthetic
ryan/fast/13.wav,Ira,ryan,fast,synthetic
lessac/normal/93.wav,Ira,lessac,normal,synthetic
pilot100/68.wav,Ira,unknown,unknown,synthetic
hfc_female/normal/23.wav,Ira,hfc_female,normal,synthetic
hfc_male/normal/48.wav,Ira,hfc_male,normal,synthetic
ryan/normal/7.wav,Ira,ryan,normal,synthetic
lessac/normal/23.wav,Ira,lessac,normal,synthetic
hfc_male/37.wav,Ira,unknown,unknown,synthetic
hfc_male/17.wav,Ira,unknown,unknown,synthetic
ryan/100.wav,Ira,unknown,unknown,synthetic
ryan/83.wav,Ira,unknown,unknown,synthetic
hfc_male/18.wav,Ira,unknown,unknown,synthetic
lessac/normal/38.wav,Ira,lessac,normal,synthetic
hfc_female/normal/38.wav,Ira,hfc_female,normal,synthetic
lessac/normal/100.wav,Ira,lessac,normal,synthetic
hfc_female/38.wav,Ira,unknown,unknown,synthetic
hfc_male/slow/31.wav,Ira,hfc_male,slow,synthetic
amy/normal/97.wav,Ira,amy,normal,synthetic
ryan/normal/16.wav,Ira,ryan,normal,synthetic
amy/normal/108.wav,Ira,amy,normal,synthetic
lessac/78.wav,Ira,unknown,unknown,synthetic
hfc_male/normal/103.wav,Ira,hfc_male,normal,synthetic
amy/40.wav,Ira,unknown,unknown,synthetic
lessac/slow/27.wav,Ira,lessac,slow,synthetic
hfc_male/slow/7.wav,Ira,hfc_male,slow,synthetic
ryan/88.wav,Ira,unknown,unknown,synthetic
hfc_male/normal/16.wav,Ira,hfc_male,normal,synthetic
hfc_male/34.wav,Ira,unknown,unknown,synthetic
hfc_male/fast/6.wav,Ira,hfc_male,fast,synthetic
amy/44.wav,Ira,unknown,unknown,synthetic
ryan/normal/1.wav,Ira,ryan,normal,synthetic
hfc_male/normal/74.wav,Ira,hfc_male,normal,synthetic
hfc_female/normal/61.wav,Ira,hfc_female,normal,synthetic
ryan/normal/12.wav,Ira,ryan,normal,synthetic
lessac/26.wav,Ira,unknown,unknown,synthetic
ryan/62.wav,Ira,unknown,unknown,synthetic
pilot100/67.wav,Ira,unknown,unknown,synthetic
hfc_male/fast/8.wav,Ira,hfc_male,fast,synthetic
ryan/fast/26.wav,Ira,ryan,fast,synthetic
hfc_male/63.wav,Ira,unknown,unknown,synthetic
amy/109.wav,Ira,unknown,unknown,synthetic
pilot100/86.wav,Ira,unknown,unknown,synthetic
hfc_male/fast/26.wav,Ira,hfc_male,fast,synthetic
amy/27.wav,Ira,unknown,unknown,synthetic
hfc_male/fast/7.wav,Ira,hfc_male,fast,synthetic
hfc_male/normal/45.wav,Ira,hfc_male,normal,synthetic
hfc_female/84.wav,Ira,unknown,unknown,synthetic
amy/fast/15.wav,Ira,amy,fast,synthetic
hfc_male/normal/37.wav,Ira,hfc_male,normal,synthetic
hfc_male/slow/4.wav,Ira,hfc_male,slow,synthetic
hfc_male/24.wav,Ira,unknown,unknown,synthetic
hfc_male/normal/21.wav,Ira,hfc_male,normal,synthetic
hfc_male/normal/35.wav,Ira,hfc_male,normal,synthetic
ryan/slow/3.wav,Ira,ryan,slow,synthetic
ryan/48.wav,Ira,unknown,unknown,synthetic
amy/slow/38.wav,Ira,amy,slow,synthetic
hfc_male/fast/30.wav,Ira,hfc_male,fast,synthetic
hfc_female/fast/39.wav,Ira,hfc_female,fast,synthetic
amy/slow/34.wav,Ira,amy,slow,synthetic
ryan/slow/11.wav,Ira,ryan,slow,synthetic
amy/normal/102.wav,Ira,amy,normal,synthetic
hfc_male/110.wav,Ira,unknown,unknown,synthetic
hfc_male/33.wav,Ira,unknown,unknown,synthetic
hfc_female/normal/6.wav,Ira,hfc_female,normal,synthetic
hfc_female/normal/0.wav,Ira,hfc_female,normal,synthetic
hfc_female/normal/86.wav,Ira,hfc_female,normal,synthetic
amy/fast/8.wav,Ira,amy,fast,synthetic
hfc_male/normal/81.wav,Ira,hfc_male,normal,synthetic
hfc_female/normal/65.wav,Ira,hfc_female,normal,synthetic
hfc_female/normal/106.wav,Ira,hfc_female,normal,synthetic
lessac/2.wav,Ira,unknown,unknown,synthetic
lessac/88.wav,Ira,unknown,unknown,synthetic
hfc_female/normal/7.wav,Ira,hfc_female,normal,synthetic
hfc_female/normal/14.wav,Ira,hfc_female,normal,synthetic
hfc_female/normal/36.wav,Ira,hfc_female,normal,synthetic
hfc_male/slow/1.wav,Ira,hfc_male,slow,synthetic
lessac/109.wav,Ira,unknown,unknown,synthetic
hfc_female/102.wav,Ira,unknown,unknown,synthetic
hfc_male/normal/93.wav,Ira,hfc_male,normal,synthetic
hfc_male/normal/57.wav,Ira,hfc_male,normal,synthetic
lessac/57.wav,Ira,unknown,unknown,synthetic
hfc_male/normal/87.wav,Ira,hfc_male,normal,synthetic
hfc_male/106.wav,Ira,unknown,unknown,synthetic
pilot100/84.wav,Ira,unknown,unknown,synthetic
lessac/normal/101.wav,Ira,lessac,normal,synthetic
amy/normal/93.wav,Ira,amy,normal,synthetic
hfc_male/slow/21.wav,Ira,hfc_male,slow,synthetic
amy/normal/70.wav,Ira,amy,normal,synthetic
hfc_female/normal/18.wav,Ira,hfc_female,normal,synthetic
pilot100/88.wav,Ira,unknown,unknown,synthetic
hfc_male/slow/37.wav,Ira,hfc_male,slow,synthetic
lessac/81.wav,Ira,unknown,unknown,synthetic
hfc_female/27.wav,Ira,unknown,unknown,synthetic
hfc_female/fast/16.wav,Ira,hfc_female,fast,synthetic
hfc_male/normal/54.wav,Ira,hfc_male,normal,synthetic
amy/normal/43.wav,Ira,amy,normal,synthetic
amy/108.wav,Ira,unknown,unknown,synthetic
amy/slow/29.wav,Ira,amy,slow,synthetic
hfc_female/normal/115.wav,Ira,hfc_female,normal,synthetic
lessac/normal/78.wav,Ira,lessac,normal,synthetic
lessac/38.wav,Ira,unknown,unknown,synthetic
hfc_male/fast/32.wav,Ira,hfc_male,fast,synthetic
hfc_female/61.wav,Ira,unknown,unknown,synthetic
hfc_male/normal/34.wav,Ira,hfc_male,normal,synthetic
hfc_male/slow/2.wav,Ira,hfc_male,slow,synthetic
amy/fast/35.wav,Ira,amy,fast,synthetic
ryan/9.wav,Ira,unknown,unknown,synthetic
ryan/normal/52.wav,Ira,ryan,normal,synthetic
amy/76.wav,Ira,unknown,unknown,synthetic
lessac/slow/11.wav,Ira,lessac,slow,synthetic
amy/slow/28.wav,Ira,amy,slow,synthetic
ryan/fast/22.wav,Ira,ryan,fast,synthetic
ryan/7.wav,Ira,unknown,unknown,synthetic
hfc_female/slow/5.wav,Ira,hfc_female,slow,synthetic
ryan/normal/77.wav,Ira,ryan,normal,synthetic
ryan/113.wav,Ira,unknown,unknown,synthetic
hfc_male/32.wav,Ira,unknown,unknown,synthetic
lessac/77.wav,Ira,unknown,unknown,synthetic
hfc_female/normal/82.wav,Ira,hfc_female,normal,synthetic
amy/normal/11.wav,Ira,amy,normal,synthetic
hfc_female/15.wav,Ira,unknown,unknown,synthetic
lessac/106.wav,Ira,unknown,unknown,synthetic
lessac/69.wav,Ira,unknown,unknown,synthetic
ryan/108.wav,Ira,unknown,unknown,synthetic
hfc_male/normal/86.wav,Ira,hfc_male,normal,synthetic
lessac/slow/5.wav,Ira,lessac,slow,synthetic
hfc_male/slow/38.wav,Ira,hfc_male,slow,synthetic
hfc_male/115.wav,Ira,unknown,unknown,synthetic
lessac/slow/28.wav,Ira,lessac,slow,synthetic
lessac/slow/21.wav,Ira,lessac,slow,synthetic
hfc_female/normal/88.wav,Ira,hfc_female,normal,synthetic
hfc_female/slow/29.wav,Ira,hfc_female,slow,synthetic
amy/0.wav,Ira,unknown,unknown,synthetic
lessac/normal/10.wav,Ira,lessac,normal,synthetic
hfc_male/normal/19.wav,Ira,hfc_male,normal,synthetic
hfc_female/slow/23.wav,Ira,hfc_female,slow,synthetic
lessac/normal/31.wav,Ira,lessac,normal,synthetic
hfc_female/23.wav,Ira,unknown,unknown,synthetic
ryan/104.wav,Ira,unknown,unknown,synthetic
hfc_male/normal/46.wav,Ira,hfc_male,normal,synthetic
ryan/22.wav,Ira,unknown,unknown,synthetic
amy/normal/81.wav,Ira,amy,normal,synthetic
pilot100/30.wav,Ira,unknown,unknown,synthetic
hfc_female/slow/13.wav,Ira,hfc_female,slow,synthetic
ryan/26.wav,Ira,unknown,unknown,synthetic
hfc_male/16.wav,Ira,unknown,unknown,synthetic
hfc_male/normal/23.wav,Ira,hfc_male,normal,synthetic
hfc_female/slow/39.wav,Ira,hfc_female,slow,synthetic
lessac/61.wav,Ira,unknown,unknown,synthetic
hfc_female/slow/22.wav,Ira,hfc_female,slow,synthetic
ryan/normal/89.wav,Ira,ryan,normal,synthetic
lessac/normal/66.wav,Ira,lessac,normal,synthetic
ryan/54.wav,Ira,unknown,unknown,synthetic
amy/fast/3.wav,Ira,amy,fast,synthetic
hfc_male/normal/66.wav,Ira,hfc_male,normal,synthetic
hfc_male/86.wav,Ira,unknown,unknown,synthetic
hfc_female/66.wav,Ira,unknown,unknown,synthetic
lessac/fast/29.wav,Ira,lessac,fast,synthetic
lessac/85.wav,Ira,unknown,unknown,synthetic
amy/100.wav,Ira,unknown,unknown,synthetic
lessac/normal/65.wav,Ira,lessac,normal,synthetic
pilot100/1.wav,Ira,unknown,unknown,synthetic
hfc_female/normal/28.wav,Ira,hfc_female,normal,synthetic
ryan/21.wav,Ira,unknown,unknown,synthetic
ryan/44.wav,Ira,unknown,unknown,synthetic
ryan/normal/106.wav,Ira,ryan,normal,synthetic
lessac/normal/74.wav,Ira,lessac,normal,synthetic
lessac/7.wav,Ira,unknown,unknown,synthetic
hfc_male/normal/75.wav,Ira,hfc_male,normal,synthetic
pilot100/9.wav,Ira,unknown,unknown,synthetic
hfc_male/51.wav,Ira,unknown,unknown,synthetic
hfc_male/normal/71.wav,Ira,hfc_male,normal,synthetic
amy/normal/47.wav,Ira,amy,normal,synthetic
amy/61.wav,Ira,unknown,unknown,synthetic
pilot100/43.wav,Ira,unknown,unknown,synthetic
lessac/normal/53.wav,Ira,lessac,normal,synthetic
ryan/fast/3.wav,Ira,ryan,fast,synthetic
pilot100/62.wav,Ira,unknown,unknown,synthetic
pilot100/26.wav,Ira,unknown,unknown,synthetic
amy/41.wav,Ira,unknown,unknown,synthetic
hfc_male/25.wav,Ira,unknown,unknown,synthetic
ryan/20.wav,Ira,unknown,unknown,synthetic
hfc_male/normal/114.wav,Ira,hfc_male,normal,synthetic
ryan/normal/118.wav,Ira,ryan,normal,synthetic
hfc_male/62.wav,Ira,unknown,unknown,synthetic
hfc_female/normal/73.wav,Ira,hfc_female,normal,synthetic
ryan/normal/79.wav,Ira,ryan,normal,synthetic
ryan/16.wav,Ira,unknown,unknown,synthetic
hfc_male/2.wav,Ira,unknown,unknown,synthetic
hfc_male/normal/112.wav,Ira,hfc_male,normal,synthetic
hfc_female/59.wav,Ira,unknown,unknown,synthetic
amy/34.wav,Ira,unknown,unknown,synthetic
hfc_female/fast/23.wav,Ira,hfc_female,fast,synthetic
ryan/normal/76.wav,Ira,ryan,normal,synthetic
hfc_female/slow/31.wav,Ira,hfc_female,slow,synthetic
hfc_male/6.wav,Ira,unknown,unknown,synthetic
hfc_male/slow/29.wav,Ira,hfc_male,slow,synthetic
hfc_female/70.wav,Ira,unknown,unknown,synthetic
hfc_female/fast/22.wav,Ira,hfc_female,fast,synthetic
lessac/100.wav,Ira,unknown,unknown,synthetic
amy/62.wav,Ira,unknown,unknown,synthetic
hfc_male/fast/3.wav,Ira,hfc_male,fast,synthetic
amy/normal/46.wav,Ira,amy,normal,synthetic
ryan/slow/18.wav,Ira,ryan,slow,synthetic
ryan/fast/6.wav,Ira,ryan,fast,synthetic
hfc_female/normal/16.wav,Ira,hfc_female,normal,synthetic
hfc_male/normal/3.wav,Ira,hfc_male,normal,synthetic
hfc_male/27.wav,Ira,unknown,unknown,synthetic
hfc_female/33.wav,Ira,unknown,unknown,synthetic
amy/36.wav,Ira,unknown,unknown,synthetic
hfc_male/normal/30.wav,Ira,hfc_male,normal,synthetic
hfc_female/29.wav,Ira,unknown,unknown,synthetic
hfc_female/109.wav,Ira,unknown,unknown,synthetic
ryan/fast/8.wav,Ira,ryan,fast,synthetic
amy/slow/6.wav,Ira,amy,slow,synthetic
ryan/110.wav,Ira,unknown,unknown,synthetic
lessac/normal/14.wav,Ira,lessac,normal,synthetic
hfc_male/67.wav,Ira,unknown,unknown,synthetic
amy/normal/36.wav,Ira,amy,normal,synthetic
ryan/14.wav,Ira,unknown,unknown,synthetic
hfc_female/90.wav,Ira,unknown,unknown,synthetic
hfc_male/74.wav,Ira,unknown,unknown,synthetic
pilot100/7.wav,Ira,unknown,unknown,synthetic
hfc_male/87.wav,Ira,unknown,unknown,synthetic
hfc_female/slow/37.wav,Ira,hfc_female,slow,synthetic
amy/68.wav,Ira,unknown,unknown,synthetic
amy/normal/82.wav,Ira,amy,normal,synthetic
hfc_male/normal/63.wav,Ira,hfc_male,normal,synthetic
amy/slow/3.wav,Ira,amy,slow,synthetic
lessac/normal/108.wav,Ira,lessac,normal,synthetic
lessac/normal/56.wav,Ira,lessac,normal,synthetic
pilot100/39.wav,Ira,unknown,unknown,synthetic
amy/57.wav,Ira,unknown,unknown,synthetic
lessac/fast/7.wav,Ira,lessac,fast,synthetic
amy/slow/31.wav,Ira,amy,slow,synthetic
ryan/13.wav,Ira,unknown,unknown,synthetic
ryan/fast/12.wav,Ira,ryan,fast,synthetic
ryan/normal/59.wav,Ira,ryan,normal,synthetic
lessac/normal/16.wav,Ira,lessac,normal,synthetic
hfc_male/normal/59.wav,Ira,hfc_male,normal,synthetic
lessac/normal/106.wav,Ira,lessac,normal,synthetic
hfc_male/normal/85.wav,Ira,hfc_male,normal,synthetic
ryan/fast/2.wav,Ira,ryan,fast,synthetic
hfc_female/normal/41.wav,Ira,hfc_female,normal,synthetic
amy/normal/88.wav,Ira,amy,normal,synthetic
hfc_male/3.wav,Ira,unknown,unknown,synthetic
amy/104.wav,Ira,unknown,unknown,synthetic
amy/72.wav,Ira,unknown,unknown,synthetic
hfc_female/normal/69.wav,Ira,hfc_female,normal,synthetic
ryan/34.wav,Ira,unknown,unknown,synthetic
ryan/slow/0.wav,Ira,ryan,slow,synthetic
amy/85.wav,Ira,unknown,unknown,synthetic
ryan/normal/101.wav,Ira,ryan,normal,synthetic
ryan/fast/14.wav,Ira,ryan,fast,synthetic
lessac/59.wav,Ira,unknown,unknown,synthetic
hfc_female/normal/45.wav,Ira,hfc_female,normal,synthetic
hfc_female/78.wav,Ira,unknown,unknown,synthetic
hfc_male/47.wav,Ira,unknown,unknown,synthetic
hfc_female/91.wav,Ira,unknown,unknown,synthetic
lessac/normal/98.wav,Ira,lessac,normal,synthetic
hfc_female/normal/79.wav,Ira,hfc_female,normal,synthetic
hfc_female/normal/60.wav,Ira,hfc_female,normal,synthetic
ryan/slow/13.wav,Ira,ryan,slow,synthetic
ryan/normal/100.wav,Ira,ryan,normal,synthetic
amy/normal/44.wav,Ira,amy,normal,synthetic
amy/normal/6.wav,Ira,amy,normal,synthetic
ryan/normal/94.wav,Ira,ryan,normal,synthetic
amy/normal/95.wav,Ira,amy,normal,synthetic
amy/normal/38.wav,Ira,amy,normal,synthetic
hfc_female/slow/20.wav,Ira,hfc_female,slow,synthetic
lessac/normal/111.wav,Ira,lessac,normal,synthetic
amy/112.wav,Ira,unknown,unknown,synthetic
ryan/normal/102.wav,Ira,ryan,normal,synthetic
lessac/slow/2.wav,Ira,lessac,slow,synthetic
hfc_female/slow/26.wav,Ira,hfc_female,slow,synthetic
lessac/fast/38.wav,Ira,lessac,fast,synthetic
ryan/74.wav,Ira,unknown,unknown,synthetic
ryan/fast/36.wav,Ira,ryan,fast,synthetic
hfc_female/normal/84.wav,Ira,hfc_female,normal,synthetic
hfc_male/96.wav,Ira,unknown,unknown,synthetic
hfc_female/normal/116.wav,Ira,hfc_female,normal,synthetic
pilot100/79.wav,Ira,unknown,unknown,synthetic
hfc_male/58.wav,Ira,unknown,unknown,synthetic
amy/normal/91.wav,Ira,amy,normal,synthetic
ryan/116.wav,Ira,unknown,unknown,synthetic
lessac/6.wav,Ira,unknown,unknown,synthetic
hfc_female/96.wav,Ira,unknown,unknown,synthetic
lessac/fast/28.wav,Ira,lessac,fast,synthetic
amy/fast/36.wav,Ira,amy,fast,synthetic
amy/normal/30.wav,Ira,amy,normal,synthetic
lessac/normal/20.wav,Ira,lessac,normal,synthetic
lessac/slow/38.wav,Ira,lessac,slow,synthetic
hfc_male/slow/25.wav,Ira,hfc_male,slow,synthetic
amy/115.wav,Ira,unknown,unknown,synthetic
amy/fast/34.wav,Ira,amy,fast,synthetic
pilot100/63.wav,Ira,unknown,unknown,synthetic
hfc_male/slow/23.wav,Ira,hfc_male,slow,synthetic
hfc_female/slow/21.wav,Ira,hfc_female,slow,synthetic
pilot100/46.wav,Ira,unknown,unknown,synthetic
amy/normal/89.wav,Ira,amy,normal,synthetic
ryan/normal/28.wav,Ira,ryan,normal,synthetic
ryan/101.wav,Ira,unknown,unknown,synthetic
hfc_female/normal/105.wav,Ira,hfc_female,normal,synthetic
hfc_male/100.wav,Ira,unknown,unknown,synthetic
hfc_female/8.wav,Ira,unknown,unknown,synthetic
hfc_female/normal/4.wav,Ira,hfc_female,normal,synthetic
hfc_male/104.wav,Ira,unknown,unknown,synthetic
lessac/90.wav,Ira,unknown,unknown,synthetic
lessac/normal/24.wav,Ira,lessac,normal,synthetic
ryan/normal/15.wav,Ira,ryan,normal,synthetic
hfc_male/normal/43.wav,Ira,hfc_male,normal,synthetic
amy/normal/104.wav,Ira,amy,normal,synthetic
lessac/slow/34.wav,Ira,lessac,slow,synthetic
amy/64.wav,Ira,unknown,unknown,synthetic
lessac/normal/79.wav,Ira,lessac,normal,synthetic
lessac/normal/5.wav,Ira,lessac,normal,synthetic
hfc_female/normal/12.wav,Ira,hfc_female,normal,synthetic
lessac/normal/32.wav,Ira,lessac,normal,synthetic
amy/normal/68.wav,Ira,amy,normal,synthetic
hfc_male/normal/14.wav,Ira,hfc_male,normal,synthetic
hfc_female/normal/1.wav,Ira,hfc_female,normal,synthetic
amy/fast/26.wav,Ira,amy,fast,synthetic
lessac/normal/8.wav,Ira,lessac,normal,synthetic
amy/fast/27.wav,Ira,amy,fast,synthetic
hfc_female/45.wav,Ira,unknown,unknown,synthetic
amy/normal/101.wav,Ira,amy,normal,synthetic
lessac/63.wav,Ira,unknown,unknown,synthetic
amy/96.wav,Ira,unknown,unknown,synthetic
hfc_female/10.wav,Ira,unknown,unknown,synthetic
lessac/fast/15.wav,Ira,lessac,fast,synthetic
lessac/53.wav,Ira,unknown,unknown,synthetic
lessac/112.wav,Ira,unknown,unknown,synthetic
lessac/normal/6.wav,Ira,lessac,normal,synthetic
amy/83.wav,Ira,unknown,unknown,synthetic
