event_id,source_file,condition,max_score,detection_timestamp,latency_ms
1,E:\SIH\ira-wakeword\dataset\positive_all\piper_batch_A\1090.wav,clean,0.7578125,4.5,0
2,E:\SIH\ira-wakeword\real\positive\standardized\quiet_1m\ira_0119.wav,clean,0.984375,9.0,0
3,E:\SIH\ira-wakeword\dataset\positive_all\piper_batch_D\16.wav,clean,0.046875,13.5,0
4,E:\SIH\ira-wakeword\dataset\positive_all\synthetic\synthetic_pilot100_28.wav,clean,0.0078125,18.0,0
5,E:\SIH\ira-wakeword\dataset\positive_all\piper_batch_A\1835.wav,clean,0.8046875,22.5,0
6,E:\SIH\ira-wakeword\dataset\positive_all\synthetic\synthetic_lessac_slow_0.wav,clean,0.01171875,27.0,0
7,E:\SIH\ira-wakeword\dataset\positive_all\piper_batch_C\1353.wav,clean,0.10546875,31.5,0
8,E:\SIH\ira-wakeword\dataset\positive_all\piper_batch_C\978.wav,clean,0.36328125,36.0,0
9,E:\SIH\ira-wakeword\dataset\positive_all\piper_batch_B\716.wav,clean,0.015625,40.5,0
10,E:\SIH\ira-wakeword\dataset\positive_all\piper_batch_C\410.wav,clean,0.95703125,45.0,0
11,E:\SIH\ira-wakeword\dataset\positive_all\piper_batch_D\1365.wav,clean,0.5703125,49.5,0
12,E:\SIH\ira-wakeword\dataset\positive_all\piper_batch_C\896.wav,clean,0.015625,54.0,0
13,E:\SIH\ira-wakeword\dataset\positive_all\piper_batch_C\1392.wav,clean,0.9765625,58.5,0
14,E:\SIH\ira-wakeword\dataset\positive_all\piper_batch_C\659.wav,clean,0.0390625,63.0,0
15,E:\SIH\ira-wakeword\dataset\positive_all\piper_batch_C\569.wav,clean,0.03125,67.5,0
16,E:\SIH\ira-wakeword\dataset\positive_all\piper_batch_D\1009.wav,clean,0.98046875,72.0,0
17,E:\SIH\ira-wakeword\dataset\positive_all\piper_batch_A\85.wav,clean,0.07421875,76.5,0
18,E:\SIH\ira-wakeword\dataset\positive_all\piper_batch_C\32.wav,clean,0.10546875,81.0,0
19,E:\SIH\ira-wakeword\dataset\positive_all\piper_batch_D\599.wav,clean,0.97265625,85.5,0
20,E:\SIH\ira-wakeword\real\positive\standardized\quiet_20cm\ira_078.wav,clean,0.9375,90.0,0
21,E:\SIH\ira-wakeword\dataset\positive_all\piper_batch_C\738.wav,clean,0.08203125,94.5,0
22,E:\SIH\ira-wakeword\dataset\positive_all\piper_batch_B\498.wav,clean,0.78125,99.0,0
23,E:\SIH\ira-wakeword\dataset\positive_all\piper_batch_D\209.wav,clean,0.10546875,103.5,0
24,E:\SIH\ira-wakeword\dataset\positive_all\piper_batch_D\1039.wav,clean,0.97265625,108.0,0
25,E:\SIH\ira-wakeword\dataset\positive_all\synthetic\synthetic_ryan_60.wav,clean,0.89453125,112.5,0
26,E:\SIH\ira-wakeword\dataset\positive_all\synthetic\synthetic_pilot100_80.wav,clean,0.09375,117.0,0
27,E:\SIH\ira-wakeword\real\positive\standardized\quiet_1m\ira_0172.wav,clean,0.9921875,121.5,0
28,E:\SIH\ira-wakeword\dataset\positive_all\piper_batch_A\188.wav,clean,0.13671875,126.0,0
29,E:\SIH\ira-wakeword\real\positive\standardized\quiet_20cm\ira_066.wav,clean,0.953125,130.5,0
30,E:\SIH\ira-wakeword\dataset\positive_all\piper_batch_B\1118.wav,clean,0.9453125,135.0,0
31,E:\SIH\ira-wakeword\dataset\positive_all\piper_batch_B\87.wav,clean,0.0625,139.5,0
32,E:\SIH\ira-wakeword\dataset\positive_all\piper_batch_A\204.wav,clean,0.46484375,144.0,0
33,E:\SIH\ira-wakeword\dataset\positive_all\piper_batch_B\1518.wav,clean,0.92578125,148.5,0
34,E:\SIH\ira-wakeword\dataset\positive_all\piper_batch_D\885.wav,clean,0.2421875,153.0,0
35,E:\SIH\ira-wakeword\real\positive\standardized\quiet_50cm\ira_0188.wav,clean,0.99609375,157.5,0
36,E:\SIH\ira-wakeword\dataset\positive_all\piper_batch_B\1050.wav,clean,0.7578125,162.0,0
37,E:\SIH\ira-wakeword\dataset\positive_all\piper_batch_A\309.wav,clean,0.78125,166.5,0
38,E:\SIH\ira-wakeword\dataset\positive_all\piper_batch_D\153.wav,clean,0.92578125,171.0,0
39,E:\SIH\ira-wakeword\dataset\positive_all\piper_batch_A\1006.wav,clean,0.01953125,175.5,0
40,E:\SIH\ira-wakeword\dataset\positive_all\piper_batch_B\1100.wav,clean,0.53515625,180.0,0
41,E:\SIH\ira-wakeword\dataset\positive_all\piper_batch_C\1738.wav,clean,0.98046875,184.5,0
42,E:\SIH\ira-wakeword\dataset\positive_all\piper_batch_B\1505.wav,clean,0.12109375,189.0,0
43,E:\SIH\ira-wakeword\dataset\positive_all\piper_batch_B\1435.wav,clean,0.0625,193.5,0
44,E:\SIH\ira-wakeword\dataset\positive_all\piper_batch_B\579.wav,clean,0.84375,198.0,0
45,E:\SIH\ira-wakeword\dataset\positive_all\piper_batch_C\1289.wav,clean,0.046875,202.5,0
46,E:\SIH\ira-wakeword\dataset\positive_all\piper_batch_C\1382.wav,clean,0.33203125,207.0,0
47,E:\SIH\ira-wakeword\dataset\positive_all\piper_batch_A\62.wav,clean,0.97265625,211.5,0
48,E:\SIH\ira-wakeword\dataset\positive_all\piper_batch_C\226.wav,clean,0.15625,216.0,0
49,E:\SIH\ira-wakeword\real\positive\standardized\quiet_1m\ira_038.wav,clean,0.9765625,220.5,0
50,E:\SIH\ira-wakeword\real\positive\standardized\quiet_1m\ira_0157.wav,clean,0.9921875,225.0,0
51,E:\SIH\ira-wakeword\dataset\positive_all\piper_batch_B\276.wav,clean,0.0390625,229.5,0
52,E:\SIH\ira-wakeword\dataset\positive_all\piper_batch_B\779.wav,clean,0.953125,234.0,0
53,E:\SIH\ira-wakeword\dataset\positive_all\piper_batch_C\424.wav,clean,0.12109375,238.5,0
54,E:\SIH\ira-wakeword\dataset\positive_all\piper_batch_D\372.wav,clean,0.01171875,243.0,0
55,E:\SIH\ira-wakeword\dataset\positive_all\synthetic\synthetic_ryan_38.wav,clean,0.98046875,247.5,0
56,E:\SIH\ira-wakeword\dataset\positive_all\synthetic\synthetic_hfc_male_normal_55.wav,clean,0.0234375,252.0,0
57,E:\SIH\ira-wakeword\dataset\positive_all\piper_batch_B\80.wav,clean,0.2421875,256.5,0
58,E:\SIH\ira-wakeword\dataset\positive_all\piper_batch_B\1554.wav,clean,0.98046875,261.0,0
59,E:\SIH\ira-wakeword\dataset\positive_all\piper_batch_A\1845.wav,clean,0.0078125,265.5,0
60,E:\SIH\ira-wakeword\dataset\positive_all\piper_batch_D\339.wav,clean,0.2421875,270.0,0
61,E:\SIH\ira-wakeword\dataset\positive_all\piper_batch_B\895.wav,clean,0.9609375,274.5,0
62,E:\SIH\ira-wakeword\dataset\positive_all\piper_batch_A\1867.wav,clean,0.01953125,279.0,0
63,E:\SIH\ira-wakeword\dataset\positive_all\piper_batch_A\1954.wav,clean,0.30078125,283.5,0
64,E:\SIH\ira-wakeword\dataset\positive_all\piper_batch_A\234.wav,clean,0.66796875,288.0,0
65,E:\SIH\ira-wakeword\dataset\positive_all\piper_batch_C\1104.wav,clean,0.17578125,292.5,0
66,E:\SIH\ira-wakeword\dataset\positive_all\synthetic\synthetic_amy_normal_111.wav,clean,0.9609375,297.0,0
67,E:\SIH\ira-wakeword\dataset\positive_all\piper_batch_B\847.wav,clean,0.015625,301.5,0
68,E:\SIH\ira-wakeword\dataset\positive_all\synthetic\synthetic_lessac_slow_28.wav,clean,0.0,306.0,0
69,E:\SIH\ira-wakeword\dataset\positive_all\synthetic\synthetic_hfc_female_normal_30.wav,clean,0.96875,310.5,0
70,E:\SIH\ira-wakeword\dataset\positive_all\piper_batch_A\592.wav,clean,0.21875,315.0,0
71,E:\SIH\ira-wakeword\dataset\positive_all\piper_batch_A\615.wav,clean,0.01171875,319.5,0
72,E:\SIH\ira-wakeword\dataset\positive_all\piper_batch_B\171.wav,clean,0.96875,324.0,0
73,E:\SIH\ira-wakeword\dataset\positive_all\piper_batch_C\675.wav,clean,0.00390625,328.5,0
74,E:\SIH\ira-wakeword\dataset\positive_all\piper_batch_B\306.wav,clean,0.12109375,333.0,0
75,E:\SIH\ira-wakeword\real\positive\standardized\quiet_20cm\ira_049.wav,clean,0.9609375,337.5,0
76,E:\SIH\ira-wakeword\dataset\positive_all\synthetic\synthetic_lessac_normal_55.wav,clean,0.00390625,342.0,0
77,E:\SIH\ira-wakeword\real\positive\standardized\quiet_20cm\ira_0112.wav,clean,0.99609375,346.5,0
78,E:\SIH\ira-wakeword\real\positive\standardized\quiet_50cm\ira_0217.wav,clean,0.9921875,351.0,0
79,E:\SIH\ira-wakeword\dataset\positive_all\piper_batch_D\243.wav,clean,0.0546875,355.5,0
80,E:\SIH\ira-wakeword\dataset\positive_all\synthetic\synthetic_pilot100_55.wav,clean,0.9609375,360.0,0
81,E:\SIH\ira-wakeword\dataset\positive_all\piper_batch_B\1103.wav,clean,0.0,364.5,0
82,E:\SIH\ira-wakeword\dataset\positive_all\piper_batch_C\494.wav,clean,0.1953125,369.0,0
83,E:\SIH\ira-wakeword\dataset\positive_all\piper_batch_B\1457.wav,clean,0.96875,373.5,0
84,E:\SIH\ira-wakeword\dataset\positive_all\piper_batch_A\514.wav,clean,0.046875,378.0,0
85,E:\SIH\ira-wakeword\dataset\positive_all\piper_batch_C\365.wav,clean,0.12109375,382.5,0
86,E:\SIH\ira-wakeword\dataset\positive_all\synthetic\synthetic_amy_43.wav,clean,0.953125,387.0,0
87,E:\SIH\ira-wakeword\dataset\positive_all\piper_batch_A\1498.wav,clean,0.01171875,391.5,0
88,E:\SIH\ira-wakeword\dataset\positive_all\piper_batch_B\1034.wav,clean,0.07421875,396.0,0
89,E:\SIH\ira-wakeword\dataset\positive_all\piper_batch_C\1814.wav,clean,0.97265625,400.5,0
90,E:\SIH\ira-wakeword\dataset\positive_all\piper_batch_B\741.wav,clean,0.15625,405.0,0
91,E:\SIH\ira-wakeword\dataset\positive_all\piper_batch_C\1860.wav,clean,0.33203125,409.5,0
92,E:\SIH\ira-wakeword\dataset\positive_all\synthetic\synthetic_hfc_male_normal_60.wav,clean,0.82421875,414.0,0
93,E:\SIH\ira-wakeword\dataset\positive_all\piper_batch_A\554.wav,clean,0.03125,418.5,0
94,E:\SIH\ira-wakeword\dataset\positive_all\piper_batch_B\1766.wav,clean,0.96875,423.0,0
95,E:\SIH\ira-wakeword\dataset\positive_all\piper_batch_D\494.wav,clean,0.08203125,427.5,0
96,E:\SIH\ira-wakeword\dataset\positive_all\piper_batch_A\444.wav,clean,0.09375,432.0,0
97,E:\SIH\ira-wakeword\dataset\positive_all\piper_batch_B\541.wav,clean,0.96875,436.5,0
98,E:\SIH\ira-wakeword\dataset\positive_all\piper_batch_D\1357.wav,clean,0.0546875,441.0,0
99,E:\SIH\ira-wakeword\dataset\positive_all\synthetic\synthetic_lessac_fast_30.wav,clean,0.00390625,445.5,0
100,E:\SIH\ira-wakeword\dataset\positive_all\piper_batch_C\1285.wav,clean,0.92578125,450.0,0
101,E:\SIH\ira-wakeword\dataset\positive_all\piper_batch_C\249.wav,clean,0.09375,454.5,0
102,E:\SIH\ira-wakeword\dataset\positive_all\piper_batch_A\1277.wav,clean,0.36328125,459.0,0
103,E:\SIH\ira-wakeword\dataset\positive_all\piper_batch_A\1576.wav,clean,0.97265625,463.5,0
104,E:\SIH\ira-wakeword\real\positive\standardized\quiet_50cm\ira_0190.wav,clean,0.9921875,468.0,0
105,E:\SIH\ira-wakeword\dataset\positive_all\piper_batch_B\972.wav,clean,0.04296875,472.5,0
106,E:\SIH\ira-wakeword\dataset\positive_all\piper_batch_D\199.wav,clean,0.5703125,477.0,0
107,E:\SIH\ira-wakeword\dataset\positive_all\synthetic\synthetic_lessac_normal_74.wav,clean,0.00390625,481.5,0
108,E:\SIH\ira-wakeword\dataset\positive_all\synthetic\synthetic_ryan_fast_4.wav,clean,0.91796875,486.0,0
109,E:\SIH\ira-wakeword\dataset\positive_all\synthetic\synthetic_hfc_female_normal_118.wav,clean,0.0078125,490.5,0
110,E:\SIH\ira-wakeword\dataset\positive_all\piper_batch_D\1226.wav,clean,0.01953125,495.0,0
111,E:\SIH\ira-wakeword\dataset\positive_all\piper_batch_C\1708.wav,clean,0.97265625,499.5,0
112,E:\SIH\ira-wakeword\dataset\positive_all\piper_batch_D\437.wav,clean,0.015625,504.0,0
113,E:\SIH\ira-wakeword\dataset\positive_all\piper_batch_D\127.wav,clean,0.01953125,508.5,0
114,E:\SIH\ira-wakeword\dataset\positive_all\piper_batch_A\1142.wav,clean,0.953125,513.0,0
115,E:\SIH\ira-wakeword\dataset\positive_all\piper_batch_D\1530.wav,clean,0.0234375,517.5,0
116,E:\SIH\ira-wakeword\dataset\positive_all\piper_batch_A\56.wav,clean,0.07421875,522.0,0
117,E:\SIH\ira-wakeword\dataset\positive_all\piper_batch_B\73.wav,clean,0.98046875,526.5,0
118,E:\SIH\ira-wakeword\dataset\positive_all\piper_batch_A\1501.wav,clean,0.5,531.0,0
119,E:\SIH\ira-wakeword\dataset\positive_all\piper_batch_A\621.wav,clean,0.53515625,535.5,0
120,E:\SIH\ira-wakeword\dataset\positive_all\piper_batch_B\141.wav,clean,0.60546875,540.0,0
121,E:\SIH\ira-wakeword\dataset\positive_all\synthetic\synthetic_lessac_normal_9.wav,clean,0.00390625,544.5,0
122,E:\SIH\ira-wakeword\dataset\positive_all\piper_batch_C\570.wav,clean,0.98046875,549.0,0
123,E:\SIH\ira-wakeword\real\positive\standardized\quiet_50cm\ira_0137.wav,clean,0.98828125,553.5,0
124,E:\SIH\ira-wakeword\dataset\positive_all\piper_batch_A\471.wav,clean,0.0625,558.0,0
125,E:\SIH\ira-wakeword\dataset\positive_all\piper_batch_C\856.wav,clean,0.9609375,562.5,0
126,E:\SIH\ira-wakeword\dataset\positive_all\piper_batch_A\74.wav,clean,0.0625,567.0,0
127,E:\SIH\ira-wakeword\dataset\positive_all\piper_batch_D\1046.wav,clean,0.03125,571.5,0
128,E:\SIH\ira-wakeword\dataset\positive_all\piper_batch_C\1678.wav,clean,0.953125,576.0,0
129,E:\SIH\ira-wakeword\dataset\positive_all\piper_batch_C\314.wav,clean,0.015625,580.5,0
130,E:\SIH\ira-wakeword\dataset\positive_all\synthetic\synthetic_ryan_normal_44.wav,clean,0.2421875,585.0,0
131,E:\SIH\ira-wakeword\dataset\positive_all\piper_batch_B\1632.wav,clean,0.98046875,589.5,0
132,E:\SIH\ira-wakeword\dataset\positive_all\synthetic\synthetic_lessac_normal_113.wav,clean,0.0078125,594.0,0
133,E:\SIH\ira-wakeword\dataset\positive_all\piper_batch_D\521.wav,clean,0.33203125,598.5,0
134,E:\SIH\ira-wakeword\dataset\positive_all\piper_batch_A\230.wav,clean,0.07421875,603.0,0
135,E:\SIH\ira-wakeword\dataset\positive_all\piper_batch_C\84.wav,clean,0.00390625,607.5,0
136,E:\SIH\ira-wakeword\dataset\positive_all\piper_batch_C\955.wav,clean,0.96875,612.0,0
137,E:\SIH\ira-wakeword\dataset\positive_all\piper_batch_A\1890.wav,clean,0.04296875,616.5,0
138,E:\SIH\ira-wakeword\dataset\positive_all\piper_batch_A\380.wav,clean,0.07421875,621.0,0
139,E:\SIH\ira-wakeword\dataset\positive_all\piper_batch_A\1754.wav,clean,0.97265625,625.5,0
140,E:\SIH\ira-wakeword\dataset\positive_all\piper_batch_A\2.wav,clean,0.00390625,630.0,0
141,E:\SIH\ira-wakeword\dataset\positive_all\piper_batch_D\426.wav,clean,0.09375,634.5,0
142,E:\SIH\ira-wakeword\real\positive\standardized\quiet_1m\ira_060.wav,clean,0.97265625,639.0,0
143,E:\SIH\ira-wakeword\dataset\positive_all\piper_batch_A\322.wav,clean,0.1953125,643.5,0
144,E:\SIH\ira-wakeword\dataset\positive_all\piper_batch_A\374.wav,clean,0.91796875,648.0,0
145,E:\SIH\ira-wakeword\dataset\positive_all\piper_batch_A\398.wav,clean,0.9765625,652.5,0
146,E:\SIH\ira-wakeword\dataset\positive_all\piper_batch_D\278.wav,clean,0.0625,657.0,0
147,E:\SIH\ira-wakeword\dataset\positive_all\piper_batch_D\966.wav,clean,0.0390625,661.5,0
148,E:\SIH\ira-wakeword\dataset\positive_all\piper_batch_A\432.wav,clean,0.69921875,666.0,0
149,E:\SIH\ira-wakeword\dataset\positive_all\piper_batch_B\882.wav,clean,0.10546875,670.5,0
150,E:\SIH\ira-wakeword\dataset\positive_all\piper_batch_A\767.wav,clean,0.98046875,675.0,0
151,E:\SIH\ira-wakeword\dataset\positive_all\piper_batch_D\653.wav,clean,0.33203125,679.5,0
152,E:\SIH\ira-wakeword\dataset\positive_all\piper_batch_C\1144.wav,clean,0.0,684.0,0
153,E:\SIH\ira-wakeword\dataset\positive_all\piper_batch_A\173.wav,clean,0.953125,688.5,0
154,E:\SIH\ira-wakeword\dataset\positive_all\piper_batch_B\1844.wav,clean,0.15625,693.0,0
155,E:\SIH\ira-wakeword\dataset\positive_all\piper_batch_C\850.wav,clean,0.09375,697.5,0
156,E:\SIH\ira-wakeword\dataset\positive_all\piper_batch_D\284.wav,clean,0.953125,702.0,0
157,E:\SIH\ira-wakeword\dataset\positive_all\piper_batch_B\1298.wav,clean,0.13671875,706.5,0
158,E:\SIH\ira-wakeword\dataset\positive_all\piper_batch_B\1324.wav,clean,0.87890625,711.0,0
159,E:\SIH\ira-wakeword\dataset\positive_all\piper_batch_B\926.wav,clean,0.9765625,715.5,0
160,E:\SIH\ira-wakeword\dataset\positive_all\piper_batch_C\251.wav,clean,0.0625,720.0,0
161,E:\SIH\ira-wakeword\dataset\positive_all\synthetic\synthetic_pilot100_58.wav,clean,0.00390625,724.5,0
162,E:\SIH\ira-wakeword\dataset\positive_all\piper_batch_C\1486.wav,clean,0.82421875,729.0,0
163,E:\SIH\ira-wakeword\dataset\positive_all\piper_batch_A\681.wav,clean,0.13671875,733.5,0
164,E:\SIH\ira-wakeword\dataset\positive_all\piper_batch_C\1955.wav,clean,0.96875,738.0,0
165,E:\SIH\ira-wakeword\dataset\positive_all\piper_batch_C\381.wav,clean,0.15625,742.5,0
166,E:\SIH\ira-wakeword\dataset\positive_all\synthetic\synthetic_hfc_male_slow_37.wav,clean,0.01953125,747.0,0
167,E:\SIH\ira-wakeword\dataset\positive_all\piper_batch_C\58.wav,clean,0.9453125,751.5,0
168,E:\SIH\ira-wakeword\dataset\positive_all\piper_batch_B\453.wav,clean,0.4296875,756.0,0
169,E:\SIH\ira-wakeword\dataset\positive_all\piper_batch_D\324.wav,clean,0.0546875,760.5,0
170,E:\SIH\ira-wakeword\dataset\positive_all\piper_batch_B\320.wav,clean,0.46484375,765.0,0
171,E:\SIH\ira-wakeword\dataset\positive_all\piper_batch_C\1427.wav,clean,0.01953125,769.5,0
172,E:\SIH\ira-wakeword\dataset\positive_all\piper_batch_C\1785.wav,clean,0.30078125,774.0,0
173,E:\SIH\ira-wakeword\dataset\positive_all\piper_batch_C\839.wav,clean,0.98046875,778.5,0
174,E:\SIH\ira-wakeword\dataset\positive_all\piper_batch_A\896.wav,clean,0.33203125,783.0,0
175,E:\SIH\ira-wakeword\dataset\positive_all\synthetic\synthetic_amy_normal_7.wav,clean,0.02734375,787.5,0
176,E:\SIH\ira-wakeword\dataset\positive_all\piper_batch_B\1741.wav,clean,0.66796875,792.0,0
177,E:\SIH\ira-wakeword\dataset\positive_all\synthetic\synthetic_ryan_41.wav,clean,0.02734375,796.5,0
178,E:\SIH\ira-wakeword\dataset\positive_all\piper_batch_A\889.wav,clean,0.984375,801.0,0
179,E:\SIH\ira-wakeword\dataset\positive_all\piper_batch_A\806.wav,clean,0.0,805.5,0
180,E:\SIH\ira-wakeword\dataset\positive_all\piper_batch_A\766.wav,clean,0.1953125,810.0,0
181,E:\SIH\ira-wakeword\dataset\positive_all\piper_batch_C\375.wav,clean,0.9765625,814.5,0
182,E:\SIH\ira-wakeword\dataset\positive_all\piper_batch_B\57.wav,clean,0.0078125,819.0,0
183,E:\SIH\ira-wakeword\dataset\positive_all\piper_batch_A\1204.wav,clean,0.17578125,823.5,0
184,E:\SIH\ira-wakeword\dataset\positive_all\piper_batch_D\623.wav,clean,0.98046875,828.0,0
185,E:\SIH\ira-wakeword\dataset\positive_all\piper_batch_D\1354.wav,clean,0.46484375,832.5,0
186,E:\SIH\ira-wakeword\dataset\positive_all\piper_batch_B\564.wav,clean,0.60546875,837.0,0
187,E:\SIH\ira-wakeword\dataset\positive_all\piper_batch_D\633.wav,clean,0.95703125,841.5,0
188,E:\SIH\ira-wakeword\dataset\positive_all\synthetic\synthetic_hfc_male_55.wav,clean,0.89453125,846.0,0
189,E:\SIH\ira-wakeword\dataset\positive_all\synthetic\synthetic_amy_normal_34.wav,clean,0.5,850.5,0
190,E:\SIH\ira-wakeword\dataset\positive_all\piper_batch_A\650.wav,clean,0.2421875,855.0,0
191,E:\SIH\ira-wakeword\dataset\positive_all\piper_batch_A\914.wav,clean,0.03125,859.5,0
192,E:\SIH\ira-wakeword\dataset\positive_all\piper_batch_D\815.wav,clean,0.9609375,864.0,0
193,E:\SIH\ira-wakeword\dataset\positive_all\piper_batch_B\1013.wav,clean,0.01953125,868.5,0
194,E:\SIH\ira-wakeword\dataset\positive_all\piper_batch_D\151.wav,clean,0.046875,873.0,0
195,E:\SIH\ira-wakeword\dataset\positive_all\piper_batch_B\1570.wav,clean,0.98046875,877.5,0
196,E:\SIH\ira-wakeword\dataset\positive_all\synthetic\synthetic_lessac_normal_114.wav,clean,0.0,882.0,0
197,E:\SIH\ira-wakeword\real\positive\standardized\quiet_50cm\ira_0117.wav,clean,0.99609375,886.5,0
198,E:\SIH\ira-wakeword\dataset\positive_all\piper_batch_A\231.wav,clean,0.95703125,891.0,0
199,E:\SIH\ira-wakeword\dataset\positive_all\piper_batch_B\573.wav,clean,0.08203125,895.5,0
200,E:\SIH\ira-wakeword\dataset\positive_all\piper_batch_C\1192.wav,clean,0.12109375,900.0,0
201,E:\SIH\ira-wakeword\dataset\positive_all\piper_batch_A\934.wav,clean,0.97265625,904.5,0
202,E:\SIH\ira-wakeword\dataset\positive_all\piper_batch_C\1653.wav,clean,0.0078125,909.0,0
203,E:\SIH\ira-wakeword\real\positive\standardized\quiet_1m\ira_0133.wav,clean,0.98046875,913.5,0
204,E:\SIH\ira-wakeword\dataset\positive_all\piper_batch_D\1558.wav,clean,0.82421875,918.0,0
205,E:\SIH\ira-wakeword\dataset\positive_all\piper_batch_D\402.wav,clean,0.87890625,922.5,0
206,E:\SIH\ira-wakeword\dataset\positive_all\piper_batch_C\1596.wav,clean,0.9765625,927.0,0
207,E:\SIH\ira-wakeword\dataset\positive_all\synthetic\synthetic_lessac_fast_29.wav,clean,0.0,931.5,0
208,E:\SIH\ira-wakeword\dataset\positive_all\synthetic\synthetic_hfc_male_normal_45.wav,clean,0.046875,936.0,0
209,E:\SIH\ira-wakeword\dataset\positive_all\piper_batch_B\505.wav,clean,0.92578125,940.5,0
210,E:\SIH\ira-wakeword\dataset\positive_all\piper_batch_D\626.wav,clean,0.1953125,945.0,0
211,E:\SIH\ira-wakeword\dataset\positive_all\synthetic\synthetic_hfc_male_normal_48.wav,clean,0.2421875,949.5,0
212,E:\SIH\ira-wakeword\dataset\positive_all\piper_batch_D\74.wav,clean,0.92578125,954.0,0
213,E:\SIH\ira-wakeword\dataset\positive_all\synthetic\synthetic_amy_67.wav,clean,0.0,958.5,0
214,E:\SIH\ira-wakeword\dataset\positive_all\piper_batch_B\1891.wav,clean,0.12109375,963.0,0
215,E:\SIH\ira-wakeword\dataset\positive_all\piper_batch_A\978.wav,clean,0.98046875,967.5,0
216,E:\SIH\ira-wakeword\dataset\positive_all\piper_batch_D\1099.wav,clean,0.01171875,972.0,0
217,E:\SIH\ira-wakeword\dataset\positive_all\synthetic\synthetic_ryan_normal_32.wav,clean,0.7578125,976.5,0
218,E:\SIH\ira-wakeword\dataset\positive_all\piper_batch_B\1814.wav,clean,0.8046875,981.0,0
219,E:\SIH\ira-wakeword\dataset\positive_all\piper_batch_B\85.wav,clean,0.17578125,985.5,0
220,E:\SIH\ira-wakeword\dataset\positive_all\piper_batch_B\792.wav,clean,0.73046875,990.0,0
221,E:\SIH\ira-wakeword\dataset\positive_all\piper_batch_A\814.wav,clean,0.01953125,994.5,0
222,E:\SIH\ira-wakeword\dataset\positive_all\piper_batch_A\1365.wav,clean,0.89453125,999.0,0
223,E:\SIH\ira-wakeword\dataset\positive_all\piper_batch_B\37.wav,clean,0.98046875,1003.5,0
224,E:\SIH\ira-wakeword\dataset\positive_all\piper_batch_A\867.wav,clean,0.01171875,1008.0,0
225,E:\SIH\ira-wakeword\dataset\positive_all\piper_batch_A\1629.wav,clean,0.09375,1012.5,0
226,E:\SIH\ira-wakeword\dataset\positive_all\piper_batch_B\852.wav,clean,0.8046875,1017.0,0
227,E:\SIH\ira-wakeword\dataset\positive_all\synthetic\synthetic_hfc_female_normal_57.wav,clean,0.03125,1021.5,0
228,E:\SIH\ira-wakeword\dataset\positive_all\piper_batch_B\1412.wav,clean,0.2421875,1026.0,0
229,E:\SIH\ira-wakeword\dataset\positive_all\synthetic\synthetic_hfc_male_normal_109.wav,clean,0.96875,1030.5,0
230,E:\SIH\ira-wakeword\real\positive\standardized\quiet_50cm\ira_015.wav,clean,0.9609375,1035.0,0
231,E:\SIH\ira-wakeword\dataset\positive_all\piper_batch_B\1161.wav,clean,0.91796875,1039.5,0
232,E:\SIH\ira-wakeword\dataset\positive_all\synthetic\synthetic_hfc_female_normal_71.wav,clean,0.8046875,1044.0,0
233,E:\SIH\ira-wakeword\dataset\positive_all\piper_batch_A\476.wav,clean,0.39453125,1048.5,0
234,E:\SIH\ira-wakeword\real\positive\standardized\quiet_1m\ira_0217.wav,clean,0.99609375,1053.0,0
235,E:\SIH\ira-wakeword\dataset\positive_all\piper_batch_A\1881.wav,clean,0.01953125,1057.5,0
236,E:\SIH\ira-wakeword\dataset\positive_all\piper_batch_B\456.wav,clean,0.26953125,1062.0,0
237,E:\SIH\ira-wakeword\real\positive\standardized\quiet_20cm\ira_0129.wav,clean,0.984375,1066.5,0
238,E:\SIH\ira-wakeword\dataset\positive_all\piper_batch_C\74.wav,clean,0.0078125,1071.0,0
239,E:\SIH\ira-wakeword\dataset\positive_all\piper_batch_C\94.wav,clean,0.33203125,1075.5,0
240,E:\SIH\ira-wakeword\dataset\positive_all\piper_batch_C\720.wav,clean,0.9765625,1080.0,0
241,E:\SIH\ira-wakeword\dataset\positive_all\piper_batch_C\1843.wav,clean,0.03125,1084.5,0
242,E:\SIH\ira-wakeword\dataset\positive_all\synthetic\synthetic_lessac_slow_38.wav,clean,0.0078125,1089.0,0
243,E:\SIH\ira-wakeword\dataset\positive_all\piper_batch_C\732.wav,clean,0.9765625,1093.5,0
244,E:\SIH\ira-wakeword\dataset\positive_all\piper_batch_C\406.wav,clean,0.01953125,1098.0,0
245,E:\SIH\ira-wakeword\dataset\positive_all\piper_batch_A\1444.wav,clean,0.17578125,1102.5,0
246,E:\SIH\ira-wakeword\real\positive\standardized\quiet_20cm\ira_065.wav,clean,0.9609375,1107.0,0
247,E:\SIH\ira-wakeword\dataset\positive_all\piper_batch_B\1853.wav,clean,0.02734375,1111.5,0
248,E:\SIH\ira-wakeword\dataset\positive_all\piper_batch_D\134.wav,clean,0.97265625,1116.0,0
249,E:\SIH\ira-wakeword\dataset\positive_all\piper_batch_A\880.wav,clean,0.12109375,1120.5,0
250,E:\SIH\ira-wakeword\dataset\positive_all\piper_batch_C\223.wav,clean,0.12109375,1125.0,0
251,E:\SIH\ira-wakeword\dataset\positive_all\piper_batch_A\1869.wav,clean,0.9765625,1129.5,0
252,E:\SIH\ira-wakeword\dataset\positive_all\synthetic\synthetic_hfc_male_69.wav,clean,0.0390625,1134.0,0
253,E:\SIH\ira-wakeword\dataset\positive_all\synthetic\synthetic_lessac_slow_17.wav,clean,0.87890625,1138.5,0
254,E:\SIH\ira-wakeword\real\positive\standardized\quiet_20cm\ira_0128.wav,clean,0.9921875,1143.0,0
255,E:\SIH\ira-wakeword\dataset\positive_all\piper_batch_A\579.wav,clean,0.046875,1147.5,0
256,E:\SIH\ira-wakeword\dataset\positive_all\piper_batch_B\1474.wav,clean,0.046875,1152.0,0
257,E:\SIH\ira-wakeword\dataset\positive_all\synthetic\synthetic_hfc_male_116.wav,clean,0.953125,1156.5,0
258,E:\SIH\ira-wakeword\dataset\positive_all\piper_batch_D\1521.wav,clean,0.0234375,1161.0,0
259,E:\SIH\ira-wakeword\dataset\positive_all\piper_batch_B\1560.wav,clean,0.5703125,1165.5,0
260,E:\SIH\ira-wakeword\dataset\positive_all\piper_batch_A\28.wav,clean,0.78125,1170.0,0
261,E:\SIH\ira-wakeword\dataset\positive_all\piper_batch_D\957.wav,clean,0.0625,1174.5,0
262,E:\SIH\ira-wakeword\dataset\positive_all\piper_batch_A\1297.wav,clean,0.95703125,1179.0,0
263,E:\SIH\ira-wakeword\dataset\positive_all\synthetic\synthetic_ryan_normal_47.wav,clean,0.0,1183.5,0
264,E:\SIH\ira-wakeword\dataset\positive_all\piper_batch_C\610.wav,clean,0.046875,1188.0,0
265,E:\SIH\ira-wakeword\dataset\positive_all\piper_batch_D\367.wav,clean,0.984375,1192.5,0
266,E:\SIH\ira-wakeword\dataset\positive_all\piper_batch_A\1532.wav,clean,0.0234375,1197.0,0
267,E:\SIH\ira-wakeword\dataset\positive_all\piper_batch_C\61.wav,clean,0.86328125,1201.5,0
268,E:\SIH\ira-wakeword\dataset\positive_all\piper_batch_B\637.wav,clean,0.9609375,1206.0,0
269,E:\SIH\ira-wakeword\dataset\positive_all\piper_batch_D\1328.wav,clean,0.2421875,1210.5,0
270,E:\SIH\ira-wakeword\dataset\positive_all\synthetic\synthetic_ryan_slow_22.wav,clean,0.00390625,1215.0,0
271,E:\SIH\ira-wakeword\dataset\positive_all\piper_batch_B\891.wav,clean,0.98046875,1219.5,0
272,E:\SIH\ira-wakeword\dataset\positive_all\piper_batch_C\1683.wav,clean,0.30078125,1224.0,0
273,E:\SIH\ira-wakeword\dataset\positive_all\piper_batch_B\1940.wav,clean,0.60546875,1228.5,0
274,E:\SIH\ira-wakeword\dataset\positive_all\piper_batch_A\857.wav,clean,0.86328125,1233.0,0
275,E:\SIH\ira-wakeword\dataset\positive_all\synthetic\synthetic_pilot100_76.wav,clean,0.00390625,1237.5,0
276,E:\SIH\ira-wakeword\real\positive\standardized\quiet_20cm\ira_0190.wav,clean,0.99609375,1242.0,0
277,E:\SIH\ira-wakeword\dataset\positive_all\piper_batch_B\1752.wav,clean,0.08203125,1246.5,0
278,E:\SIH\ira-wakeword\dataset\positive_all\piper_batch_D\262.wav,clean,0.08203125,1251.0,0
279,E:\SIH\ira-wakeword\dataset\positive_all\synthetic\synthetic_test_3.wav,clean,0.953125,1255.5,0
280,E:\SIH\ira-wakeword\dataset\positive_all\synthetic\synthetic_amy_normal_104.wav,clean,0.0,1260.0,0
281,E:\SIH\ira-wakeword\dataset\positive_all\piper_batch_B\1839.wav,clean,0.01953125,1264.5,0
282,E:\SIH\ira-wakeword\dataset\positive_all\synthetic\synthetic_lessac_fast_19.wav,clean,0.9609375,1269.0,0
283,E:\SIH\ira-wakeword\dataset\positive_all\piper_batch_A\1523.wav,clean,0.2421875,1273.5,0
284,E:\SIH\ira-wakeword\dataset\positive_all\piper_batch_B\1494.wav,clean,0.12109375,1278.0,0
285,E:\SIH\ira-wakeword\dataset\positive_all\piper_batch_C\493.wav,clean,0.97265625,1282.5,0
286,E:\SIH\ira-wakeword\dataset\positive_all\piper_batch_C\114.wav,clean,0.36328125,1287.0,0
287,E:\SIH\ira-wakeword\dataset\positive_all\piper_batch_B\733.wav,clean,0.89453125,1291.5,0
288,E:\SIH\ira-wakeword\dataset\positive_all\piper_batch_A\150.wav,clean,0.46484375,1296.0,0
289,E:\SIH\ira-wakeword\dataset\positive_all\piper_batch_A\1106.wav,clean,0.36328125,1300.5,0
290,E:\SIH\ira-wakeword\dataset\positive_all\piper_batch_B\1290.wav,clean,0.9765625,1305.0,0
291,E:\SIH\ira-wakeword\dataset\positive_all\piper_batch_A\1425.wav,clean,0.4296875,1309.5,0
292,E:\SIH\ira-wakeword\dataset\positive_all\piper_batch_B\1225.wav,clean,0.12109375,1314.0,0
293,E:\SIH\ira-wakeword\dataset\positive_all\piper_batch_D\1557.wav,clean,0.96875,1318.5,0
294,E:\SIH\ira-wakeword\dataset\positive_all\piper_batch_A\1582.wav,clean,0.09375,1323.0,0
295,E:\SIH\ira-wakeword\dataset\positive_all\piper_batch_B\705.wav,clean,0.15625,1327.5,0
296,E:\SIH\ira-wakeword\dataset\positive_all\synthetic\synthetic_lessac_normal_26.wav,clean,0.98046875,1332.0,0
297,E:\SIH\ira-wakeword\dataset\positive_all\piper_batch_B\32.wav,clean,0.01171875,1336.5,0
298,E:\SIH\ira-wakeword\dataset\positive_all\piper_batch_B\768.wav,clean,0.36328125,1341.0,0
299,E:\SIH\ira-wakeword\dataset\positive_all\piper_batch_B\802.wav,clean,0.98046875,1345.5,0
300,E:\SIH\ira-wakeword\dataset\positive_all\piper_batch_A\627.wav,clean,0.09375,1350.0,0
301,E:\SIH\ira-wakeword\real\positive\standardized\quiet_20cm\ira_0172.wav,clean,0.98046875,1354.5,0
302,E:\SIH\ira-wakeword\dataset\positive_all\piper_batch_A\1546.wav,clean,0.30078125,1359.0,0
303,E:\SIH\ira-wakeword\dataset\positive_all\synthetic\synthetic_pilot100_56.wav,clean,0.015625,1363.5,0
304,E:\SIH\ira-wakeword\dataset\positive_all\piper_batch_B\1571.wav,clean,0.96875,1368.0,0
305,E:\SIH\ira-wakeword\dataset\positive_all\piper_batch_B\1874.wav,clean,0.01171875,1372.5,0
306,E:\SIH\ira-wakeword\real\positive\standardized\quiet_50cm\ira_0174.wav,clean,0.9921875,1377.0,0
307,E:\SIH\ira-wakeword\dataset\positive_all\piper_batch_A\1640.wav,clean,0.96875,1381.5,0
308,E:\SIH\ira-wakeword\dataset\positive_all\piper_batch_C\1184.wav,clean,0.0078125,1386.0,0
309,E:\SIH\ira-wakeword\dataset\positive_all\piper_batch_A\1411.wav,clean,0.36328125,1390.5,0
310,E:\SIH\ira-wakeword\dataset\positive_all\piper_batch_B\1069.wav,clean,0.90625,1395.0,0
311,E:\SIH\ira-wakeword\dataset\positive_all\piper_batch_D\1395.wav,clean,0.03125,1399.5,0
312,E:\SIH\ira-wakeword\dataset\positive_all\piper_batch_B\1958.wav,clean,0.82421875,1404.0,0
313,E:\SIH\ira-wakeword\dataset\positive_all\piper_batch_C\1763.wav,clean,0.98046875,1408.5,0
314,E:\SIH\ira-wakeword\dataset\positive_all\piper_batch_A\68.wav,clean,0.2421875,1413.0,0
315,E:\SIH\ira-wakeword\dataset\positive_all\synthetic\synthetic_amy_65.wav,clean,0.89453125,1417.5,0
316,E:\SIH\ira-wakeword\dataset\positive_all\piper_batch_A\407.wav,clean,0.53515625,1422.0,0
317,E:\SIH\ira-wakeword\dataset\positive_all\piper_batch_D\46.wav,clean,0.0234375,1426.5,0
318,E:\SIH\ira-wakeword\dataset\positive_all\piper_batch_D\1104.wav,clean,0.953125,1431.0,0
319,E:\SIH\ira-wakeword\dataset\positive_all\piper_batch_C\1056.wav,clean,0.02734375,1435.5,0
320,E:\SIH\ira-wakeword\real\positive\standardized\quiet_50cm\ira_044.wav,clean,0.95703125,1440.0,0
321,E:\SIH\ira-wakeword\dataset\positive_all\piper_batch_D\1449.wav,clean,0.96875,1444.5,0
322,E:\SIH\ira-wakeword\dataset\positive_all\piper_batch_B\1748.wav,clean,0.46484375,1449.0,0
323,E:\SIH\ira-wakeword\dataset\positive_all\piper_batch_C\906.wav,clean,0.02734375,1453.5,0
324,E:\SIH\ira-wakeword\dataset\positive_all\synthetic\synthetic_hfc_male_82.wav,clean,0.9765625,1458.0,0
325,E:\SIH\ira-wakeword\dataset\positive_all\piper_batch_D\1019.wav,clean,0.0546875,1462.5,0
326,E:\SIH\ira-wakeword\dataset\positive_all\piper_batch_A\807.wav,clean,0.17578125,1467.0,0
327,E:\SIH\ira-wakeword\dataset\positive_all\piper_batch_B\952.wav,clean,0.92578125,1471.5,0
328,E:\SIH\ira-wakeword\dataset\positive_all\piper_batch_D\729.wav,clean,0.15625,1476.0,0
329,E:\SIH\ira-wakeword\dataset\positive_all\synthetic\synthetic_hfc_male_95.wav,clean,0.13671875,1480.5,0
330,E:\SIH\ira-wakeword\dataset\positive_all\piper_batch_B\855.wav,clean,0.84375,1485.0,0
331,E:\SIH\ira-wakeword\dataset\positive_all\piper_batch_A\176.wav,clean,0.21875,1489.5,0
332,E:\SIH\ira-wakeword\dataset\positive_all\piper_batch_C\1658.wav,clean,0.9765625,1494.0,0
333,E:\SIH\ira-wakeword\dataset\positive_all\piper_batch_B\1245.wav,clean,0.01953125,1498.5,0
334,E:\SIH\ira-wakeword\dataset\positive_all\piper_batch_D\1029.wav,clean,0.0546875,1503.0,0
335,E:\SIH\ira-wakeword\dataset\positive_all\piper_batch_A\1843.wav,ambient,0.7578125,4.5,0
336,E:\SIH\ira-wakeword\dataset\positive_all\synthetic\synthetic_hfc_female_slow_33.wav,ambient,0.9765625,9.0,0
337,E:\SIH\ira-wakeword\dataset\positive_all\synthetic\synthetic_hfc_male_34.wav,ambient,0.1953125,13.5,0
338,E:\SIH\ira-wakeword\dataset\positive_all\piper_batch_C\1940.wav,ambient,0.01953125,18.0,0
339,E:\SIH\ira-wakeword\dataset\positive_all\piper_batch_C\236.wav,ambient,0.8046875,22.5,0
340,E:\SIH\ira-wakeword\dataset\positive_all\piper_batch_D\238.wav,ambient,0.01953125,27.0,0
341,E:\SIH\ira-wakeword\dataset\positive_all\piper_batch_C\662.wav,ambient,0.8046875,31.5,0
342,E:\SIH\ira-wakeword\dataset\positive_all\piper_batch_C\1734.wav,ambient,0.36328125,36.0,0
343,E:\SIH\ira-wakeword\dataset\positive_all\piper_batch_C\0.wav,ambient,0.015625,40.5,0
344,E:\SIH\ira-wakeword\dataset\positive_all\piper_batch_A\1244.wav,ambient,0.95703125,45.0,0
345,E:\SIH\ira-wakeword\dataset\positive_all\piper_batch_A\1692.wav,ambient,0.5703125,49.5,0
346,E:\SIH\ira-wakeword\dataset\positive_all\piper_batch_C\211.wav,ambient,0.0,54.0,0
347,E:\SIH\ira-wakeword\dataset\positive_all\synthetic\synthetic_lessac_18.wav,ambient,0.9765625,58.5,0
348,E:\SIH\ira-wakeword\dataset\positive_all\piper_batch_A\1597.wav,ambient,0.0,63.0,0
349,E:\SIH\ira-wakeword\dataset\positive_all\piper_batch_A\1485.wav,ambient,0.0,67.5,0
350,E:\SIH\ira-wakeword\dataset\positive_all\piper_batch_B\661.wav,ambient,0.98046875,72.0,0
351,E:\SIH\ira-wakeword\dataset\positive_all\piper_batch_D\1508.wav,ambient,0.8046875,76.5,0
352,E:\SIH\ira-wakeword\dataset\positive_all\piper_batch_B\1692.wav,ambient,0.15625,81.0,0
353,E:\SIH\ira-wakeword\real\positive\standardized\quiet_1m\ira_075.wav,ambient,0.97265625,85.5,0
354,E:\SIH\ira-wakeword\dataset\positive_all\piper_batch_B\1164.wav,ambient,0.0078125,90.0,0
355,E:\SIH\ira-wakeword\dataset\positive_all\piper_batch_C\1037.wav,ambient,0.90625,94.5,0
356,E:\SIH\ira-wakeword\dataset\positive_all\piper_batch_D\405.wav,ambient,0.78125,99.0,0
357,E:\SIH\ira-wakeword\dataset\positive_all\piper_batch_C\137.wav,ambient,0.0,103.5,0
358,E:\SIH\ira-wakeword\dataset\positive_all\piper_batch_C\1968.wav,ambient,0.97265625,108.0,0
359,E:\SIH\ira-wakeword\dataset\positive_all\synthetic\synthetic_ryan_slow_25.wav,ambient,0.89453125,112.5,0
360,E:\SIH\ira-wakeword\dataset\positive_all\piper_batch_A\1316.wav,ambient,0.09375,117.0,0
361,E:\SIH\ira-wakeword\dataset\positive_all\piper_batch_D\455.wav,ambient,0.95703125,121.5,0
362,E:\SIH\ira-wakeword\dataset\positive_all\synthetic\synthetic_amy_normal_46.wav,ambient,0.0546875,126.0,0
363,E:\SIH\ira-wakeword\dataset\positive_all\piper_batch_C\953.wav,ambient,0.10546875,130.5,0
364,E:\SIH\ira-wakeword\dataset\positive_all\piper_batch_D\1247.wav,ambient,0.9453125,135.0,0
365,E:\SIH\ira-wakeword\real\positive\standardized\quiet_1m\ira_0165.wav,ambient,0.9375,139.5,0
366,E:\SIH\ira-wakeword\dataset\positive_all\piper_batch_C\1167.wav,ambient,0.87890625,144.0,0
367,E:\SIH\ira-wakeword\dataset\positive_all\piper_batch_D\461.wav,ambient,0.92578125,148.5,0
368,E:\SIH\ira-wakeword\dataset\positive_all\piper_batch_C\1967.wav,ambient,0.04296875,153.0,0
369,E:\SIH\ira-wakeword\dataset\positive_all\piper_batch_A\520.wav,ambient,0.89453125,157.5,0
370,E:\SIH\ira-wakeword\dataset\positive_all\synthetic\synthetic_hfc_female_slow_10.wav,ambient,0.7578125,162.0,0
371,E:\SIH\ira-wakeword\dataset\positive_all\piper_batch_C\1579.wav,ambient,0.78125,166.5,0
372,E:\SIH\ira-wakeword\dataset\positive_all\piper_batch_C\1952.wav,ambient,0.92578125,171.0,0
373,E:\SIH\ira-wakeword\dataset\positive_all\piper_batch_C\838.wav,ambient,0.0,175.5,0
374,E:\SIH\ira-wakeword\dataset\positive_all\piper_batch_A\944.wav,ambient,0.53515625,180.0,0
375,E:\SIH\ira-wakeword\dataset\positive_all\piper_batch_D\495.wav,ambient,0.98046875,184.5,0
376,E:\SIH\ira-wakeword\dataset\positive_all\piper_batch_D\918.wav,ambient,0.0,189.0,0
377,E:\SIH\ira-wakeword\dataset\positive_all\piper_batch_A\1527.wav,ambient,0.08203125,193.5,0
378,E:\SIH\ira-wakeword\dataset\positive_all\piper_batch_D\125.wav,ambient,0.84375,198.0,0
379,E:\SIH\ira-wakeword\dataset\positive_all\synthetic\synthetic_ryan_52.wav,ambient,0.30078125,202.5,0
380,E:\SIH\ira-wakeword\dataset\positive_all\piper_batch_B\1687.wav,ambient,0.36328125,207.0,0
381,E:\SIH\ira-wakeword\real\positive\standardized\quiet_50cm\ira_0200.wav,ambient,0.97265625,211.5,0
382,E:\SIH\ira-wakeword\dataset\positive_all\piper_batch_B\996.wav,ambient,0.046875,216.0,0
383,E:\SIH\ira-wakeword\dataset\positive_all\piper_batch_D\305.wav,ambient,0.8046875,220.5,0
384,E:\SIH\ira-wakeword\dataset\positive_all\synthetic\synthetic_hfc_female_slow_24.wav,ambient,0.86328125,225.0,0
385,E:\SIH\ira-wakeword\real\positive\standardized\quiet_50cm\ira_0104.wav,ambient,0.0625,229.5,0
386,E:\SIH\ira-wakeword\real\positive\standardized\quiet_20cm\ira_0180.wav,ambient,0.953125,234.0,0
387,E:\SIH\ira-wakeword\dataset\positive_all\piper_batch_B\711.wav,ambient,0.0,238.5,0
388,E:\SIH\ira-wakeword\dataset\positive_all\synthetic\synthetic_hfc_female_69.wav,ambient,0.0078125,243.0,0
389,E:\SIH\ira-wakeword\dataset\positive_all\synthetic\synthetic_hfc_female_normal_23.wav,ambient,0.98046875,247.5,0
390,E:\SIH\ira-wakeword\dataset\positive_all\piper_batch_D\1406.wav,ambient,0.0,252.0,0
391,E:\SIH\ira-wakeword\dataset\positive_all\piper_batch_D\527.wav,ambient,0.1953125,256.5,0
392,E:\SIH\ira-wakeword\dataset\positive_all\synthetic\synthetic_hfc_female_normal_68.wav,ambient,0.9765625,261.0,0
393,E:\SIH\ira-wakeword\dataset\positive_all\piper_batch_A\5.wav,ambient,0.01953125,265.5,0
394,E:\SIH\ira-wakeword\real\positive\standardized\quiet_1m\ira_010.wav,ambient,0.89453125,270.0,0
395,E:\SIH\ira-wakeword\dataset\positive_all\synthetic\synthetic_lessac_fast_15.wav,ambient,0.9609375,274.5,0
396,E:\SIH\ira-wakeword\dataset\positive_all\piper_batch_A\1748.wav,ambient,0.01171875,279.0,0
397,E:\SIH\ira-wakeword\dataset\positive_all\piper_batch_A\1812.wav,ambient,0.7578125,283.5,0
398,E:\SIH\ira-wakeword\dataset\positive_all\piper_batch_B\1053.wav,ambient,0.60546875,288.0,0
399,E:\SIH\ira-wakeword\dataset\positive_all\piper_batch_A\1289.wav,ambient,0.00390625,292.5,0
400,E:\SIH\ira-wakeword\dataset\positive_all\synthetic\synthetic_hfc_male_normal_16.wav,ambient,0.96875,297.0,0
401,E:\SIH\ira-wakeword\real\positive\standardized\quiet_50cm\ira_062.wav,ambient,0.9609375,301.5,0
402,E:\SIH\ira-wakeword\dataset\positive_all\piper_batch_B\1662.wav,ambient,0.0,306.0,0
403,E:\SIH\ira-wakeword\dataset\positive_all\synthetic\synthetic_amy_normal_113.wav,ambient,0.96875,310.5,0
404,E:\SIH\ira-wakeword\dataset\positive_all\piper_batch_A\445.wav,ambient,0.0,315.0,0
405,E:\SIH\ira-wakeword\dataset\positive_all\piper_batch_B\1858.wav,ambient,0.00390625,319.5,0
406,E:\SIH\ira-wakeword\dataset\positive_all\piper_batch_B\1352.wav,ambient,0.96875,324.0,0
407,E:\SIH\ira-wakeword\dataset\positive_all\piper_batch_B\468.wav,ambient,0.01171875,328.5,0
408,E:\SIH\ira-wakeword\dataset\positive_all\piper_batch_A\1977.wav,ambient,0.86328125,333.0,0
409,E:\SIH\ira-wakeword\dataset\positive_all\piper_batch_A\707.wav,ambient,0.9609375,337.5,0
410,E:\SIH\ira-wakeword\dataset\positive_all\synthetic\synthetic_ryan_normal_114.wav,ambient,0.01171875,342.0,0
411,E:\SIH\ira-wakeword\dataset\positive_all\piper_batch_D\217.wav,ambient,0.953125,346.5,0
412,E:\SIH\ira-wakeword\dataset\positive_all\synthetic\synthetic_lessac_27.wav,ambient,0.82421875,351.0,0
413,E:\SIH\ira-wakeword\dataset\positive_all\piper_batch_A\1882.wav,ambient,0.00390625,355.5,0
414,E:\SIH\ira-wakeword\dataset\positive_all\piper_batch_B\1364.wav,ambient,0.9609375,360.0,0
415,E:\SIH\ira-wakeword\dataset\positive_all\piper_batch_D\239.wav,ambient,0.0,364.5,0
416,E:\SIH\ira-wakeword\dataset\positive_all\piper_batch_C\1521.wav,ambient,0.1953125,369.0,0
417,E:\SIH\ira-wakeword\dataset\positive_all\piper_batch_C\133.wav,ambient,0.96875,373.5,0
418,E:\SIH\ira-wakeword\dataset\positive_all\synthetic\synthetic_hfc_female_normal_105.wav,ambient,0.0078125,378.0,0
419,E:\SIH\ira-wakeword\dataset\positive_all\piper_batch_D\1158.wav,ambient,0.12109375,382.5,0
420,E:\SIH\ira-wakeword\dataset\positive_all\synthetic\synthetic_hfc_male_slow_11.wav,ambient,0.95703125,387.0,0
421,E:\SIH\ira-wakeword\dataset\positive_all\piper_batch_C\714.wav,ambient,0.0,391.5,0
422,E:\SIH\ira-wakeword\dataset\positive_all\piper_batch_A\1426.wav,ambient,0.13671875,396.0,0
423,E:\SIH\ira-wakeword\dataset\positive_all\synthetic\synthetic_ryan_21.wav,ambient,0.97265625,400.5,0
424,E:\SIH\ira-wakeword\dataset\positive_all\synthetic\synthetic_hfc_male_normal_97.wav,ambient,0.36328125,405.0,0
425,E:\SIH\ira-wakeword\dataset\positive_all\piper_batch_C\1663.wav,ambient,0.69921875,409.5,0
426,E:\SIH\ira-wakeword\dataset\positive_all\piper_batch_B\982.wav,ambient,0.82421875,414.0,0
427,E:\SIH\ira-wakeword\dataset\positive_all\piper_batch_D\860.wav,ambient,0.0078125,418.5,0
428,E:\SIH\ira-wakeword\dataset\positive_all\piper_batch_A\498.wav,ambient,0.98046875,423.0,0
429,E:\SIH\ira-wakeword\dataset\positive_all\piper_batch_C\709.wav,ambient,0.08203125,427.5,0
430,E:\SIH\ira-wakeword\dataset\positive_all\piper_batch_C\1078.wav,ambient,0.01171875,432.0,0
431,E:\SIH\ira-wakeword\dataset\positive_all\piper_batch_B\1088.wav,ambient,0.96875,436.5,0
432,E:\SIH\ira-wakeword\dataset\positive_all\piper_batch_B\1893.wav,ambient,0.0,441.0,0
433,E:\SIH\ira-wakeword\dataset\positive_all\piper_batch_B\1642.wav,ambient,0.10546875,445.5,0
434,E:\SIH\ira-wakeword\dataset\positive_all\piper_batch_C\1928.wav,ambient,0.92578125,450.0,0
435,E:\SIH\ira-wakeword\dataset\positive_all\piper_batch_C\286.wav,ambient,0.0078125,454.5,0
436,E:\SIH\ira-wakeword\dataset\positive_all\piper_batch_B\195.wav,ambient,0.36328125,459.0,0
437,E:\SIH\ira-wakeword\dataset\positive_all\piper_batch_A\245.wav,ambient,0.97265625,463.5,0
438,E:\SIH\ira-wakeword\dataset\positive_all\synthetic\synthetic_ryan_117.wav,ambient,0.91796875,468.0,0
439,E:\SIH\ira-wakeword\dataset\positive_all\piper_batch_D\1481.wav,ambient,0.89453125,472.5,0
440,E:\SIH\ira-wakeword\dataset\positive_all\piper_batch_B\772.wav,ambient,0.5703125,477.0,0
441,E:\SIH\ira-wakeword\dataset\positive_all\piper_batch_B\319.wav,ambient,0.00390625,481.5,0
442,E:\SIH\ira-wakeword\dataset\positive_all\piper_batch_B\187.wav,ambient,0.91796875,486.0,0
443,E:\SIH\ira-wakeword\dataset\positive_all\piper_batch_A\1250.wav,ambient,0.0,490.5,0
444,E:\SIH\ira-wakeword\dataset\positive_all\synthetic\synthetic_hfc_male_normal_74.wav,ambient,0.01171875,495.0,0
445,E:\SIH\ira-wakeword\dataset\positive_all\piper_batch_D\1554.wav,ambient,0.97265625,499.5,0
446,E:\SIH\ira-wakeword\real\positive\standardized\quiet_1m\ira_026.wav,ambient,0.17578125,504.0,0
447,E:\SIH\ira-wakeword\dataset\positive_all\piper_batch_A\931.wav,ambient,0.0,508.5,0
448,E:\SIH\ira-wakeword\dataset\positive_all\piper_batch_A\1910.wav,ambient,0.953125,513.0,0
449,E:\SIH\ira-wakeword\dataset\positive_all\piper_batch_B\1379.wav,ambient,0.01953125,517.5,0
450,E:\SIH\ira-wakeword\dataset\positive_all\piper_batch_C\218.wav,ambient,0.015625,522.0,0
451,E:\SIH\ira-wakeword\dataset\positive_all\piper_batch_B\1504.wav,ambient,0.98046875,526.5,0
452,E:\SIH\ira-wakeword\dataset\positive_all\piper_batch_B\1811.wav,ambient,0.87890625,531.0,0
453,E:\SIH\ira-wakeword\dataset\positive_all\piper_batch_B\159.wav,ambient,0.46484375,535.5,0
454,E:\SIH\ira-wakeword\dataset\positive_all\piper_batch_D\572.wav,ambient,0.60546875,540.0,0
455,E:\SIH\ira-wakeword\dataset\positive_all\synthetic\synthetic_lessac_normal_75.wav,ambient,0.00390625,544.5,0
456,E:\SIH\ira-wakeword\dataset\positive_all\piper_batch_C\1326.wav,ambient,0.98046875,549.0,0
457,E:\SIH\ira-wakeword\dataset\positive_all\piper_batch_A\1964.wav,ambient,0.0,553.5,0
458,E:\SIH\ira-wakeword\dataset\positive_all\piper_batch_A\453.wav,ambient,0.0234375,558.0,0
459,E:\SIH\ira-wakeword\dataset\positive_all\piper_batch_D\332.wav,ambient,0.9609375,562.5,0
460,E:\SIH\ira-wakeword\dataset\positive_all\piper_batch_A\393.wav,ambient,0.0,567.0,0
461,E:\SIH\ira-wakeword\dataset\positive_all\piper_batch_B\446.wav,ambient,0.00390625,571.5,0
462,E:\SIH\ira-wakeword\dataset\positive_all\piper_batch_A\138.wav,ambient,0.953125,576.0,0
463,E:\SIH\ira-wakeword\dataset\positive_all\piper_batch_C\1456.wav,ambient,0.13671875,580.5,0
464,E:\SIH\ira-wakeword\dataset\positive_all\piper_batch_A\132.wav,ambient,0.53515625,585.0,0
465,E:\SIH\ira-wakeword\dataset\positive_all\piper_batch_C\503.wav,ambient,0.98046875,589.5,0
466,E:\SIH\ira-wakeword\dataset\positive_all\piper_batch_B\1368.wav,ambient,0.66796875,594.0,0
467,E:\SIH\ira-wakeword\dataset\positive_all\piper_batch_B\1872.wav,ambient,0.953125,598.5,0
468,E:\SIH\ira-wakeword\real\positive\standardized\quiet_20cm\ira_099.wav,ambient,0.7578125,603.0,0
469,E:\SIH\ira-wakeword\dataset\positive_all\piper_batch_C\808.wav,ambient,0.00390625,607.5,0
470,E:\SIH\ira-wakeword\dataset\positive_all\synthetic\synthetic_hfc_female_119.wav,ambient,0.96875,612.0,0
471,E:\SIH\ira-wakeword\dataset\positive_all\piper_batch_A\1528.wav,ambient,0.04296875,616.5,0
472,E:\SIH\ira-wakeword\dataset\positive_all\piper_batch_B\1186.wav,ambient,0.0,621.0,0
473,E:\SIH\ira-wakeword\dataset\positive_all\synthetic\synthetic_pilot100_50.wav,ambient,0.97265625,625.5,0
474,E:\SIH\ira-wakeword\dataset\positive_all\piper_batch_B\1493.wav,ambient,0.0,630.0,0
475,E:\SIH\ira-wakeword\dataset\positive_all\piper_batch_A\1267.wav,ambient,0.00390625,634.5,0
476,E:\SIH\ira-wakeword\dataset\positive_all\piper_batch_A\1636.wav,ambient,0.2421875,639.0,0
477,E:\SIH\ira-wakeword\dataset\positive_all\piper_batch_D\79.wav,ambient,0.08203125,643.5,0
478,E:\SIH\ira-wakeword\dataset\positive_all\synthetic\synthetic_lessac_106.wav,ambient,0.92578125,648.0,0
479,E:\SIH\ira-wakeword\dataset\positive_all\piper_batch_A\623.wav,ambient,0.9765625,652.5,0
480,E:\SIH\ira-wakeword\dataset\positive_all\piper_batch_B\1929.wav,ambient,0.0078125,657.0,0
481,E:\SIH\ira-wakeword\dataset\positive_all\synthetic\synthetic_lessac_normal_11.wav,ambient,0.66796875,661.5,0
482,E:\SIH\ira-wakeword\dataset\positive_all\piper_batch_C\1067.wav,ambient,0.73046875,666.0,0
483,E:\SIH\ira-wakeword\dataset\positive_all\piper_batch_C\607.wav,ambient,0.02734375,670.5,0
484,E:\SIH\ira-wakeword\dataset\positive_all\piper_batch_D\1531.wav,ambient,0.98046875,675.0,0
485,E:\SIH\ira-wakeword\dataset\positive_all\piper_batch_D\543.wav,ambient,0.0234375,679.5,0
486,E:\SIH\ira-wakeword\dataset\positive_all\piper_batch_B\657.wav,ambient,0.0,684.0,0
487,E:\SIH\ira-wakeword\dataset\positive_all\piper_batch_A\1530.wav,ambient,0.953125,688.5,0
488,E:\SIH\ira-wakeword\dataset\positive_all\synthetic\synthetic_amy_normal_58.wav,ambient,0.15625,693.0,0
489,E:\SIH\ira-wakeword\dataset\positive_all\piper_batch_D\672.wav,ambient,0.26953125,697.5,0
490,E:\SIH\ira-wakeword\dataset\positive_all\piper_batch_B\1066.wav,ambient,0.953125,702.0,0
491,E:\SIH\ira-wakeword\dataset\positive_all\piper_batch_C\1060.wav,ambient,0.36328125,706.5,0
492,E:\SIH\ira-wakeword\real\positive\standardized\quiet_20cm\ira_0229.wav,ambient,0.90625,711.0,0
493,E:\SIH\ira-wakeword\dataset\positive_all\piper_batch_B\14.wav,ambient,0.9765625,715.5,0
494,E:\SIH\ira-wakeword\dataset\positive_all\piper_batch_D\112.wav,ambient,0.00390625,720.0,0
495,E:\SIH\ira-wakeword\dataset\positive_all\piper_batch_D\1281.wav,ambient,0.89453125,724.5,0
496,E:\SIH\ira-wakeword\dataset\positive_all\piper_batch_A\92.wav,ambient,0.82421875,729.0,0
497,E:\SIH\ira-wakeword\dataset\positive_all\piper_batch_D\895.wav,ambient,0.0,733.5,0
498,E:\SIH\ira-wakeword\dataset\positive_all\piper_batch_B\1640.wav,ambient,0.97265625,738.0,0
499,E:\SIH\ira-wakeword\dataset\positive_all\piper_batch_A\1251.wav,ambient,0.15625,742.5,0
500,E:\SIH\ira-wakeword\dataset\positive_all\piper_batch_A\1860.wav,ambient,0.015625,747.0,0
501,E:\SIH\ira-wakeword\dataset\positive_all\synthetic\synthetic_lessac_normal_22.wav,ambient,0.9453125,751.5,0
502,E:\SIH\ira-wakeword\dataset\positive_all\piper_batch_B\162.wav,ambient,0.4296875,756.0,0
503,E:\SIH\ira-wakeword\dataset\positive_all\piper_batch_A\576.wav,ambient,0.0,760.5,0
504,E:\SIH\ira-wakeword\dataset\positive_all\piper_batch_B\1514.wav,ambient,0.46484375,765.0,0
505,E:\SIH\ira-wakeword\real\positive\standardized\quiet_50cm\ira_0192.wav,ambient,0.91796875,769.5,0
506,E:\SIH\ira-wakeword\dataset\positive_all\piper_batch_B\1012.wav,ambient,0.10546875,774.0,0
507,E:\SIH\ira-wakeword\dataset\positive_all\piper_batch_D\1151.wav,ambient,0.98046875,778.5,0
508,E:\SIH\ira-wakeword\dataset\positive_all\piper_batch_C\1176.wav,ambient,0.15625,783.0,0
509,E:\SIH\ira-wakeword\dataset\positive_all\piper_batch_B\4.wav,ambient,0.36328125,787.5,0
510,E:\SIH\ira-wakeword\dataset\positive_all\synthetic\synthetic_hfc_female_27.wav,ambient,0.66796875,792.0,0
511,E:\SIH\ira-wakeword\dataset\positive_all\piper_batch_A\19.wav,ambient,0.03125,796.5,0
512,E:\SIH\ira-wakeword\real\positive\standardized\quiet_50cm\ira_0106.wav,ambient,0.98046875,801.0,0
513,E:\SIH\ira-wakeword\dataset\positive_all\piper_batch_D\948.wav,ambient,0.0,805.5,0
514,E:\SIH\ira-wakeword\dataset\positive_all\piper_batch_D\254.wav,ambient,0.0078125,810.0,0
515,E:\SIH\ira-wakeword\dataset\positive_all\piper_batch_A\1650.wav,ambient,0.98046875,814.5,0
516,E:\SIH\ira-wakeword\dataset\positive_all\piper_batch_A\256.wav,ambient,0.0,819.0,0
517,E:\SIH\ira-wakeword\dataset\positive_all\piper_batch_B\1317.wav,ambient,0.15625,823.5,0
518,E:\SIH\ira-wakeword\dataset\positive_all\synthetic\synthetic_pilot100_91.wav,ambient,0.9765625,828.0,0
519,E:\SIH\ira-wakeword\dataset\positive_all\synthetic\synthetic_ryan_normal_18.wav,ambient,0.17578125,832.5,0
520,E:\SIH\ira-wakeword\dataset\positive_all\piper_batch_B\1405.wav,ambient,0.5703125,837.0,0
521,E:\SIH\ira-wakeword\real\positive\standardized\quiet_50cm\ira_041.wav,ambient,0.95703125,841.5,0
522,E:\SIH\ira-wakeword\dataset\positive_all\piper_batch_A\546.wav,ambient,0.91796875,846.0,0
523,E:\SIH\ira-wakeword\dataset\positive_all\synthetic\synthetic_hfc_female_normal_113.wav,ambient,0.89453125,850.5,0
524,E:\SIH\ira-wakeword\dataset\positive_all\piper_batch_C\928.wav,ambient,0.08203125,855.0,0
525,E:\SIH\ira-wakeword\dataset\positive_all\piper_batch_C\776.wav,ambient,0.0,859.5,0
526,E:\SIH\ira-wakeword\dataset\positive_all\piper_batch_C\1423.wav,ambient,0.98046875,864.0,0
527,E:\SIH\ira-wakeword\dataset\positive_all\piper_batch_A\821.wav,ambient,0.01171875,868.5,0
528,E:\SIH\ira-wakeword\dataset\positive_all\piper_batch_A\1922.wav,ambient,0.046875,873.0,0
529,E:\SIH\ira-wakeword\dataset\positive_all\synthetic\synthetic_lessac_normal_5.wav,ambient,0.98046875,877.5,0
530,E:\SIH\ira-wakeword\dataset\positive_all\piper_batch_D\972.wav,ambient,0.0,882.0,0
531,E:\SIH\ira-wakeword\dataset\positive_all\piper_batch_A\824.wav,ambient,0.87890625,886.5,0
532,E:\SIH\ira-wakeword\dataset\positive_all\synthetic\synthetic_lessac_normal_33.wav,ambient,0.95703125,891.0,0
533,E:\SIH\ira-wakeword\dataset\positive_all\piper_batch_D\1583.wav,ambient,0.78125,895.5,0
534,E:\SIH\ira-wakeword\dataset\positive_all\piper_batch_C\1252.wav,ambient,0.21875,900.0,0
535,E:\SIH\ira-wakeword\dataset\positive_all\piper_batch_C\1088.wav,ambient,0.97265625,904.5,0
536,E:\SIH\ira-wakeword\dataset\positive_all\piper_batch_C\1236.wav,ambient,0.01171875,909.0,0
537,E:\SIH\ira-wakeword\dataset\positive_all\piper_batch_C\1558.wav,ambient,0.92578125,913.5,0
538,E:\SIH\ira-wakeword\dataset\positive_all\synthetic\synthetic_hfc_female_fast_20.wav,ambient,0.82421875,918.0,0
539,E:\SIH\ira-wakeword\dataset\positive_all\piper_batch_C\1350.wav,ambient,0.87890625,922.5,0
540,E:\SIH\ira-wakeword\dataset\positive_all\piper_batch_B\447.wav,ambient,0.9765625,927.0,0
541,E:\SIH\ira-wakeword\dataset\positive_all\piper_batch_A\384.wav,ambient,0.0,931.5,0
542,E:\SIH\ira-wakeword\dataset\positive_all\piper_batch_B\819.wav,ambient,0.046875,936.0,0
543,E:\SIH\ira-wakeword\dataset\positive_all\piper_batch_D\1587.wav,ambient,0.9375,940.5,0
544,E:\SIH\ira-wakeword\dataset\positive_all\piper_batch_A\1725.wav,ambient,0.17578125,945.0,0
545,E:\SIH\ira-wakeword\real\positive\standardized\quiet_50cm\ira_048.wav,ambient,0.89453125,949.5,0
546,E:\SIH\ira-wakeword\dataset\positive_all\synthetic\synthetic_hfc_male_13.wav,ambient,0.92578125,954.0,0
547,E:\SIH\ira-wakeword\dataset\positive_all\piper_batch_A\996.wav,ambient,0.12109375,958.5,0
548,E:\SIH\ira-wakeword\dataset\positive_all\synthetic\synthetic_hfc_male_normal_7.wav,ambient,0.90625,963.0,0
549,E:\SIH\ira-wakeword\dataset\positive_all\piper_batch_D\317.wav,ambient,0.98046875,967.5,0
550,E:\SIH\ira-wakeword\real\positive\standardized\quiet_50cm\ira_0196.wav,ambient,0.08203125,972.0,0
551,E:\SIH\ira-wakeword\dataset\positive_all\synthetic\synthetic_hfc_male_normal_73.wav,ambient,0.9453125,976.5,0
552,E:\SIH\ira-wakeword\dataset\positive_all\piper_batch_C\1347.wav,ambient,0.8046875,981.0,0
553,E:\SIH\ira-wakeword\dataset\positive_all\piper_batch_C\536.wav,ambient,0.00390625,985.5,0
554,E:\SIH\ira-wakeword\dataset\positive_all\piper_batch_D\830.wav,ambient,0.69921875,990.0,0
555,E:\SIH\ira-wakeword\dataset\positive_all\piper_batch_A\95.wav,ambient,0.00390625,994.5,0
556,E:\SIH\ira-wakeword\dataset\positive_all\piper_batch_B\1089.wav,ambient,0.89453125,999.0,0
557,E:\SIH\ira-wakeword\dataset\positive_all\piper_batch_C\535.wav,ambient,0.98046875,1003.5,0
558,E:\SIH\ira-wakeword\dataset\positive_all\piper_batch_A\1340.wav,ambient,0.0,1008.0,0
559,E:\SIH\ira-wakeword\dataset\positive_all\synthetic\synthetic_hfc_male_42.wav,ambient,0.33203125,1012.5,0
560,E:\SIH\ira-wakeword\dataset\positive_all\piper_batch_A\1927.wav,ambient,0.73046875,1017.0,0
561,E:\SIH\ira-wakeword\dataset\positive_all\piper_batch_C\713.wav,ambient,0.30078125,1021.5,0
562,E:\SIH\ira-wakeword\real\positive\standardized\quiet_50cm\ira_094.wav,ambient,0.87890625,1026.0,0
563,E:\SIH\ira-wakeword\dataset\positive_all\piper_batch_A\1451.wav,ambient,0.96875,1030.5,0
564,E:\SIH\ira-wakeword\dataset\positive_all\piper_batch_D\216.wav,ambient,0.53515625,1035.0,0
565,E:\SIH\ira-wakeword\dataset\positive_all\piper_batch_D\519.wav,ambient,0.953125,1039.5,0
566,E:\SIH\ira-wakeword\real\positive\standardized\quiet_1m\ira_0153.wav,ambient,0.8046875,1044.0,0
567,E:\SIH\ira-wakeword\dataset\positive_all\piper_batch_D\13.wav,ambient,0.0,1048.5,0
568,E:\SIH\ira-wakeword\dataset\positive_all\piper_batch_C\491.wav,ambient,0.96875,1053.0,0
569,E:\SIH\ira-wakeword\dataset\positive_all\piper_batch_D\779.wav,ambient,0.0,1057.5,0
570,E:\SIH\ira-wakeword\dataset\positive_all\piper_batch_B\477.wav,ambient,0.26953125,1062.0,0
571,E:\SIH\ira-wakeword\dataset\positive_all\synthetic\synthetic_ryan_23.wav,ambient,0.96875,1066.5,0
572,E:\SIH\ira-wakeword\dataset\positive_all\piper_batch_A\212.wav,ambient,0.0,1071.0,0
573,E:\SIH\ira-wakeword\dataset\positive_all\synthetic\synthetic_ryan_73.wav,ambient,0.33203125,1075.5,0
574,E:\SIH\ira-wakeword\dataset\positive_all\piper_batch_A\1499.wav,ambient,0.9765625,1080.0,0
575,E:\SIH\ira-wakeword\dataset\positive_all\piper_batch_A\1413.wav,ambient,0.01171875,1084.5,0
576,E:\SIH\ira-wakeword\dataset\positive_all\piper_batch_D\576.wav,ambient,0.01171875,1089.0,0
577,E:\SIH\ira-wakeword\dataset\positive_all\piper_batch_C\862.wav,ambient,0.9765625,1093.5,0
578,E:\SIH\ira-wakeword\dataset\positive_all\synthetic\synthetic_hfc_female_normal_110.wav,ambient,0.04296875,1098.0,0
579,E:\SIH\ira-wakeword\dataset\positive_all\synthetic\synthetic_hfc_female_normal_53.wav,ambient,0.5703125,1102.5,0
580,E:\SIH\ira-wakeword\dataset\positive_all\piper_batch_D\458.wav,ambient,0.66796875,1107.0,0
581,E:\SIH\ira-wakeword\dataset\positive_all\synthetic\synthetic_hfc_male_6.wav,ambient,0.0234375,1111.5,0
582,E:\SIH\ira-wakeword\dataset\positive_all\synthetic\synthetic_hfc_female_fast_26.wav,ambient,0.97265625,1116.0,0
583,E:\SIH\ira-wakeword\dataset\positive_all\piper_batch_A\1607.wav,ambient,0.0625,1120.5,0
584,E:\SIH\ira-wakeword\dataset\positive_all\piper_batch_C\694.wav,ambient,0.12109375,1125.0,0
585,E:\SIH\ira-wakeword\real\positive\standardized\quiet_20cm\ira_0170.wav,ambient,0.9765625,1129.5,0
586,E:\SIH\ira-wakeword\dataset\positive_all\piper_batch_D\622.wav,ambient,0.0,1134.0,0
587,E:\SIH\ira-wakeword\dataset\positive_all\piper_batch_A\1633.wav,ambient,0.87890625,1138.5,0
588,E:\SIH\ira-wakeword\dataset\positive_all\piper_batch_B\293.wav,ambient,0.9765625,1143.0,0
589,E:\SIH\ira-wakeword\dataset\positive_all\piper_batch_D\1500.wav,ambient,0.046875,1147.5,0
590,E:\SIH\ira-wakeword\dataset\positive_all\piper_batch_B\973.wav,ambient,0.30078125,1152.0,0
591,E:\SIH\ira-wakeword\dataset\positive_all\piper_batch_A\1511.wav,ambient,0.953125,1156.5,0
592,E:\SIH\ira-wakeword\dataset\positive_all\piper_batch_A\454.wav,ambient,0.08203125,1161.0,0
593,E:\SIH\ira-wakeword\dataset\positive_all\piper_batch_D\150.wav,ambient,0.86328125,1165.5,0
594,E:\SIH\ira-wakeword\dataset\positive_all\piper_batch_B\896.wav,ambient,0.78125,1170.0,0
595,E:\SIH\ira-wakeword\dataset\positive_all\piper_batch_A\255.wav,ambient,0.01953125,1174.5,0
596,E:\SIH\ira-wakeword\dataset\positive_all\piper_batch_C\1674.wav,ambient,0.95703125,1179.0,0
597,E:\SIH\ira-wakeword\dataset\positive_all\piper_batch_B\753.wav,ambient,0.0,1183.5,0
598,E:\SIH\ira-wakeword\dataset\positive_all\piper_batch_B\1729.wav,ambient,0.00390625,1188.0,0
599,E:\SIH\ira-wakeword\dataset\positive_all\piper_batch_C\1982.wav,ambient,0.984375,1192.5,0
600,E:\SIH\ira-wakeword\dataset\positive_all\piper_batch_B\214.wav,ambient,0.0,1197.0,0
601,E:\SIH\ira-wakeword\dataset\positive_all\synthetic\synthetic_amy_38.wav,ambient,0.86328125,1201.5,0
602,E:\SIH\ira-wakeword\dataset\positive_all\synthetic\synthetic_hfc_female_70.wav,ambient,0.9609375,1206.0,0
603,E:\SIH\ira-wakeword\dataset\positive_all\piper_batch_B\460.wav,ambient,0.01171875,1210.5,0
604,E:\SIH\ira-wakeword\dataset\positive_all\piper_batch_D\1159.wav,ambient,0.46484375,1215.0,0
605,E:\SIH\ira-wakeword\real\positive\standardized\quiet_20cm\ira_0171.wav,ambient,0.98046875,1219.5,0
606,E:\SIH\ira-wakeword\dataset\positive_all\synthetic\synthetic_amy_28.wav,ambient,0.00390625,1224.0,0
607,E:\SIH\ira-wakeword\dataset\positive_all\piper_batch_D\757.wav,ambient,0.84375,1228.5,0
608,E:\SIH\ira-wakeword\dataset\positive_all\piper_batch_B\1299.wav,ambient,0.86328125,1233.0,0
609,E:\SIH\ira-wakeword\dataset\positive_all\piper_batch_A\1615.wav,ambient,0.00390625,1237.5,0
610,E:\SIH\ira-wakeword\dataset\positive_all\synthetic\synthetic_hfc_male_43.wav,ambient,0.953125,1242.0,0
611,E:\SIH\ira-wakeword\dataset\positive_all\piper_batch_D\1168.wav,ambient,0.01171875,1246.5,0
612,E:\SIH\ira-wakeword\dataset\positive_all\piper_batch_D\1160.wav,ambient,0.09375,1251.0,0
613,E:\SIH\ira-wakeword\dataset\positive_all\piper_batch_A\1064.wav,ambient,0.953125,1255.5,0
614,E:\SIH\ira-wakeword\dataset\positive_all\piper_batch_C\1027.wav,ambient,0.0,1260.0,0
615,E:\SIH\ira-wakeword\dataset\positive_all\synthetic\synthetic_ryan_33.wav,ambient,0.00390625,1264.5,0
616,E:\SIH\ira-wakeword\dataset\positive_all\piper_batch_A\1321.wav,ambient,0.9609375,1269.0,0
617,E:\SIH\ira-wakeword\dataset\positive_all\piper_batch_D\1299.wav,ambient,0.00390625,1273.5,0
618,E:\SIH\ira-wakeword\dataset\positive_all\piper_batch_B\1871.wav,ambient,0.0625,1278.0,0
619,E:\SIH\ira-wakeword\dataset\positive_all\piper_batch_B\471.wav,ambient,0.97265625,1282.5,0
620,E:\SIH\ira-wakeword\dataset\positive_all\piper_batch_D\1075.wav,ambient,0.0,1287.0,0
621,E:\SIH\ira-wakeword\dataset\positive_all\piper_batch_D\667.wav,ambient,0.89453125,1291.5,0
622,E:\SIH\ira-wakeword\dataset\positive_all\synthetic\synthetic_amy_fast_5.wav,ambient,0.46484375,1296.0,0
623,E:\SIH\ira-wakeword\real\positive\standardized\quiet_50cm\ira_043.wav,ambient,0.03125,1300.5,0
624,E:\SIH\ira-wakeword\dataset\positive_all\piper_batch_B\742.wav,ambient,0.9765625,1305.0,0
625,E:\SIH\ira-wakeword\dataset\positive_all\piper_batch_B\625.wav,ambient,0.4296875,1309.5,0
626,E:\SIH\ira-wakeword\dataset\positive_all\piper_batch_D\1139.wav,ambient,0.00390625,1314.0,0
627,E:\SIH\ira-wakeword\dataset\positive_all\piper_batch_B\506.wav,ambient,0.96875,1318.5,0
628,E:\SIH\ira-wakeword\dataset\positive_all\synthetic\synthetic_hfc_female_normal_73.wav,ambient,0.0,1323.0,0
629,E:\SIH\ira-wakeword\dataset\positive_all\piper_batch_A\762.wav,ambient,0.15625,1327.5,0
630,E:\SIH\ira-wakeword\dataset\positive_all\synthetic\synthetic_test_8.wav,ambient,0.98046875,1332.0,0
631,E:\SIH\ira-wakeword\dataset\positive_all\piper_batch_C\1764.wav,ambient,0.01953125,1336.5,0
632,E:\SIH\ira-wakeword\dataset\positive_all\piper_batch_B\746.wav,ambient,0.8046875,1341.0,0
633,E:\SIH\ira-wakeword\dataset\positive_all\piper_batch_C\348.wav,ambient,0.98046875,1345.5,0
634,E:\SIH\ira-wakeword\dataset\positive_all\synthetic\synthetic_lessac_slow_11.wav,ambient,0.04296875,1350.0,0
635,E:\SIH\ira-wakeword\dataset\positive_all\synthetic\synthetic_amy_fast_28.wav,ambient,0.86328125,1354.5,0
636,E:\SIH\ira-wakeword\dataset\positive_all\piper_batch_B\1738.wav,ambient,0.5,1359.0,0
637,E:\SIH\ira-wakeword\dataset\positive_all\piper_batch_D\355.wav,ambient,0.00390625,1363.5,0
638,E:\SIH\ira-wakeword\dataset\positive_all\piper_batch_C\716.wav,ambient,0.96875,1368.0,0
639,E:\SIH\ira-wakeword\dataset\positive_all\piper_batch_D\1356.wav,ambient,0.00390625,1372.5,0
640,E:\SIH\ira-wakeword\dataset\positive_all\piper_batch_B\1688.wav,ambient,0.1953125,1377.0,0
641,E:\SIH\ira-wakeword\dataset\positive_all\piper_batch_B\1462.wav,ambient,0.96875,1381.5,0
642,E:\SIH\ira-wakeword\dataset\positive_all\piper_batch_D\1095.wav,ambient,0.0,1386.0,0
643,E:\SIH\ira-wakeword\dataset\positive_all\piper_batch_C\303.wav,ambient,0.0,1390.5,0
644,E:\SIH\ira-wakeword\real\positive\standardized\quiet_1m\ira_0185.wav,ambient,0.9453125,1395.0,0
645,E:\SIH\ira-wakeword\dataset\positive_all\piper_batch_A\1768.wav,ambient,0.39453125,1399.5,0
646,E:\SIH\ira-wakeword\dataset\positive_all\piper_batch_C\1458.wav,ambient,0.87890625,1404.0,0
647,E:\SIH\ira-wakeword\dataset\positive_all\piper_batch_B\28.wav,ambient,0.98046875,1408.5,0
648,E:\SIH\ira-wakeword\dataset\positive_all\piper_batch_B\636.wav,ambient,0.03125,1413.0,0
649,E:\SIH\ira-wakeword\dataset\positive_all\piper_batch_C\409.wav,ambient,0.89453125,1417.5,0
650,E:\SIH\ira-wakeword\dataset\positive_all\synthetic\synthetic_ryan_fast_6.wav,ambient,0.53515625,1422.0,0
651,E:\SIH\ira-wakeword\dataset\positive_all\piper_batch_A\159.wav,ambient,0.0,1426.5,0
652,E:\SIH\ira-wakeword\dataset\positive_all\piper_batch_C\1404.wav,ambient,0.953125,1431.0,0
653,E:\SIH\ira-wakeword\dataset\positive_all\synthetic\synthetic_hfc_male_slow_38.wav,ambient,0.0,1435.5,0
654,E:\SIH\ira-wakeword\dataset\positive_all\piper_batch_B\1551.wav,ambient,0.07421875,1440.0,0
655,E:\SIH\ira-wakeword\dataset\positive_all\piper_batch_B\405.wav,ambient,0.96875,1444.5,0
656,E:\SIH\ira-wakeword\dataset\positive_all\piper_batch_C\1554.wav,ambient,0.0,1449.0,0
657,E:\SIH\ira-wakeword\dataset\positive_all\piper_batch_A\1521.wav,ambient,0.2421875,1453.5,0
658,E:\SIH\ira-wakeword\dataset\positive_all\piper_batch_B\1262.wav,ambient,0.97265625,1458.0,0
659,E:\SIH\ira-wakeword\dataset\positive_all\piper_batch_C\260.wav,ambient,0.00390625,1462.5,0
660,E:\SIH\ira-wakeword\dataset\positive_all\piper_batch_A\619.wav,ambient,0.73046875,1467.0,0
661,E:\SIH\ira-wakeword\real\positive\standardized\quiet_20cm\ira_0113.wav,ambient,0.9609375,1471.5,0
662,E:\SIH\ira-wakeword\dataset\positive_all\piper_batch_D\1473.wav,ambient,0.0,1476.0,0
663,E:\SIH\ira-wakeword\dataset\positive_all\synthetic\synthetic_lessac_6.wav,ambient,0.36328125,1480.5,0
664,E:\SIH\ira-wakeword\dataset\positive_all\piper_batch_C\1791.wav,ambient,0.84375,1485.0,0
665,E:\SIH\ira-wakeword\dataset\positive_all\piper_batch_D\1298.wav,ambient,0.21875,1489.5,0
666,E:\SIH\ira-wakeword\dataset\positive_all\synthetic\synthetic_ryan_fast_10.wav,ambient,0.9765625,1494.0,0
667,E:\SIH\ira-wakeword\dataset\positive_all\piper_batch_B\1502.wav,ambient,0.0,1498.5,0
668,E:\SIH\ira-wakeword\dataset\positive_all\piper_batch_D\1535.wav,ambient,0.03125,1503.0,0
669,E:\SIH\ira-wakeword\dataset\positive_all\piper_batch_C\1647.wav,speech,0.0,4.5,0
670,E:\SIH\ira-wakeword\dataset\positive_all\synthetic\synthetic_lessac_89.wav,speech,0.0,9.0,0
671,E:\SIH\ira-wakeword\dataset\positive_all\piper_batch_A\1013.wav,speech,0.0,13.5,0
672,E:\SIH\ira-wakeword\dataset\positive_all\piper_batch_D\8.wav,speech,0.0,18.0,0
673,E:\SIH\ira-wakeword\real\positive\standardized\quiet_20cm\ira_025.wav,speech,0.046875,22.5,0
674,E:\SIH\ira-wakeword\dataset\positive_all\piper_batch_B\252.wav,speech,0.0,27.0,0
675,E:\SIH\ira-wakeword\dataset\positive_all\piper_batch_C\1195.wav,speech,0.0,31.5,0
676,E:\SIH\ira-wakeword\real\positive\standardized\quiet_1m\ira_0152.wav,speech,0.98046875,36.0,0
677,E:\SIH\ira-wakeword\dataset\positive_all\piper_batch_C\1466.wav,speech,0.00390625,40.5,0
678,E:\SIH\ira-wakeword\dataset\positive_all\piper_batch_B\348.wav,speech,0.0,45.0,0
679,E:\SIH\ira-wakeword\dataset\positive_all\piper_batch_B\1090.wav,speech,0.0,49.5,0
680,E:\SIH\ira-wakeword\dataset\positive_all\synthetic\synthetic_amy_48.wav,speech,0.90625,54.0,0
681,E:\SIH\ira-wakeword\dataset\positive_all\piper_batch_A\1199.wav,speech,0.21875,58.5,0
682,E:\SIH\ira-wakeword\dataset\positive_all\piper_batch_D\63.wav,speech,0.0,63.0,0
683,E:\SIH\ira-wakeword\dataset\positive_all\piper_batch_C\1713.wav,speech,0.0078125,67.5,0
684,E:\SIH\ira-wakeword\dataset\positive_all\synthetic\synthetic_lessac_normal_81.wav,speech,0.00390625,72.0,0
685,E:\SIH\ira-wakeword\dataset\positive_all\piper_batch_C\917.wav,speech,0.00390625,76.5,0
686,E:\SIH\ira-wakeword\dataset\positive_all\synthetic\synthetic_hfc_male_fast_23.wav,speech,0.0,81.0,0
687,E:\SIH\ira-wakeword\dataset\positive_all\piper_batch_D\655.wav,speech,0.01953125,85.5,0
688,E:\SIH\ira-wakeword\dataset\positive_all\piper_batch_C\826.wav,speech,0.0,90.0,0
689,E:\SIH\ira-wakeword\dataset\positive_all\piper_batch_C\162.wav,speech,0.0,94.5,0
690,E:\SIH\ira-wakeword\dataset\positive_all\piper_batch_D\314.wav,speech,0.0,99.0,0
691,E:\SIH\ira-wakeword\dataset\positive_all\piper_batch_A\1195.wav,speech,0.0,103.5,0
692,E:\SIH\ira-wakeword\dataset\positive_all\synthetic\synthetic_hfc_female_normal_114.wav,speech,0.0078125,108.0,0
693,E:\SIH\ira-wakeword\dataset\positive_all\piper_batch_A\1984.wav,speech,0.04296875,112.5,0
694,E:\SIH\ira-wakeword\dataset\positive_all\piper_batch_A\742.wav,speech,0.21875,117.0,0
695,E:\SIH\ira-wakeword\real\positive\standardized\quiet_1m\ira_0227.wav,speech,0.98046875,121.5,0
696,E:\SIH\ira-wakeword\dataset\positive_all\synthetic\synthetic_hfc_female_55.wav,speech,0.0,126.0,0
697,E:\SIH\ira-wakeword\dataset\positive_all\piper_batch_C\1171.wav,speech,0.66796875,130.5,0
698,E:\SIH\ira-wakeword\dataset\positive_all\piper_batch_C\1246.wav,speech,0.02734375,135.0,0
699,E:\SIH\ira-wakeword\dataset\positive_all\piper_batch_C\1406.wav,speech,0.0078125,139.5,0
700,E:\SIH\ira-wakeword\real\positive\standardized\quiet_1m\ira_0169.wav,speech,0.9765625,144.0,0
701,E:\SIH\ira-wakeword\dataset\positive_all\piper_batch_B\1387.wav,speech,0.03125,148.5,0
702,E:\SIH\ira-wakeword\dataset\positive_all\piper_batch_A\817.wav,speech,0.00390625,153.0,0
703,E:\SIH\ira-wakeword\dataset\positive_all\piper_batch_D\893.wav,speech,0.00390625,157.5,0
704,E:\SIH\ira-wakeword\dataset\positive_all\piper_batch_A\325.wav,speech,0.00390625,162.0,0
705,E:\SIH\ira-wakeword\dataset\positive_all\piper_batch_B\1010.wav,speech,0.0,166.5,0
706,E:\SIH\ira-wakeword\dataset\positive_all\piper_batch_C\1304.wav,speech,0.00390625,171.0,0
707,E:\SIH\ira-wakeword\dataset\positive_all\piper_batch_D\496.wav,speech,0.0,175.5,0
708,E:\SIH\ira-wakeword\dataset\positive_all\synthetic\synthetic_hfc_female_111.wav,speech,0.0,180.0,0
709,E:\SIH\ira-wakeword\dataset\positive_all\synthetic\synthetic_pilot100_12.wav,speech,0.0,184.5,0
710,E:\SIH\ira-wakeword\dataset\positive_all\piper_batch_A\798.wav,speech,0.0,189.0,0
711,E:\SIH\ira-wakeword\dataset\positive_all\piper_batch_C\1661.wav,speech,0.0,193.5,0
712,E:\SIH\ira-wakeword\dataset\positive_all\piper_batch_A\1094.wav,speech,0.00390625,198.0,0
713,E:\SIH\ira-wakeword\dataset\positive_all\piper_batch_B\1417.wav,speech,0.1953125,202.5,0
714,E:\SIH\ira-wakeword\dataset\positive_all\piper_batch_B\599.wav,speech,0.00390625,207.0,0
715,E:\SIH\ira-wakeword\dataset\positive_all\piper_batch_B\511.wav,speech,0.0,211.5,0
716,E:\SIH\ira-wakeword\dataset\positive_all\synthetic\synthetic_hfc_male_49.wav,speech,0.0078125,216.0,0
717,E:\SIH\ira-wakeword\dataset\positive_all\piper_batch_C\247.wav,speech,0.30078125,220.5,0
718,E:\SIH\ira-wakeword\dataset\positive_all\synthetic\synthetic_ryan_fast_33.wav,speech,0.5703125,225.0,0
719,E:\SIH\ira-wakeword\dataset\positive_all\piper_batch_C\350.wav,speech,0.04296875,229.5,0
720,E:\SIH\ira-wakeword\dataset\positive_all\piper_batch_C\1393.wav,speech,0.00390625,234.0,0
721,E:\SIH\ira-wakeword\dataset\positive_all\piper_batch_A\1471.wav,speech,0.0,238.5,0
722,E:\SIH\ira-wakeword\dataset\positive_all\piper_batch_A\1031.wav,speech,0.0,243.0,0
723,E:\SIH\ira-wakeword\dataset\positive_all\piper_batch_B\1779.wav,speech,0.0,247.5,0
724,E:\SIH\ira-wakeword\dataset\positive_all\piper_batch_C\1831.wav,speech,0.0,252.0,0
725,E:\SIH\ira-wakeword\dataset\positive_all\piper_batch_A\1908.wav,speech,0.0,256.5,0
726,E:\SIH\ira-wakeword\dataset\positive_all\piper_batch_D\232.wav,speech,0.0,261.0,0
727,E:\SIH\ira-wakeword\real\positive\standardized\quiet_1m\ira_089.wav,speech,0.91796875,265.5,0
728,E:\SIH\ira-wakeword\dataset\positive_all\piper_batch_D\1335.wav,speech,0.0,270.0,0
729,E:\SIH\ira-wakeword\real\positive\standardized\quiet_1m\ira_0210.wav,speech,0.98828125,274.5,0
730,E:\SIH\ira-wakeword\dataset\positive_all\piper_batch_C\1055.wav,speech,0.1953125,279.0,0
731,E:\SIH\ira-wakeword\dataset\positive_all\piper_batch_C\1758.wav,speech,0.00390625,283.5,0
732,E:\SIH\ira-wakeword\dataset\positive_all\synthetic\synthetic_amy_22.wav,speech,0.00390625,288.0,0
733,E:\SIH\ira-wakeword\real\positive\standardized\quiet_20cm\ira_0157.wav,speech,0.9921875,292.5,0
734,E:\SIH\ira-wakeword\dataset\positive_all\piper_batch_D\663.wav,speech,0.0,297.0,0
735,E:\SIH\ira-wakeword\dataset\positive_all\piper_batch_C\1898.wav,speech,0.01171875,301.5,0
736,E:\SIH\ira-wakeword\dataset\positive_all\synthetic\synthetic_ryan_slow_19.wav,speech,0.00390625,306.0,0
737,E:\SIH\ira-wakeword\dataset\positive_all\piper_batch_B\391.wav,speech,0.0,310.5,0
738,E:\SIH\ira-wakeword\dataset\positive_all\piper_batch_B\717.wav,speech,0.0,315.0,0
739,E:\SIH\ira-wakeword\real\positive\standardized\quiet_20cm\ira_093.wav,speech,0.953125,319.5,0
740,E:\SIH\ira-wakeword\dataset\positive_all\piper_batch_A\1980.wav,speech,0.0,324.0,0
741,E:\SIH\ira-wakeword\dataset\positive_all\piper_batch_C\91.wav,speech,0.0,328.5,0
742,E:\SIH\ira-wakeword\dataset\positive_all\synthetic\synthetic_ryan_normal_38.wav,speech,0.0,333.0,0
743,E:\SIH\ira-wakeword\dataset\positive_all\piper_batch_A\1182.wav,speech,0.00390625,337.5,0
744,E:\SIH\ira-wakeword\dataset\positive_all\synthetic\synthetic_hfc_female_normal_74.wav,speech,0.0,342.0,0
745,E:\SIH\ira-wakeword\dataset\positive_all\piper_batch_B\1240.wav,speech,0.00390625,346.5,0
746,E:\SIH\ira-wakeword\dataset\positive_all\piper_batch_B\182.wav,speech,0.07421875,351.0,0
747,E:\SIH\ira-wakeword\dataset\positive_all\piper_batch_B\1058.wav,speech,0.00390625,355.5,0
748,E:\SIH\ira-wakeword\dataset\positive_all\piper_batch_C\537.wav,speech,0.0078125,360.0,0
749,E:\SIH\ira-wakeword\dataset\positive_all\piper_batch_D\724.wav,speech,0.0,364.5,0
750,E:\SIH\ira-wakeword\dataset\positive_all\piper_batch_C\1399.wav,speech,0.00390625,369.0,0
751,E:\SIH\ira-wakeword\dataset\positive_all\piper_batch_D\105.wav,speech,0.00390625,373.5,0
752,E:\SIH\ira-wakeword\dataset\positive_all\piper_batch_A\1759.wav,speech,0.0,378.0,0
753,E:\SIH\ira-wakeword\dataset\positive_all\piper_batch_C\1822.wav,speech,0.0,382.5,0
754,E:\SIH\ira-wakeword\dataset\positive_all\synthetic\synthetic_ryan_104.wav,speech,0.0,387.0,0
755,E:\SIH\ira-wakeword\dataset\positive_all\piper_batch_C\1594.wav,speech,0.02734375,391.5,0
756,E:\SIH\ira-wakeword\dataset\positive_all\piper_batch_D\428.wav,speech,0.0,396.0,0
757,E:\SIH\ira-wakeword\dataset\positive_all\piper_batch_C\756.wav,speech,0.0,400.5,0
758,E:\SIH\ira-wakeword\dataset\positive_all\piper_batch_D\1267.wav,speech,0.0,405.0,0
759,E:\SIH\ira-wakeword\dataset\positive_all\piper_batch_A\928.wav,speech,0.0,409.5,0
760,E:\SIH\ira-wakeword\dataset\positive_all\piper_batch_B\811.wav,speech,0.0234375,414.0,0
761,E:\SIH\ira-wakeword\dataset\positive_all\piper_batch_B\19.wav,speech,0.00390625,418.5,0
762,E:\SIH\ira-wakeword\dataset\positive_all\piper_batch_D\1156.wav,speech,0.0,423.0,0
763,E:\SIH\ira-wakeword\dataset\positive_all\synthetic\synthetic_lessac_8.wav,speech,0.0,427.5,0
764,E:\SIH\ira-wakeword\dataset\positive_all\piper_batch_B\338.wav,speech,0.00390625,432.0,0
765,E:\SIH\ira-wakeword\dataset\positive_all\piper_batch_B\1443.wav,speech,0.01171875,436.5,0
766,E:\SIH\ira-wakeword\dataset\positive_all\piper_batch_C\1316.wav,speech,0.015625,441.0,0
767,E:\SIH\ira-wakeword\dataset\positive_all\synthetic\synthetic_hfc_male_24.wav,speech,0.00390625,445.5,0
768,E:\SIH\ira-wakeword\dataset\positive_all\synthetic\synthetic_hfc_female_slow_8.wav,speech,0.01953125,450.0,0
769,E:\SIH\ira-wakeword\dataset\positive_all\piper_batch_B\1944.wav,speech,0.00390625,454.5,0
770,E:\SIH\ira-wakeword\dataset\positive_all\synthetic\synthetic_amy_116.wav,speech,0.01171875,459.0,0
771,E:\SIH\ira-wakeword\dataset\positive_all\piper_batch_B\1522.wav,speech,0.00390625,463.5,0
772,E:\SIH\ira-wakeword\dataset\positive_all\piper_batch_C\203.wav,speech,0.0,468.0,0
773,E:\SIH\ira-wakeword\dataset\positive_all\synthetic\synthetic_amy_normal_18.wav,speech,0.0,472.5,0
774,E:\SIH\ira-wakeword\dataset\positive_all\piper_batch_D\400.wav,speech,0.0,477.0,0
775,E:\SIH\ira-wakeword\dataset\positive_all\piper_batch_D\1262.wav,speech,0.00390625,481.5,0
776,E:\SIH\ira-wakeword\dataset\positive_all\piper_batch_A\1075.wav,speech,0.00390625,486.0,0
777,E:\SIH\ira-wakeword\real\positive\standardized\quiet_1m\ira_0193.wav,speech,0.84375,490.5,0
778,E:\SIH\ira-wakeword\dataset\positive_all\piper_batch_A\1066.wav,speech,0.0078125,495.0,0
779,E:\SIH\ira-wakeword\dataset\positive_all\piper_batch_A\1698.wav,speech,0.30078125,499.5,0
780,E:\SIH\ira-wakeword\dataset\positive_all\piper_batch_A\401.wav,speech,0.0,504.0,0
781,E:\SIH\ira-wakeword\dataset\positive_all\piper_batch_C\927.wav,speech,0.0390625,508.5,0
782,E:\SIH\ira-wakeword\real\positive\standardized\quiet_20cm\ira_077.wav,speech,0.9453125,513.0,0
783,E:\SIH\ira-wakeword\dataset\positive_all\piper_batch_B\1556.wav,speech,0.00390625,517.5,0
784,E:\SIH\ira-wakeword\dataset\positive_all\piper_batch_A\1875.wav,speech,0.0,522.0,0
785,E:\SIH\ira-wakeword\dataset\positive_all\piper_batch_B\769.wav,speech,0.09375,526.5,0
786,E:\SIH\ira-wakeword\real\positive\standardized\quiet_20cm\ira_002.wav,speech,0.92578125,531.0,0
787,E:\SIH\ira-wakeword\dataset\positive_all\piper_batch_B\1931.wav,speech,0.0,535.5,0
788,E:\SIH\ira-wakeword\dataset\positive_all\piper_batch_B\246.wav,speech,0.015625,540.0,0
789,E:\SIH\ira-wakeword\dataset\positive_all\synthetic\synthetic_lessac_3.wav,speech,0.0,544.5,0
790,E:\SIH\ira-wakeword\dataset\positive_all\piper_batch_C\66.wav,speech,0.046875,549.0,0
791,E:\SIH\ira-wakeword\dataset\positive_all\piper_batch_A\481.wav,speech,0.046875,553.5,0
792,E:\SIH\ira-wakeword\dataset\positive_all\piper_batch_C\944.wav,speech,0.0,558.0,0
793,E:\SIH\ira-wakeword\dataset\positive_all\piper_batch_D\731.wav,speech,0.0078125,562.5,0
794,E:\SIH\ira-wakeword\dataset\positive_all\piper_batch_D\1528.wav,speech,0.0,567.0,0
795,E:\SIH\ira-wakeword\dataset\positive_all\piper_batch_C\620.wav,speech,0.0,571.5,0
796,E:\SIH\ira-wakeword\dataset\positive_all\piper_batch_D\985.wav,speech,0.0,576.0,0
797,E:\SIH\ira-wakeword\dataset\positive_all\piper_batch_A\1606.wav,speech,0.00390625,580.5,0
798,E:\SIH\ira-wakeword\dataset\positive_all\piper_batch_B\997.wav,speech,0.12109375,585.0,0
799,E:\SIH\ira-wakeword\dataset\positive_all\synthetic\synthetic_hfc_female_normal_109.wav,speech,0.00390625,589.5,0
800,E:\SIH\ira-wakeword\dataset\positive_all\piper_batch_B\173.wav,speech,0.0,594.0,0
801,E:\SIH\ira-wakeword\dataset\positive_all\synthetic\synthetic_lessac_normal_44.wav,speech,0.07421875,598.5,0
802,E:\SIH\ira-wakeword\dataset\positive_all\piper_batch_C\441.wav,speech,0.0,603.0,0
803,E:\SIH\ira-wakeword\dataset\positive_all\piper_batch_B\1684.wav,speech,0.0078125,607.5,0
804,E:\SIH\ira-wakeword\dataset\positive_all\piper_batch_D\110.wav,speech,0.01953125,612.0,0
805,E:\SIH\ira-wakeword\dataset\positive_all\piper_batch_C\1893.wav,speech,0.78125,616.5,0
806,E:\SIH\ira-wakeword\dataset\positive_all\piper_batch_C\1903.wav,speech,0.15625,621.0,0
807,E:\SIH\ira-wakeword\real\positive\standardized\quiet_20cm\ira_0115.wav,speech,0.9921875,625.5,0
808,E:\SIH\ira-wakeword\dataset\positive_all\piper_batch_D\187.wav,speech,0.0,630.0,0
809,E:\SIH\ira-wakeword\dataset\positive_all\synthetic\synthetic_lessac_111.wav,speech,0.00390625,634.5,0
810,E:\SIH\ira-wakeword\dataset\positive_all\piper_batch_B\1048.wav,speech,0.0,639.0,0
811,E:\SIH\ira-wakeword\dataset\positive_all\piper_batch_D\37.wav,speech,0.0,643.5,0
812,E:\SIH\ira-wakeword\dataset\positive_all\piper_batch_D\979.wav,speech,0.00390625,648.0,0
813,E:\SIH\ira-wakeword\dataset\positive_all\piper_batch_D\585.wav,speech,0.0,652.5,0
814,E:\SIH\ira-wakeword\dataset\positive_all\piper_batch_C\1128.wav,speech,0.01171875,657.0,0
815,E:\SIH\ira-wakeword\dataset\positive_all\piper_batch_C\531.wav,speech,0.0234375,661.5,0
816,E:\SIH\ira-wakeword\dataset\positive_all\piper_batch_D\1550.wav,speech,0.15625,666.0,0
817,E:\SIH\ira-wakeword\dataset\positive_all\piper_batch_C\335.wav,speech,0.0,670.5,0
818,E:\SIH\ira-wakeword\dataset\positive_all\piper_batch_D\421.wav,speech,0.26953125,675.0,0
819,E:\SIH\ira-wakeword\dataset\positive_all\piper_batch_C\1488.wav,speech,0.01953125,679.5,0
820,E:\SIH\ira-wakeword\dataset\positive_all\synthetic\synthetic_hfc_female_normal_35.wav,speech,0.0,684.0,0
821,E:\SIH\ira-wakeword\dataset\positive_all\piper_batch_C\1900.wav,speech,0.0,688.5,0
822,E:\SIH\ira-wakeword\dataset\positive_all\piper_batch_C\924.wav,speech,0.01171875,693.0,0
823,E:\SIH\ira-wakeword\real\positive\standardized\quiet_20cm\ira_0175.wav,speech,0.90625,697.5,0
824,E:\SIH\ira-wakeword\dataset\positive_all\piper_batch_B\389.wav,speech,0.0,702.0,0
825,E:\SIH\ira-wakeword\dataset\positive_all\piper_batch_A\1221.wav,speech,0.01953125,706.5,0
826,E:\SIH\ira-wakeword\dataset\positive_all\piper_batch_B\1903.wav,speech,0.0078125,711.0,0
827,E:\SIH\ira-wakeword\dataset\positive_all\piper_batch_B\1392.wav,speech,0.015625,715.5,0
828,E:\SIH\ira-wakeword\dataset\positive_all\piper_batch_C\913.wav,speech,0.04296875,720.0,0
829,E:\SIH\ira-wakeword\dataset\positive_all\piper_batch_A\539.wav,speech,0.0078125,724.5,0
830,E:\SIH\ira-wakeword\dataset\positive_all\piper_batch_A\564.wav,speech,0.0,729.0,0
831,E:\SIH\ira-wakeword\real\positive\standardized\quiet_1m\ira_047.wav,speech,0.9609375,733.5,0
832,E:\SIH\ira-wakeword\dataset\positive_all\piper_batch_B\752.wav,speech,0.0078125,738.0,0
833,E:\SIH\ira-wakeword\dataset\positive_all\piper_batch_D\594.wav,speech,0.0,742.5,0
834,E:\SIH\ira-wakeword\dataset\positive_all\piper_batch_C\147.wav,speech,0.0,747.0,0
835,E:\SIH\ira-wakeword\dataset\positive_all\piper_batch_C\736.wav,speech,0.0,751.5,0
836,E:\SIH\ira-wakeword\dataset\positive_all\piper_batch_D\611.wav,speech,0.0,756.0,0
837,E:\SIH\ira-wakeword\dataset\positive_all\piper_batch_C\1009.wav,speech,0.00390625,760.5,0
838,E:\SIH\ira-wakeword\dataset\positive_all\synthetic\synthetic_hfc_male_slow_28.wav,speech,0.0,765.0,0
839,E:\SIH\ira-wakeword\dataset\positive_all\synthetic\synthetic_hfc_female_normal_115.wav,speech,0.30078125,769.5,0
840,E:\SIH\ira-wakeword\real\positive\standardized\quiet_1m\ira_0117.wav,speech,0.98828125,774.0,0
841,E:\SIH\ira-wakeword\dataset\positive_all\piper_batch_C\376.wav,speech,0.0,778.5,0
842,E:\SIH\ira-wakeword\dataset\positive_all\synthetic\synthetic_amy_normal_8.wav,speech,0.0,783.0,0
843,E:\SIH\ira-wakeword\dataset\positive_all\piper_batch_B\1608.wav,speech,0.00390625,787.5,0
844,E:\SIH\ira-wakeword\dataset\positive_all\piper_batch_B\1740.wav,speech,0.0,792.0,0
845,E:\SIH\ira-wakeword\dataset\positive_all\synthetic\synthetic_hfc_male_98.wav,speech,0.0,796.5,0
846,E:\SIH\ira-wakeword\dataset\positive_all\piper_batch_D\1380.wav,speech,0.0078125,801.0,0
847,E:\SIH\ira-wakeword\dataset\positive_all\piper_batch_D\32.wav,speech,0.0,805.5,0
848,E:\SIH\ira-wakeword\dataset\positive_all\piper_batch_A\69.wav,speech,0.0,810.0,0
849,E:\SIH\ira-wakeword\dataset\positive_all\piper_batch_B\675.wav,speech,0.0,814.5,0
850,E:\SIH\ira-wakeword\dataset\positive_all\piper_batch_A\962.wav,speech,0.0,819.0,0
851,E:\SIH\ira-wakeword\dataset\positive_all\piper_batch_B\682.wav,speech,0.00390625,823.5,0
852,E:\SIH\ira-wakeword\dataset\positive_all\piper_batch_C\297.wav,speech,0.0,828.0,0
853,E:\SIH\ira-wakeword\dataset\positive_all\piper_batch_A\1349.wav,speech,0.21875,832.5,0
854,E:\SIH\ira-wakeword\dataset\positive_all\piper_batch_B\232.wav,speech,0.0,837.0,0
855,E:\SIH\ira-wakeword\dataset\positive_all\piper_batch_D\733.wav,speech,0.07421875,841.5,0
856,E:\SIH\ira-wakeword\dataset\positive_all\piper_batch_C\271.wav,speech,0.0,846.0,0
857,E:\SIH\ira-wakeword\dataset\positive_all\piper_batch_A\1162.wav,speech,0.0,850.5,0
858,E:\SIH\ira-wakeword\dataset\positive_all\piper_batch_D\932.wav,speech,0.0,855.0,0
859,E:\SIH\ira-wakeword\dataset\positive_all\piper_batch_A\1352.wav,speech,0.00390625,859.5,0
860,E:\SIH\ira-wakeword\dataset\positive_all\synthetic\synthetic_hfc_male_normal_2.wav,speech,0.00390625,864.0,0
861,E:\SIH\ira-wakeword\dataset\positive_all\piper_batch_B\1314.wav,speech,0.0,868.5,0
862,E:\SIH\ira-wakeword\dataset\positive_all\piper_batch_C\1140.wav,speech,0.33203125,873.0,0
863,E:\SIH\ira-wakeword\dataset\positive_all\piper_batch_A\664.wav,speech,0.0,877.5,0
864,E:\SIH\ira-wakeword\dataset\positive_all\piper_batch_B\1677.wav,speech,0.0,882.0,0
865,E:\SIH\ira-wakeword\dataset\positive_all\piper_batch_C\1282.wav,speech,0.0234375,886.5,0
866,E:\SIH\ira-wakeword\dataset\positive_all\synthetic\synthetic_ryan_97.wav,speech,0.0,891.0,0
867,E:\SIH\ira-wakeword\dataset\positive_all\piper_batch_A\177.wav,speech,0.63671875,895.5,0
868,E:\SIH\ira-wakeword\dataset\positive_all\piper_batch_C\1888.wav,speech,0.0,900.0,0
869,E:\SIH\ira-wakeword\dataset\positive_all\piper_batch_B\481.wav,speech,0.0,904.5,0
870,E:\SIH\ira-wakeword\dataset\positive_all\synthetic\synthetic_ryan_76.wav,speech,0.0,909.0,0
871,E:\SIH\ira-wakeword\real\positive\standardized\quiet_1m\ira_071.wav,speech,0.21875,913.5,0
872,E:\SIH\ira-wakeword\dataset\positive_all\piper_batch_A\1373.wav,speech,0.0078125,918.0,0
873,E:\SIH\ira-wakeword\dataset\positive_all\piper_batch_A\724.wav,speech,0.0078125,922.5,0
874,E:\SIH\ira-wakeword\dataset\positive_all\piper_batch_A\1810.wav,speech,0.0,927.0,0
875,E:\SIH\ira-wakeword\dataset\positive_all\piper_batch_C\863.wav,speech,0.0,931.5,0
876,E:\SIH\ira-wakeword\dataset\positive_all\piper_batch_D\819.wav,speech,0.07421875,936.0,0
877,E:\SIH\ira-wakeword\dataset\positive_all\piper_batch_D\1001.wav,speech,0.00390625,940.5,0
878,E:\SIH\ira-wakeword\dataset\positive_all\synthetic\synthetic_ryan_normal_9.wav,speech,0.0,945.0,0
879,E:\SIH\ira-wakeword\real\positive\standardized\quiet_1m\ira_0173.wav,speech,0.86328125,949.5,0
880,E:\SIH\ira-wakeword\dataset\positive_all\piper_batch_C\574.wav,speech,0.91796875,954.0,0
881,E:\SIH\ira-wakeword\dataset\positive_all\piper_batch_C\521.wav,speech,0.0,958.5,0
882,E:\SIH\ira-wakeword\dataset\positive_all\piper_batch_D\1217.wav,speech,0.73046875,963.0,0
883,E:\SIH\ira-wakeword\dataset\positive_all\piper_batch_A\1878.wav,speech,0.0,967.5,0
884,E:\SIH\ira-wakeword\dataset\positive_all\piper_batch_C\1551.wav,speech,0.0,972.0,0
885,E:\SIH\ira-wakeword\dataset\positive_all\synthetic\synthetic_ryan_normal_101.wav,speech,0.0,976.5,0
886,E:\SIH\ira-wakeword\dataset\positive_all\piper_batch_B\419.wav,speech,0.0,981.0,0
887,E:\SIH\ira-wakeword\dataset\positive_all\piper_batch_C\1578.wav,speech,0.0,985.5,0
888,E:\SIH\ira-wakeword\dataset\positive_all\piper_batch_C\1127.wav,speech,0.0,990.0,0
889,E:\SIH\ira-wakeword\dataset\positive_all\piper_batch_A\1392.wav,speech,0.0,994.5,0
890,E:\SIH\ira-wakeword\dataset\positive_all\piper_batch_A\528.wav,speech,0.36328125,999.0,0
891,E:\SIH\ira-wakeword\dataset\positive_all\piper_batch_B\1343.wav,speech,0.00390625,1003.5,0
892,E:\SIH\ira-wakeword\dataset\positive_all\synthetic\synthetic_lessac_38.wav,speech,0.0,1008.0,0
893,E:\SIH\ira-wakeword\dataset\positive_all\piper_batch_D\949.wav,speech,0.0,1012.5,0
894,E:\SIH\ira-wakeword\dataset\positive_all\piper_batch_C\1973.wav,speech,0.0,1017.0,0
895,E:\SIH\ira-wakeword\dataset\positive_all\piper_batch_B\1948.wav,speech,0.0,1021.5,0
896,E:\SIH\ira-wakeword\dataset\positive_all\synthetic\synthetic_lessac_normal_104.wav,speech,0.0,1026.0,0
897,E:\SIH\ira-wakeword\dataset\positive_all\piper_batch_D\169.wav,speech,0.10546875,1030.5,0
898,E:\SIH\ira-wakeword\dataset\positive_all\piper_batch_B\838.wav,speech,0.02734375,1035.0,0
899,E:\SIH\ira-wakeword\dataset\positive_all\synthetic\synthetic_amy_26.wav,speech,0.0,1039.5,0
900,E:\SIH\ira-wakeword\dataset\positive_all\piper_batch_C\118.wav,speech,0.0,1044.0,0
901,E:\SIH\ira-wakeword\dataset\positive_all\piper_batch_C\1506.wav,speech,0.0,1048.5,0
902,E:\SIH\ira-wakeword\dataset\positive_all\piper_batch_D\709.wav,speech,0.0,1053.0,0
903,E:\SIH\ira-wakeword\dataset\positive_all\piper_batch_A\137.wav,speech,0.10546875,1057.5,0
904,E:\SIH\ira-wakeword\dataset\positive_all\piper_batch_C\1396.wav,speech,0.0,1062.0,0
905,E:\SIH\ira-wakeword\dataset\positive_all\synthetic\synthetic_ryan_67.wav,speech,0.17578125,1066.5,0
906,E:\SIH\ira-wakeword\dataset\positive_all\piper_batch_A\332.wav,speech,0.08203125,1071.0,0
907,E:\SIH\ira-wakeword\dataset\positive_all\piper_batch_A\470.wav,speech,0.0,1075.5,0
908,E:\SIH\ira-wakeword\dataset\positive_all\synthetic\synthetic_lessac_31.wav,speech,0.0,1080.0,0
909,E:\SIH\ira-wakeword\dataset\positive_all\piper_batch_A\419.wav,speech,0.17578125,1084.5,0
910,E:\SIH\ira-wakeword\dataset\positive_all\piper_batch_D\1119.wav,speech,0.0,1089.0,0
911,E:\SIH\ira-wakeword\dataset\positive_all\piper_batch_C\1072.wav,speech,0.0,1093.5,0
912,E:\SIH\ira-wakeword\dataset\positive_all\piper_batch_B\1247.wav,speech,0.2421875,1098.0,0
913,E:\SIH\ira-wakeword\dataset\positive_all\piper_batch_D\582.wav,speech,0.13671875,1102.5,0
914,E:\SIH\ira-wakeword\dataset\positive_all\piper_batch_D\499.wav,speech,0.0,1107.0,0
915,E:\SIH\ira-wakeword\dataset\positive_all\synthetic\synthetic_hfc_female_94.wav,speech,0.00390625,1111.5,0
916,E:\SIH\ira-wakeword\dataset\positive_all\piper_batch_D\1410.wav,speech,0.0,1116.0,0
917,E:\SIH\ira-wakeword\dataset\positive_all\piper_batch_D\780.wav,speech,0.03125,1120.5,0
918,E:\SIH\ira-wakeword\dataset\positive_all\piper_batch_D\132.wav,speech,0.0,1125.0,0
919,E:\SIH\ira-wakeword\dataset\positive_all\synthetic\synthetic_amy_fast_27.wav,speech,0.0078125,1129.5,0
920,E:\SIH\ira-wakeword\dataset\positive_all\piper_batch_A\153.wav,speech,0.0078125,1134.0,0
921,E:\SIH\ira-wakeword\dataset\positive_all\piper_batch_C\551.wav,speech,0.0,1138.5,0
922,E:\SIH\ira-wakeword\dataset\positive_all\synthetic\synthetic_ryan_normal_72.wav,speech,0.0,1143.0,0
923,E:\SIH\ira-wakeword\dataset\positive_all\piper_batch_C\1327.wav,speech,0.09375,1147.5,0
924,E:\SIH\ira-wakeword\real\positive\standardized\quiet_1m\ira_008.wav,speech,0.8046875,1152.0,0
925,E:\SIH\ira-wakeword\dataset\positive_all\synthetic\synthetic_amy_13.wav,speech,0.0,1156.5,0
926,E:\SIH\ira-wakeword\dataset\positive_all\piper_batch_C\173.wav,speech,0.0,1161.0,0
927,E:\SIH\ira-wakeword\dataset\positive_all\synthetic\synthetic_pilot100_47.wav,speech,0.0078125,1165.5,0
928,E:\SIH\ira-wakeword\dataset\positive_all\piper_batch_B\612.wav,speech,0.01171875,1170.0,0
929,E:\SIH\ira-wakeword\dataset\positive_all\piper_batch_A\40.wav,speech,0.0,1174.5,0
930,E:\SIH\ira-wakeword\dataset\positive_all\piper_batch_D\1358.wav,speech,0.17578125,1179.0,0
931,E:\SIH\ira-wakeword\dataset\positive_all\piper_batch_D\1565.wav,speech,0.01171875,1183.5,0
932,E:\SIH\ira-wakeword\dataset\positive_all\piper_batch_B\90.wav,speech,0.0,1188.0,0
933,E:\SIH\ira-wakeword\dataset\positive_all\piper_batch_C\1020.wav,speech,0.00390625,1192.5,0
934,E:\SIH\ira-wakeword\dataset\positive_all\piper_batch_D\1087.wav,speech,0.0,1197.0,0
935,E:\SIH\ira-wakeword\dataset\positive_all\piper_batch_A\1548.wav,speech,0.0390625,1201.5,0
936,E:\SIH\ira-wakeword\dataset\positive_all\piper_batch_B\383.wav,speech,0.0,1206.0,0
937,E:\SIH\ira-wakeword\dataset\positive_all\synthetic\synthetic_amy_87.wav,speech,0.0234375,1210.5,0
938,E:\SIH\ira-wakeword\dataset\positive_all\piper_batch_A\527.wav,speech,0.0546875,1215.0,0
939,E:\SIH\ira-wakeword\dataset\positive_all\synthetic\synthetic_hfc_female_slow_7.wav,speech,0.0,1219.5,0
940,E:\SIH\ira-wakeword\dataset\positive_all\piper_batch_B\1964.wav,speech,0.0,1224.0,0
941,E:\SIH\ira-wakeword\dataset\positive_all\piper_batch_B\1316.wav,speech,0.09375,1228.5,0
942,E:\SIH\ira-wakeword\dataset\positive_all\piper_batch_C\1978.wav,speech,0.0,1233.0,0
943,E:\SIH\ira-wakeword\real\positive\standardized\quiet_50cm\ira_080.wav,speech,0.95703125,1237.5,0
944,E:\SIH\ira-wakeword\dataset\positive_all\piper_batch_C\895.wav,speech,0.03125,1242.0,0
945,E:\SIH\ira-wakeword\dataset\positive_all\piper_batch_A\1351.wav,speech,0.00390625,1246.5,0
946,E:\SIH\ira-wakeword\dataset\positive_all\piper_batch_B\798.wav,speech,0.0078125,1251.0,0
947,E:\SIH\ira-wakeword\dataset\positive_all\piper_batch_A\226.wav,speech,0.0390625,1255.5,0
948,E:\SIH\ira-wakeword\dataset\positive_all\piper_batch_D\1254.wav,speech,0.0,1260.0,0
949,E:\SIH\ira-wakeword\dataset\positive_all\piper_batch_A\389.wav,speech,0.01171875,1264.5,0
950,E:\SIH\ira-wakeword\dataset\positive_all\synthetic\synthetic_hfc_female_38.wav,speech,0.0,1269.0,0
951,E:\SIH\ira-wakeword\dataset\positive_all\piper_batch_A\530.wav,speech,0.5703125,1273.5,0
952,E:\SIH\ira-wakeword\dataset\positive_all\synthetic\synthetic_amy_slow_38.wav,speech,0.0,1278.0,0
953,E:\SIH\ira-wakeword\dataset\positive_all\piper_batch_D\906.wav,speech,0.0625,1282.5,0
954,E:\SIH\ira-wakeword\dataset\positive_all\piper_batch_A\1967.wav,speech,0.17578125,1287.0,0
955,E:\SIH\ira-wakeword\dataset\positive_all\piper_batch_C\47.wav,speech,0.00390625,1291.5,0
956,E:\SIH\ira-wakeword\dataset\positive_all\synthetic\synthetic_ryan_fast_37.wav,speech,0.0,1296.0,0
957,E:\SIH\ira-wakeword\dataset\positive_all\synthetic\synthetic_lessac_100.wav,speech,0.39453125,1300.5,0
958,E:\SIH\ira-wakeword\dataset\positive_all\piper_batch_D\64.wav,speech,0.02734375,1305.0,0
959,E:\SIH\ira-wakeword\dataset\positive_all\piper_batch_A\1991.wav,speech,0.0,1309.5,0
960,E:\SIH\ira-wakeword\dataset\positive_all\piper_batch_D\829.wav,speech,0.0,1314.0,0
961,E:\SIH\ira-wakeword\dataset\positive_all\piper_batch_C\1673.wav,speech,0.00390625,1318.5,0
962,E:\SIH\ira-wakeword\dataset\positive_all\synthetic\synthetic_lessac_25.wav,speech,0.0,1323.0,0
963,E:\SIH\ira-wakeword\dataset\positive_all\piper_batch_C\889.wav,speech,0.00390625,1327.5,0
964,E:\SIH\ira-wakeword\dataset\positive_all\piper_batch_C\41.wav,speech,0.21875,1332.0,0
965,E:\SIH\ira-wakeword\real\positive\standardized\quiet_20cm\ira_0142.wav,speech,0.5703125,1336.5,0
966,E:\SIH\ira-wakeword\dataset\positive_all\piper_batch_D\1476.wav,speech,0.26953125,1341.0,0
967,E:\SIH\ira-wakeword\dataset\positive_all\piper_batch_C\897.wav,speech,0.0,1345.5,0
968,E:\SIH\ira-wakeword\dataset\positive_all\piper_batch_A\1470.wav,speech,0.01171875,1350.0,0
969,E:\SIH\ira-wakeword\dataset\positive_all\piper_batch_B\718.wav,speech,0.00390625,1354.5,0
970,E:\SIH\ira-wakeword\dataset\positive_all\piper_batch_B\1179.wav,speech,0.01171875,1359.0,0
971,E:\SIH\ira-wakeword\dataset\positive_all\synthetic\synthetic_ryan_normal_109.wav,speech,0.01171875,1363.5,0
972,E:\SIH\ira-wakeword\dataset\positive_all\piper_batch_A\901.wav,speech,0.0,1368.0,0
973,E:\SIH\ira-wakeword\dataset\positive_all\piper_batch_D\871.wav,speech,0.39453125,1372.5,0
974,E:\SIH\ira-wakeword\dataset\positive_all\piper_batch_C\169.wav,speech,0.36328125,1377.0,0
975,E:\SIH\ira-wakeword\dataset\positive_all\piper_batch_C\119.wav,speech,0.89453125,1381.5,0
976,E:\SIH\ira-wakeword\dataset\positive_all\piper_batch_C\1846.wav,speech,0.00390625,1386.0,0
977,E:\SIH\ira-wakeword\dataset\positive_all\synthetic\synthetic_pilot100_89.wav,speech,0.0,1390.5,0
978,E:\SIH\ira-wakeword\dataset\positive_all\piper_batch_B\454.wav,speech,0.0,1395.0,0
979,E:\SIH\ira-wakeword\real\positive\standardized\quiet_50cm\ira_0136.wav,speech,0.87890625,1399.5,0
980,E:\SIH\ira-wakeword\dataset\positive_all\piper_batch_B\780.wav,speech,0.0,1404.0,0
981,E:\SIH\ira-wakeword\dataset\positive_all\piper_batch_B\1727.wav,speech,0.26953125,1408.5,0
982,E:\SIH\ira-wakeword\dataset\positive_all\synthetic\synthetic_ryan_slow_27.wav,speech,0.015625,1413.0,0
983,E:\SIH\ira-wakeword\dataset\positive_all\synthetic\synthetic_ryan_normal_0.wav,speech,0.0,1417.5,0
984,E:\SIH\ira-wakeword\dataset\positive_all\synthetic\synthetic_amy_slow_39.wav,speech,0.0,1422.0,0
985,E:\SIH\ira-wakeword\real\positive\standardized\quiet_50cm\ira_0170.wav,speech,0.17578125,1426.5,0
986,E:\SIH\ira-wakeword\real\positive\standardized\quiet_50cm\ira_0186.wav,speech,0.953125,1431.0,0
987,E:\SIH\ira-wakeword\dataset\positive_all\piper_batch_A\920.wav,speech,0.00390625,1435.5,0
988,E:\SIH\ira-wakeword\dataset\positive_all\piper_batch_B\720.wav,speech,0.015625,1440.0,0
989,E:\SIH\ira-wakeword\dataset\positive_all\synthetic\synthetic_amy_normal_41.wav,speech,0.0,1444.5,0
990,E:\SIH\ira-wakeword\dataset\positive_all\piper_batch_B\312.wav,speech,0.0,1449.0,0
991,E:\SIH\ira-wakeword\dataset\positive_all\piper_batch_D\207.wav,speech,0.0,1453.5,0
992,E:\SIH\ira-wakeword\dataset\positive_all\piper_batch_C\25.wav,speech,0.0,1458.0,0
993,E:\SIH\ira-wakeword\dataset\positive_all\piper_batch_C\1440.wav,speech,0.08203125,1462.5,0
994,E:\SIH\ira-wakeword\dataset\positive_all\synthetic\synthetic_hfc_female_fast_14.wav,speech,0.0,1467.0,0
995,E:\SIH\ira-wakeword\dataset\positive_all\piper_batch_C\227.wav,speech,0.0,1471.5,0
996,E:\SIH\ira-wakeword\dataset\positive_all\synthetic\synthetic_hfc_male_fast_16.wav,speech,0.46484375,1476.0,0
997,E:\SIH\ira-wakeword\dataset\positive_all\synthetic\synthetic_ryan_normal_29.wav,speech,0.26953125,1480.5,0
998,E:\SIH\ira-wakeword\dataset\positive_all\piper_batch_A\1111.wav,speech,0.0,1485.0,0
999,E:\SIH\ira-wakeword\dataset\positive_all\piper_batch_A\1439.wav,speech,0.0,1489.5,0
1000,E:\SIH\ira-wakeword\dataset\positive_all\piper_batch_C\250.wav,speech,0.0625,1494.0,0
1001,E:\SIH\ira-wakeword\real\positive\standardized\quiet_50cm\ira_0115.wav,speech,0.9453125,1498.5,0
1002,E:\SIH\ira-wakeword\dataset\positive_all\synthetic\synthetic_hfc_female_normal_14.wav,speech,0.0,1503.0,0
1003,E:\SIH\ira-wakeword\dataset\positive_all\piper_batch_C\1109.wav,speech,0.5,1507.5,0
