stream_id,source_positive_file,insertion_timestamp_sec,condition
clean,E:\SIH\ira-wakeword\dataset\positive_all\piper_batch_A\1090.wav,4.500,clean
clean,E:\SIH\ira-wakeword\real\positive\standardized\quiet_1m\ira_0119.wav,9.000,clean
clean,E:\SIH\ira-wakeword\dataset\positive_all\piper_batch_D\16.wav,13.500,clean
clean,E:\SIH\ira-wakeword\dataset\positive_all\synthetic\synthetic_pilot100_28.wav,18.000,clean
clean,E:\SIH\ira-wakeword\dataset\positive_all\piper_batch_A\1835.wav,22.500,clean
clean,E:\SIH\ira-wakeword\dataset\positive_all\synthetic\synthetic_lessac_slow_0.wav,27.000,clean
clean,E:\SIH\ira-wakeword\dataset\positive_all\piper_batch_C\1353.wav,31.500,clean
clean,E:\SIH\ira-wakeword\dataset\positive_all\piper_batch_C\978.wav,36.000,clean
clean,E:\SIH\ira-wakeword\dataset\positive_all\piper_batch_B\716.wav,40.500,clean
clean,E:\SIH\ira-wakeword\dataset\positive_all\piper_batch_C\410.wav,45.000,clean
clean,E:\SIH\ira-wakeword\dataset\positive_all\piper_batch_D\1365.wav,49.500,clean
clean,E:\SIH\ira-wakeword\dataset\positive_all\piper_batch_C\896.wav,54.000,clean
clean,E:\SIH\ira-wakeword\dataset\positive_all\piper_batch_C\1392.wav,58.500,clean
clean,E:\SIH\ira-wakeword\dataset\positive_all\piper_batch_C\659.wav,63.000,clean
clean,E:\SIH\ira-wakeword\dataset\positive_all\piper_batch_C\569.wav,67.500,clean
clean,E:\SIH\ira-wakeword\dataset\positive_all\piper_batch_D\1009.wav,72.000,clean
clean,E:\SIH\ira-wakeword\dataset\positive_all\piper_batch_A\85.wav,76.500,clean
clean,E:\SIH\ira-wakeword\dataset\positive_all\piper_batch_C\32.wav,81.000,clean
clean,E:\SIH\ira-wakeword\dataset\positive_all\piper_batch_D\599.wav,85.500,clean
clean,E:\SIH\ira-wakeword\real\positive\standardized\quiet_20cm\ira_078.wav,90.000,clean
clean,E:\SIH\ira-wakeword\dataset\positive_all\piper_batch_C\738.wav,94.500,clean
clean,E:\SIH\ira-wakeword\dataset\positive_all\piper_batch_B\498.wav,99.000,clean
clean,E:\SIH\ira-wakeword\dataset\positive_all\piper_batch_D\209.wav,103.500,clean
clean,E:\SIH\ira-wakeword\dataset\positive_all\piper_batch_D\1039.wav,108.000,clean
clean,E:\SIH\ira-wakeword\dataset\positive_all\synthetic\synthetic_ryan_60.wav,112.500,clean
clean,E:\SIH\ira-wakeword\dataset\positive_all\synthetic\synthetic_pilot100_80.wav,117.000,clean
clean,E:\SIH\ira-wakeword\real\positive\standardized\quiet_1m\ira_0172.wav,121.500,clean
clean,E:\SIH\ira-wakeword\dataset\positive_all\piper_batch_A\188.wav,126.000,clean
clean,E:\SIH\ira-wakeword\real\positive\standardized\quiet_20cm\ira_066.wav,130.500,clean
clean,E:\SIH\ira-wakeword\dataset\positive_all\piper_batch_B\1118.wav,135.000,clean
clean,E:\SIH\ira-wakeword\dataset\positive_all\piper_batch_B\87.wav,139.500,clean
clean,E:\SIH\ira-wakeword\dataset\positive_all\piper_batch_A\204.wav,144.000,clean
clean,E:\SIH\ira-wakeword\dataset\positive_all\piper_batch_B\1518.wav,148.500,clean
clean,E:\SIH\ira-wakeword\dataset\positive_all\piper_batch_D\885.wav,153.000,clean
clean,E:\SIH\ira-wakeword\real\positive\standardized\quiet_50cm\ira_0188.wav,157.500,clean
clean,E:\SIH\ira-wakeword\dataset\positive_all\piper_batch_B\1050.wav,162.000,clean
clean,E:\SIH\ira-wakeword\dataset\positive_all\piper_batch_A\309.wav,166.500,clean
clean,E:\SIH\ira-wakeword\dataset\positive_all\piper_batch_D\153.wav,171.000,clean
clean,E:\SIH\ira-wakeword\dataset\positive_all\piper_batch_A\1006.wav,175.500,clean
clean,E:\SIH\ira-wakeword\dataset\positive_all\piper_batch_B\1100.wav,180.000,clean
clean,E:\SIH\ira-wakeword\dataset\positive_all\piper_batch_C\1738.wav,184.500,clean
clean,E:\SIH\ira-wakeword\dataset\positive_all\piper_batch_B\1505.wav,189.000,clean
clean,E:\SIH\ira-wakeword\dataset\positive_all\piper_batch_B\1435.wav,193.500,clean
clean,E:\SIH\ira-wakeword\dataset\positive_all\piper_batch_B\579.wav,198.000,clean
clean,E:\SIH\ira-wakeword\dataset\positive_all\piper_batch_C\1289.wav,202.500,clean
clean,E:\SIH\ira-wakeword\dataset\positive_all\piper_batch_C\1382.wav,207.000,clean
clean,E:\SIH\ira-wakeword\dataset\positive_all\piper_batch_A\62.wav,211.500,clean
clean,E:\SIH\ira-wakeword\dataset\positive_all\piper_batch_C\226.wav,216.000,clean
clean,E:\SIH\ira-wakeword\real\positive\standardized\quiet_1m\ira_038.wav,220.500,clean
clean,E:\SIH\ira-wakeword\real\positive\standardized\quiet_1m\ira_0157.wav,225.000,clean
clean,E:\SIH\ira-wakeword\dataset\positive_all\piper_batch_B\276.wav,229.500,clean
clean,E:\SIH\ira-wakeword\dataset\positive_all\piper_batch_B\779.wav,234.000,clean
clean,E:\SIH\ira-wakeword\dataset\positive_all\piper_batch_C\424.wav,238.500,clean
clean,E:\SIH\ira-wakeword\dataset\positive_all\piper_batch_D\372.wav,243.000,clean
clean,E:\SIH\ira-wakeword\dataset\positive_all\synthetic\synthetic_ryan_38.wav,247.500,clean
clean,E:\SIH\ira-wakeword\dataset\positive_all\synthetic\synthetic_hfc_male_normal_55.wav,252.000,clean
clean,E:\SIH\ira-wakeword\dataset\positive_all\piper_batch_B\80.wav,256.500,clean
clean,E:\SIH\ira-wakeword\dataset\positive_all\piper_batch_B\1554.wav,261.000,clean
clean,E:\SIH\ira-wakeword\dataset\positive_all\piper_batch_A\1845.wav,265.500,clean
clean,E:\SIH\ira-wakeword\dataset\positive_all\piper_batch_D\339.wav,270.000,clean
clean,E:\SIH\ira-wakeword\dataset\positive_all\piper_batch_B\895.wav,274.500,clean
clean,E:\SIH\ira-wakeword\dataset\positive_all\piper_batch_A\1867.wav,279.000,clean
clean,E:\SIH\ira-wakeword\dataset\positive_all\piper_batch_A\1954.wav,283.500,clean
clean,E:\SIH\ira-wakeword\dataset\positive_all\piper_batch_A\234.wav,288.000,clean
clean,E:\SIH\ira-wakeword\dataset\positive_all\piper_batch_C\1104.wav,292.500,clean
clean,E:\SIH\ira-wakeword\dataset\positive_all\synthetic\synthetic_amy_normal_111.wav,297.000,clean
clean,E:\SIH\ira-wakeword\dataset\positive_all\piper_batch_B\847.wav,301.500,clean
clean,E:\SIH\ira-wakeword\dataset\positive_all\synthetic\synthetic_lessac_slow_28.wav,306.000,clean
clean,E:\SIH\ira-wakeword\dataset\positive_all\synthetic\synthetic_hfc_female_normal_30.wav,310.500,clean
clean,E:\SIH\ira-wakeword\dataset\positive_all\piper_batch_A\592.wav,315.000,clean
clean,E:\SIH\ira-wakeword\dataset\positive_all\piper_batch_A\615.wav,319.500,clean
clean,E:\SIH\ira-wakeword\dataset\positive_all\piper_batch_B\171.wav,324.000,clean
clean,E:\SIH\ira-wakeword\dataset\positive_all\piper_batch_C\675.wav,328.500,clean
clean,E:\SIH\ira-wakeword\dataset\positive_all\piper_batch_B\306.wav,333.000,clean
clean,E:\SIH\ira-wakeword\real\positive\standardized\quiet_20cm\ira_049.wav,337.500,clean
clean,E:\SIH\ira-wakeword\dataset\positive_all\synthetic\synthetic_lessac_normal_55.wav,342.000,clean
clean,E:\SIH\ira-wakeword\real\positive\standardized\quiet_20cm\ira_0112.wav,346.500,clean
clean,E:\SIH\ira-wakeword\real\positive\standardized\quiet_50cm\ira_0217.wav,351.000,clean
clean,E:\SIH\ira-wakeword\dataset\positive_all\piper_batch_D\243.wav,355.500,clean
clean,E:\SIH\ira-wakeword\dataset\positive_all\synthetic\synthetic_pilot100_55.wav,360.000,clean
clean,E:\SIH\ira-wakeword\dataset\positive_all\piper_batch_B\1103.wav,364.500,clean
clean,E:\SIH\ira-wakeword\dataset\positive_all\piper_batch_C\494.wav,369.000,clean
clean,E:\SIH\ira-wakeword\dataset\positive_all\piper_batch_B\1457.wav,373.500,clean
clean,E:\SIH\ira-wakeword\dataset\positive_all\piper_batch_A\514.wav,378.000,clean
clean,E:\SIH\ira-wakeword\dataset\positive_all\piper_batch_C\365.wav,382.500,clean
clean,E:\SIH\ira-wakeword\dataset\positive_all\synthetic\synthetic_amy_43.wav,387.000,clean
clean,E:\SIH\ira-wakeword\dataset\positive_all\piper_batch_A\1498.wav,391.500,clean
clean,E:\SIH\ira-wakeword\dataset\positive_all\piper_batch_B\1034.wav,396.000,clean
clean,E:\SIH\ira-wakeword\dataset\positive_all\piper_batch_C\1814.wav,400.500,clean
clean,E:\SIH\ira-wakeword\dataset\positive_all\piper_batch_B\741.wav,405.000,clean
clean,E:\SIH\ira-wakeword\dataset\positive_all\piper_batch_C\1860.wav,409.500,clean
clean,E:\SIH\ira-wakeword\dataset\positive_all\synthetic\synthetic_hfc_male_normal_60.wav,414.000,clean
clean,E:\SIH\ira-wakeword\dataset\positive_all\piper_batch_A\554.wav,418.500,clean
clean,E:\SIH\ira-wakeword\dataset\positive_all\piper_batch_B\1766.wav,423.000,clean
clean,E:\SIH\ira-wakeword\dataset\positive_all\piper_batch_D\494.wav,427.500,clean
clean,E:\SIH\ira-wakeword\dataset\positive_all\piper_batch_A\444.wav,432.000,clean
clean,E:\SIH\ira-wakeword\dataset\positive_all\piper_batch_B\541.wav,436.500,clean
clean,E:\SIH\ira-wakeword\dataset\positive_all\piper_batch_D\1357.wav,441.000,clean
clean,E:\SIH\ira-wakeword\dataset\positive_all\synthetic\synthetic_lessac_fast_30.wav,445.500,clean
clean,E:\SIH\ira-wakeword\dataset\positive_all\piper_batch_C\1285.wav,450.000,clean
clean,E:\SIH\ira-wakeword\dataset\positive_all\piper_batch_C\249.wav,454.500,clean
clean,E:\SIH\ira-wakeword\dataset\positive_all\piper_batch_A\1277.wav,459.000,clean
clean,E:\SIH\ira-wakeword\dataset\positive_all\piper_batch_A\1576.wav,463.500,clean
clean,E:\SIH\ira-wakeword\real\positive\standardized\quiet_50cm\ira_0190.wav,468.000,clean
clean,E:\SIH\ira-wakeword\dataset\positive_all\piper_batch_B\972.wav,472.500,clean
clean,E:\SIH\ira-wakeword\dataset\positive_all\piper_batch_D\199.wav,477.000,clean
clean,E:\SIH\ira-wakeword\dataset\positive_all\synthetic\synthetic_lessac_normal_74.wav,481.500,clean
clean,E:\SIH\ira-wakeword\dataset\positive_all\synthetic\synthetic_ryan_fast_4.wav,486.000,clean
clean,E:\SIH\ira-wakeword\dataset\positive_all\synthetic\synthetic_hfc_female_normal_118.wav,490.500,clean
clean,E:\SIH\ira-wakeword\dataset\positive_all\piper_batch_D\1226.wav,495.000,clean
clean,E:\SIH\ira-wakeword\dataset\positive_all\piper_batch_C\1708.wav,499.500,clean
clean,E:\SIH\ira-wakeword\dataset\positive_all\piper_batch_D\437.wav,504.000,clean
clean,E:\SIH\ira-wakeword\dataset\positive_all\piper_batch_D\127.wav,508.500,clean
clean,E:\SIH\ira-wakeword\dataset\positive_all\piper_batch_A\1142.wav,513.000,clean
clean,E:\SIH\ira-wakeword\dataset\positive_all\piper_batch_D\1530.wav,517.500,clean
clean,E:\SIH\ira-wakeword\dataset\positive_all\piper_batch_A\56.wav,522.000,clean
clean,E:\SIH\ira-wakeword\dataset\positive_all\piper_batch_B\73.wav,526.500,clean
clean,E:\SIH\ira-wakeword\dataset\positive_all\piper_batch_A\1501.wav,531.000,clean
clean,E:\SIH\ira-wakeword\dataset\positive_all\piper_batch_A\621.wav,535.500,clean
clean,E:\SIH\ira-wakeword\dataset\positive_all\piper_batch_B\141.wav,540.000,clean
clean,E:\SIH\ira-wakeword\dataset\positive_all\synthetic\synthetic_lessac_normal_9.wav,544.500,clean
clean,E:\SIH\ira-wakeword\dataset\positive_all\piper_batch_C\570.wav,549.000,clean
clean,E:\SIH\ira-wakeword\real\positive\standardized\quiet_50cm\ira_0137.wav,553.500,clean
clean,E:\SIH\ira-wakeword\dataset\positive_all\piper_batch_A\471.wav,558.000,clean
clean,E:\SIH\ira-wakeword\dataset\positive_all\piper_batch_C\856.wav,562.500,clean
clean,E:\SIH\ira-wakeword\dataset\positive_all\piper_batch_A\74.wav,567.000,clean
clean,E:\SIH\ira-wakeword\dataset\positive_all\piper_batch_D\1046.wav,571.500,clean
clean,E:\SIH\ira-wakeword\dataset\positive_all\piper_batch_C\1678.wav,576.000,clean
clean,E:\SIH\ira-wakeword\dataset\positive_all\piper_batch_C\314.wav,580.500,clean
clean,E:\SIH\ira-wakeword\dataset\positive_all\synthetic\synthetic_ryan_normal_44.wav,585.000,clean
clean,E:\SIH\ira-wakeword\dataset\positive_all\piper_batch_B\1632.wav,589.500,clean
clean,E:\SIH\ira-wakeword\dataset\positive_all\synthetic\synthetic_lessac_normal_113.wav,594.000,clean
clean,E:\SIH\ira-wakeword\dataset\positive_all\piper_batch_D\521.wav,598.500,clean
clean,E:\SIH\ira-wakeword\dataset\positive_all\piper_batch_A\230.wav,603.000,clean
clean,E:\SIH\ira-wakeword\dataset\positive_all\piper_batch_C\84.wav,607.500,clean
clean,E:\SIH\ira-wakeword\dataset\positive_all\piper_batch_C\955.wav,612.000,clean
clean,E:\SIH\ira-wakeword\dataset\positive_all\piper_batch_A\1890.wav,616.500,clean
clean,E:\SIH\ira-wakeword\dataset\positive_all\piper_batch_A\380.wav,621.000,clean
clean,E:\SIH\ira-wakeword\dataset\positive_all\piper_batch_A\1754.wav,625.500,clean
clean,E:\SIH\ira-wakeword\dataset\positive_all\piper_batch_A\2.wav,630.000,clean
clean,E:\SIH\ira-wakeword\dataset\positive_all\piper_batch_D\426.wav,634.500,clean
clean,E:\SIH\ira-wakeword\real\positive\standardized\quiet_1m\ira_060.wav,639.000,clean
clean,E:\SIH\ira-wakeword\dataset\positive_all\piper_batch_A\322.wav,643.500,clean
clean,E:\SIH\ira-wakeword\dataset\positive_all\piper_batch_A\374.wav,648.000,clean
clean,E:\SIH\ira-wakeword\dataset\positive_all\piper_batch_A\398.wav,652.500,clean
clean,E:\SIH\ira-wakeword\dataset\positive_all\piper_batch_D\278.wav,657.000,clean
clean,E:\SIH\ira-wakeword\dataset\positive_all\piper_batch_D\966.wav,661.500,clean
clean,E:\SIH\ira-wakeword\dataset\positive_all\piper_batch_A\432.wav,666.000,clean
clean,E:\SIH\ira-wakeword\dataset\positive_all\piper_batch_B\882.wav,670.500,clean
clean,E:\SIH\ira-wakeword\dataset\positive_all\piper_batch_A\767.wav,675.000,clean
clean,E:\SIH\ira-wakeword\dataset\positive_all\piper_batch_D\653.wav,679.500,clean
clean,E:\SIH\ira-wakeword\dataset\positive_all\piper_batch_C\1144.wav,684.000,clean
clean,E:\SIH\ira-wakeword\dataset\positive_all\piper_batch_A\173.wav,688.500,clean
clean,E:\SIH\ira-wakeword\dataset\positive_all\piper_batch_B\1844.wav,693.000,clean
clean,E:\SIH\ira-wakeword\dataset\positive_all\piper_batch_C\850.wav,697.500,clean
clean,E:\SIH\ira-wakeword\dataset\positive_all\piper_batch_D\284.wav,702.000,clean
clean,E:\SIH\ira-wakeword\dataset\positive_all\piper_batch_B\1298.wav,706.500,clean
clean,E:\SIH\ira-wakeword\dataset\positive_all\piper_batch_B\1324.wav,711.000,clean
clean,E:\SIH\ira-wakeword\dataset\positive_all\piper_batch_B\926.wav,715.500,clean
clean,E:\SIH\ira-wakeword\dataset\positive_all\piper_batch_C\251.wav,720.000,clean
clean,E:\SIH\ira-wakeword\dataset\positive_all\synthetic\synthetic_pilot100_58.wav,724.500,clean
clean,E:\SIH\ira-wakeword\dataset\positive_all\piper_batch_C\1486.wav,729.000,clean
clean,E:\SIH\ira-wakeword\dataset\positive_all\piper_batch_A\681.wav,733.500,clean
clean,E:\SIH\ira-wakeword\dataset\positive_all\piper_batch_C\1955.wav,738.000,clean
clean,E:\SIH\ira-wakeword\dataset\positive_all\piper_batch_C\381.wav,742.500,clean
clean,E:\SIH\ira-wakeword\dataset\positive_all\synthetic\synthetic_hfc_male_slow_37.wav,747.000,clean
clean,E:\SIH\ira-wakeword\dataset\positive_all\piper_batch_C\58.wav,751.500,clean
clean,E:\SIH\ira-wakeword\dataset\positive_all\piper_batch_B\453.wav,756.000,clean
clean,E:\SIH\ira-wakeword\dataset\positive_all\piper_batch_D\324.wav,760.500,clean
clean,E:\SIH\ira-wakeword\dataset\positive_all\piper_batch_B\320.wav,765.000,clean
clean,E:\SIH\ira-wakeword\dataset\positive_all\piper_batch_C\1427.wav,769.500,clean
clean,E:\SIH\ira-wakeword\dataset\positive_all\piper_batch_C\1785.wav,774.000,clean
clean,E:\SIH\ira-wakeword\dataset\positive_all\piper_batch_C\839.wav,778.500,clean
clean,E:\SIH\ira-wakeword\dataset\positive_all\piper_batch_A\896.wav,783.000,clean
clean,E:\SIH\ira-wakeword\dataset\positive_all\synthetic\synthetic_amy_normal_7.wav,787.500,clean
clean,E:\SIH\ira-wakeword\dataset\positive_all\piper_batch_B\1741.wav,792.000,clean
clean,E:\SIH\ira-wakeword\dataset\positive_all\synthetic\synthetic_ryan_41.wav,796.500,clean
clean,E:\SIH\ira-wakeword\dataset\positive_all\piper_batch_A\889.wav,801.000,clean
clean,E:\SIH\ira-wakeword\dataset\positive_all\piper_batch_A\806.wav,805.500,clean
clean,E:\SIH\ira-wakeword\dataset\positive_all\piper_batch_A\766.wav,810.000,clean
clean,E:\SIH\ira-wakeword\dataset\positive_all\piper_batch_C\375.wav,814.500,clean
clean,E:\SIH\ira-wakeword\dataset\positive_all\piper_batch_B\57.wav,819.000,clean
clean,E:\SIH\ira-wakeword\dataset\positive_all\piper_batch_A\1204.wav,823.500,clean
clean,E:\SIH\ira-wakeword\dataset\positive_all\piper_batch_D\623.wav,828.000,clean
clean,E:\SIH\ira-wakeword\dataset\positive_all\piper_batch_D\1354.wav,832.500,clean
clean,E:\SIH\ira-wakeword\dataset\positive_all\piper_batch_B\564.wav,837.000,clean
clean,E:\SIH\ira-wakeword\dataset\positive_all\piper_batch_D\633.wav,841.500,clean
clean,E:\SIH\ira-wakeword\dataset\positive_all\synthetic\synthetic_hfc_male_55.wav,846.000,clean
clean,E:\SIH\ira-wakeword\dataset\positive_all\synthetic\synthetic_amy_normal_34.wav,850.500,clean
clean,E:\SIH\ira-wakeword\dataset\positive_all\piper_batch_A\650.wav,855.000,clean
clean,E:\SIH\ira-wakeword\dataset\positive_all\piper_batch_A\914.wav,859.500,clean
clean,E:\SIH\ira-wakeword\dataset\positive_all\piper_batch_D\815.wav,864.000,clean
clean,E:\SIH\ira-wakeword\dataset\positive_all\piper_batch_B\1013.wav,868.500,clean
clean,E:\SIH\ira-wakeword\dataset\positive_all\piper_batch_D\151.wav,873.000,clean
clean,E:\SIH\ira-wakeword\dataset\positive_all\piper_batch_B\1570.wav,877.500,clean
clean,E:\SIH\ira-wakeword\dataset\positive_all\synthetic\synthetic_lessac_normal_114.wav,882.000,clean
clean,E:\SIH\ira-wakeword\real\positive\standardized\quiet_50cm\ira_0117.wav,886.500,clean
clean,E:\SIH\ira-wakeword\dataset\positive_all\piper_batch_A\231.wav,891.000,clean
clean,E:\SIH\ira-wakeword\dataset\positive_all\piper_batch_B\573.wav,895.500,clean
clean,E:\SIH\ira-wakeword\dataset\positive_all\piper_batch_C\1192.wav,900.000,clean
clean,E:\SIH\ira-wakeword\dataset\positive_all\piper_batch_A\934.wav,904.500,clean
clean,E:\SIH\ira-wakeword\dataset\positive_all\piper_batch_C\1653.wav,909.000,clean
clean,E:\SIH\ira-wakeword\real\positive\standardized\quiet_1m\ira_0133.wav,913.500,clean
clean,E:\SIH\ira-wakeword\dataset\positive_all\piper_batch_D\1558.wav,918.000,clean
clean,E:\SIH\ira-wakeword\dataset\positive_all\piper_batch_D\402.wav,922.500,clean
clean,E:\SIH\ira-wakeword\dataset\positive_all\piper_batch_C\1596.wav,927.000,clean
clean,E:\SIH\ira-wakeword\dataset\positive_all\synthetic\synthetic_lessac_fast_29.wav,931.500,clean
clean,E:\SIH\ira-wakeword\dataset\positive_all\synthetic\synthetic_hfc_male_normal_45.wav,936.000,clean
clean,E:\SIH\ira-wakeword\dataset\positive_all\piper_batch_B\505.wav,940.500,clean
clean,E:\SIH\ira-wakeword\dataset\positive_all\piper_batch_D\626.wav,945.000,clean
clean,E:\SIH\ira-wakeword\dataset\positive_all\synthetic\synthetic_hfc_male_normal_48.wav,949.500,clean
clean,E:\SIH\ira-wakeword\dataset\positive_all\piper_batch_D\74.wav,954.000,clean
clean,E:\SIH\ira-wakeword\dataset\positive_all\synthetic\synthetic_amy_67.wav,958.500,clean
clean,E:\SIH\ira-wakeword\dataset\positive_all\piper_batch_B\1891.wav,963.000,clean
clean,E:\SIH\ira-wakeword\dataset\positive_all\piper_batch_A\978.wav,967.500,clean
clean,E:\SIH\ira-wakeword\dataset\positive_all\piper_batch_D\1099.wav,972.000,clean
clean,E:\SIH\ira-wakeword\dataset\positive_all\synthetic\synthetic_ryan_normal_32.wav,976.500,clean
clean,E:\SIH\ira-wakeword\dataset\positive_all\piper_batch_B\1814.wav,981.000,clean
clean,E:\SIH\ira-wakeword\dataset\positive_all\piper_batch_B\85.wav,985.500,clean
clean,E:\SIH\ira-wakeword\dataset\positive_all\piper_batch_B\792.wav,990.000,clean
clean,E:\SIH\ira-wakeword\dataset\positive_all\piper_batch_A\814.wav,994.500,clean
clean,E:\SIH\ira-wakeword\dataset\positive_all\piper_batch_A\1365.wav,999.000,clean
clean,E:\SIH\ira-wakeword\dataset\positive_all\piper_batch_B\37.wav,1003.500,clean
clean,E:\SIH\ira-wakeword\dataset\positive_all\piper_batch_A\867.wav,1008.000,clean
clean,E:\SIH\ira-wakeword\dataset\positive_all\piper_batch_A\1629.wav,1012.500,clean
clean,E:\SIH\ira-wakeword\dataset\positive_all\piper_batch_B\852.wav,1017.000,clean
clean,E:\SIH\ira-wakeword\dataset\positive_all\synthetic\synthetic_hfc_female_normal_57.wav,1021.500,clean
clean,E:\SIH\ira-wakeword\dataset\positive_all\piper_batch_B\1412.wav,1026.000,clean
clean,E:\SIH\ira-wakeword\dataset\positive_all\synthetic\synthetic_hfc_male_normal_109.wav,1030.500,clean
clean,E:\SIH\ira-wakeword\real\positive\standardized\quiet_50cm\ira_015.wav,1035.000,clean
clean,E:\SIH\ira-wakeword\dataset\positive_all\piper_batch_B\1161.wav,1039.500,clean
clean,E:\SIH\ira-wakeword\dataset\positive_all\synthetic\synthetic_hfc_female_normal_71.wav,1044.000,clean
clean,E:\SIH\ira-wakeword\dataset\positive_all\piper_batch_A\476.wav,1048.500,clean
clean,E:\SIH\ira-wakeword\real\positive\standardized\quiet_1m\ira_0217.wav,1053.000,clean
clean,E:\SIH\ira-wakeword\dataset\positive_all\piper_batch_A\1881.wav,1057.500,clean
clean,E:\SIH\ira-wakeword\dataset\positive_all\piper_batch_B\456.wav,1062.000,clean
clean,E:\SIH\ira-wakeword\real\positive\standardized\quiet_20cm\ira_0129.wav,1066.500,clean
clean,E:\SIH\ira-wakeword\dataset\positive_all\piper_batch_C\74.wav,1071.000,clean
clean,E:\SIH\ira-wakeword\dataset\positive_all\piper_batch_C\94.wav,1075.500,clean
clean,E:\SIH\ira-wakeword\dataset\positive_all\piper_batch_C\720.wav,1080.000,clean
clean,E:\SIH\ira-wakeword\dataset\positive_all\piper_batch_C\1843.wav,1084.500,clean
clean,E:\SIH\ira-wakeword\dataset\positive_all\synthetic\synthetic_lessac_slow_38.wav,1089.000,clean
clean,E:\SIH\ira-wakeword\dataset\positive_all\piper_batch_C\732.wav,1093.500,clean
clean,E:\SIH\ira-wakeword\dataset\positive_all\piper_batch_C\406.wav,1098.000,clean
clean,E:\SIH\ira-wakeword\dataset\positive_all\piper_batch_A\1444.wav,1102.500,clean
clean,E:\SIH\ira-wakeword\real\positive\standardized\quiet_20cm\ira_065.wav,1107.000,clean
clean,E:\SIH\ira-wakeword\dataset\positive_all\piper_batch_B\1853.wav,1111.500,clean
clean,E:\SIH\ira-wakeword\dataset\positive_all\piper_batch_D\134.wav,1116.000,clean
clean,E:\SIH\ira-wakeword\dataset\positive_all\piper_batch_A\880.wav,1120.500,clean
clean,E:\SIH\ira-wakeword\dataset\positive_all\piper_batch_C\223.wav,1125.000,clean
clean,E:\SIH\ira-wakeword\dataset\positive_all\piper_batch_A\1869.wav,1129.500,clean
clean,E:\SIH\ira-wakeword\dataset\positive_all\synthetic\synthetic_hfc_male_69.wav,1134.000,clean
clean,E:\SIH\ira-wakeword\dataset\positive_all\synthetic\synthetic_lessac_slow_17.wav,1138.500,clean
clean,E:\SIH\ira-wakeword\real\positive\standardized\quiet_20cm\ira_0128.wav,1143.000,clean
clean,E:\SIH\ira-wakeword\dataset\positive_all\piper_batch_A\579.wav,1147.500,clean
clean,E:\SIH\ira-wakeword\dataset\positive_all\piper_batch_B\1474.wav,1152.000,clean
clean,E:\SIH\ira-wakeword\dataset\positive_all\synthetic\synthetic_hfc_male_116.wav,1156.500,clean
clean,E:\SIH\ira-wakeword\dataset\positive_all\piper_batch_D\1521.wav,1161.000,clean
clean,E:\SIH\ira-wakeword\dataset\positive_all\piper_batch_B\1560.wav,1165.500,clean
clean,E:\SIH\ira-wakeword\dataset\positive_all\piper_batch_A\28.wav,1170.000,clean
clean,E:\SIH\ira-wakeword\dataset\positive_all\piper_batch_D\957.wav,1174.500,clean
clean,E:\SIH\ira-wakeword\dataset\positive_all\piper_batch_A\1297.wav,1179.000,clean
clean,E:\SIH\ira-wakeword\dataset\positive_all\synthetic\synthetic_ryan_normal_47.wav,1183.500,clean
clean,E:\SIH\ira-wakeword\dataset\positive_all\piper_batch_C\610.wav,1188.000,clean
clean,E:\SIH\ira-wakeword\dataset\positive_all\piper_batch_D\367.wav,1192.500,clean
clean,E:\SIH\ira-wakeword\dataset\positive_all\piper_batch_A\1532.wav,1197.000,clean
clean,E:\SIH\ira-wakeword\dataset\positive_all\piper_batch_C\61.wav,1201.500,clean
clean,E:\SIH\ira-wakeword\dataset\positive_all\piper_batch_B\637.wav,1206.000,clean
clean,E:\SIH\ira-wakeword\dataset\positive_all\piper_batch_D\1328.wav,1210.500,clean
clean,E:\SIH\ira-wakeword\dataset\positive_all\synthetic\synthetic_ryan_slow_22.wav,1215.000,clean
clean,E:\SIH\ira-wakeword\dataset\positive_all\piper_batch_B\891.wav,1219.500,clean
clean,E:\SIH\ira-wakeword\dataset\positive_all\piper_batch_C\1683.wav,1224.000,clean
clean,E:\SIH\ira-wakeword\dataset\positive_all\piper_batch_B\1940.wav,1228.500,clean
clean,E:\SIH\ira-wakeword\dataset\positive_all\piper_batch_A\857.wav,1233.000,clean
clean,E:\SIH\ira-wakeword\dataset\positive_all\synthetic\synthetic_pilot100_76.wav,1237.500,clean
clean,E:\SIH\ira-wakeword\real\positive\standardized\quiet_20cm\ira_0190.wav,1242.000,clean
clean,E:\SIH\ira-wakeword\dataset\positive_all\piper_batch_B\1752.wav,1246.500,clean
clean,E:\SIH\ira-wakeword\dataset\positive_all\piper_batch_D\262.wav,1251.000,clean
clean,E:\SIH\ira-wakeword\dataset\positive_all\synthetic\synthetic_test_3.wav,1255.500,clean
clean,E:\SIH\ira-wakeword\dataset\positive_all\synthetic\synthetic_amy_normal_104.wav,1260.000,clean
clean,E:\SIH\ira-wakeword\dataset\positive_all\piper_batch_B\1839.wav,1264.500,clean
clean,E:\SIH\ira-wakeword\dataset\positive_all\synthetic\synthetic_lessac_fast_19.wav,1269.000,clean
clean,E:\SIH\ira-wakeword\dataset\positive_all\piper_batch_A\1523.wav,1273.500,clean
clean,E:\SIH\ira-wakeword\dataset\positive_all\piper_batch_B\1494.wav,1278.000,clean
clean,E:\SIH\ira-wakeword\dataset\positive_all\piper_batch_C\493.wav,1282.500,clean
clean,E:\SIH\ira-wakeword\dataset\positive_all\piper_batch_C\114.wav,1287.000,clean
clean,E:\SIH\ira-wakeword\dataset\positive_all\piper_batch_B\733.wav,1291.500,clean
clean,E:\SIH\ira-wakeword\dataset\positive_all\piper_batch_A\150.wav,1296.000,clean
clean,E:\SIH\ira-wakeword\dataset\positive_all\piper_batch_A\1106.wav,1300.500,clean
clean,E:\SIH\ira-wakeword\dataset\positive_all\piper_batch_B\1290.wav,1305.000,clean
clean,E:\SIH\ira-wakeword\dataset\positive_all\piper_batch_A\1425.wav,1309.500,clean
clean,E:\SIH\ira-wakeword\dataset\positive_all\piper_batch_B\1225.wav,1314.000,clean
clean,E:\SIH\ira-wakeword\dataset\positive_all\piper_batch_D\1557.wav,1318.500,clean
clean,E:\SIH\ira-wakeword\dataset\positive_all\piper_batch_A\1582.wav,1323.000,clean
clean,E:\SIH\ira-wakeword\dataset\positive_all\piper_batch_B\705.wav,1327.500,clean
clean,E:\SIH\ira-wakeword\dataset\positive_all\synthetic\synthetic_lessac_normal_26.wav,1332.000,clean
clean,E:\SIH\ira-wakeword\dataset\positive_all\piper_batch_B\32.wav,1336.500,clean
clean,E:\SIH\ira-wakeword\dataset\positive_all\piper_batch_B\768.wav,1341.000,clean
clean,E:\SIH\ira-wakeword\dataset\positive_all\piper_batch_B\802.wav,1345.500,clean
clean,E:\SIH\ira-wakeword\dataset\positive_all\piper_batch_A\627.wav,1350.000,clean
clean,E:\SIH\ira-wakeword\real\positive\standardized\quiet_20cm\ira_0172.wav,1354.500,clean
clean,E:\SIH\ira-wakeword\dataset\positive_all\piper_batch_A\1546.wav,1359.000,clean
clean,E:\SIH\ira-wakeword\dataset\positive_all\synthetic\synthetic_pilot100_56.wav,1363.500,clean
clean,E:\SIH\ira-wakeword\dataset\positive_all\piper_batch_B\1571.wav,1368.000,clean
clean,E:\SIH\ira-wakeword\dataset\positive_all\piper_batch_B\1874.wav,1372.500,clean
clean,E:\SIH\ira-wakeword\real\positive\standardized\quiet_50cm\ira_0174.wav,1377.000,clean
clean,E:\SIH\ira-wakeword\dataset\positive_all\piper_batch_A\1640.wav,1381.500,clean
clean,E:\SIH\ira-wakeword\dataset\positive_all\piper_batch_C\1184.wav,1386.000,clean
clean,E:\SIH\ira-wakeword\dataset\positive_all\piper_batch_A\1411.wav,1390.500,clean
clean,E:\SIH\ira-wakeword\dataset\positive_all\piper_batch_B\1069.wav,1395.000,clean
clean,E:\SIH\ira-wakeword\dataset\positive_all\piper_batch_D\1395.wav,1399.500,clean
clean,E:\SIH\ira-wakeword\dataset\positive_all\piper_batch_B\1958.wav,1404.000,clean
clean,E:\SIH\ira-wakeword\dataset\positive_all\piper_batch_C\1763.wav,1408.500,clean
clean,E:\SIH\ira-wakeword\dataset\positive_all\piper_batch_A\68.wav,1413.000,clean
clean,E:\SIH\ira-wakeword\dataset\positive_all\synthetic\synthetic_amy_65.wav,1417.500,clean
clean,E:\SIH\ira-wakeword\dataset\positive_all\piper_batch_A\407.wav,1422.000,clean
clean,E:\SIH\ira-wakeword\dataset\positive_all\piper_batch_D\46.wav,1426.500,clean
clean,E:\SIH\ira-wakeword\dataset\positive_all\piper_batch_D\1104.wav,1431.000,clean
clean,E:\SIH\ira-wakeword\dataset\positive_all\piper_batch_C\1056.wav,1435.500,clean
clean,E:\SIH\ira-wakeword\real\positive\standardized\quiet_50cm\ira_044.wav,1440.000,clean
clean,E:\SIH\ira-wakeword\dataset\positive_all\piper_batch_D\1449.wav,1444.500,clean
clean,E:\SIH\ira-wakeword\dataset\positive_all\piper_batch_B\1748.wav,1449.000,clean
clean,E:\SIH\ira-wakeword\dataset\positive_all\piper_batch_C\906.wav,1453.500,clean
clean,E:\SIH\ira-wakeword\dataset\positive_all\synthetic\synthetic_hfc_male_82.wav,1458.000,clean
clean,E:\SIH\ira-wakeword\dataset\positive_all\piper_batch_D\1019.wav,1462.500,clean
clean,E:\SIH\ira-wakeword\dataset\positive_all\piper_batch_A\807.wav,1467.000,clean
clean,E:\SIH\ira-wakeword\dataset\positive_all\piper_batch_B\952.wav,1471.500,clean
clean,E:\SIH\ira-wakeword\dataset\positive_all\piper_batch_D\729.wav,1476.000,clean
clean,E:\SIH\ira-wakeword\dataset\positive_all\synthetic\synthetic_hfc_male_95.wav,1480.500,clean
clean,E:\SIH\ira-wakeword\dataset\positive_all\piper_batch_B\855.wav,1485.000,clean
clean,E:\SIH\ira-wakeword\dataset\positive_all\piper_batch_A\176.wav,1489.500,clean
clean,E:\SIH\ira-wakeword\dataset\positive_all\piper_batch_C\1658.wav,1494.000,clean
clean,E:\SIH\ira-wakeword\dataset\positive_all\piper_batch_B\1245.wav,1498.500,clean
clean,E:\SIH\ira-wakeword\dataset\positive_all\piper_batch_D\1029.wav,1503.000,clean
ambient,E:\SIH\ira-wakeword\dataset\positive_all\piper_batch_A\1843.wav,4.500,ambient
ambient,E:\SIH\ira-wakeword\dataset\positive_all\synthetic\synthetic_hfc_female_slow_33.wav,9.000,ambient
ambient,E:\SIH\ira-wakeword\dataset\positive_all\synthetic\synthetic_hfc_male_34.wav,13.500,ambient
ambient,E:\SIH\ira-wakeword\dataset\positive_all\piper_batch_C\1940.wav,18.000,ambient
ambient,E:\SIH\ira-wakeword\dataset\positive_all\piper_batch_C\236.wav,22.500,ambient
ambient,E:\SIH\ira-wakeword\dataset\positive_all\piper_batch_D\238.wav,27.000,ambient
ambient,E:\SIH\ira-wakeword\dataset\positive_all\piper_batch_C\662.wav,31.500,ambient
ambient,E:\SIH\ira-wakeword\dataset\positive_all\piper_batch_C\1734.wav,36.000,ambient
ambient,E:\SIH\ira-wakeword\dataset\positive_all\piper_batch_C\0.wav,40.500,ambient
ambient,E:\SIH\ira-wakeword\dataset\positive_all\piper_batch_A\1244.wav,45.000,ambient
ambient,E:\SIH\ira-wakeword\dataset\positive_all\piper_batch_A\1692.wav,49.500,ambient
ambient,E:\SIH\ira-wakeword\dataset\positive_all\piper_batch_C\211.wav,54.000,ambient
ambient,E:\SIH\ira-wakeword\dataset\positive_all\synthetic\synthetic_lessac_18.wav,58.500,ambient
ambient,E:\SIH\ira-wakeword\dataset\positive_all\piper_batch_A\1597.wav,63.000,ambient
ambient,E:\SIH\ira-wakeword\dataset\positive_all\piper_batch_A\1485.wav,67.500,ambient
ambient,E:\SIH\ira-wakeword\dataset\positive_all\piper_batch_B\661.wav,72.000,ambient
ambient,E:\SIH\ira-wakeword\dataset\positive_all\piper_batch_D\1508.wav,76.500,ambient
ambient,E:\SIH\ira-wakeword\dataset\positive_all\piper_batch_B\1692.wav,81.000,ambient
ambient,E:\SIH\ira-wakeword\real\positive\standardized\quiet_1m\ira_075.wav,85.500,ambient
ambient,E:\SIH\ira-wakeword\dataset\positive_all\piper_batch_B\1164.wav,90.000,ambient
ambient,E:\SIH\ira-wakeword\dataset\positive_all\piper_batch_C\1037.wav,94.500,ambient
ambient,E:\SIH\ira-wakeword\dataset\positive_all\piper_batch_D\405.wav,99.000,ambient
ambient,E:\SIH\ira-wakeword\dataset\positive_all\piper_batch_C\137.wav,103.500,ambient
ambient,E:\SIH\ira-wakeword\dataset\positive_all\piper_batch_C\1968.wav,108.000,ambient
ambient,E:\SIH\ira-wakeword\dataset\positive_all\synthetic\synthetic_ryan_slow_25.wav,112.500,ambient
ambient,E:\SIH\ira-wakeword\dataset\positive_all\piper_batch_A\1316.wav,117.000,ambient
ambient,E:\SIH\ira-wakeword\dataset\positive_all\piper_batch_D\455.wav,121.500,ambient
ambient,E:\SIH\ira-wakeword\dataset\positive_all\synthetic\synthetic_amy_normal_46.wav,126.000,ambient
ambient,E:\SIH\ira-wakeword\dataset\positive_all\piper_batch_C\953.wav,130.500,ambient
ambient,E:\SIH\ira-wakeword\dataset\positive_all\piper_batch_D\1247.wav,135.000,ambient
ambient,E:\SIH\ira-wakeword\real\positive\standardized\quiet_1m\ira_0165.wav,139.500,ambient
ambient,E:\SIH\ira-wakeword\dataset\positive_all\piper_batch_C\1167.wav,144.000,ambient
ambient,E:\SIH\ira-wakeword\dataset\positive_all\piper_batch_D\461.wav,148.500,ambient
ambient,E:\SIH\ira-wakeword\dataset\positive_all\piper_batch_C\1967.wav,153.000,ambient
ambient,E:\SIH\ira-wakeword\dataset\positive_all\piper_batch_A\520.wav,157.500,ambient
ambient,E:\SIH\ira-wakeword\dataset\positive_all\synthetic\synthetic_hfc_female_slow_10.wav,162.000,ambient
ambient,E:\SIH\ira-wakeword\dataset\positive_all\piper_batch_C\1579.wav,166.500,ambient
ambient,E:\SIH\ira-wakeword\dataset\positive_all\piper_batch_C\1952.wav,171.000,ambient
ambient,E:\SIH\ira-wakeword\dataset\positive_all\piper_batch_C\838.wav,175.500,ambient
ambient,E:\SIH\ira-wakeword\dataset\positive_all\piper_batch_A\944.wav,180.000,ambient
ambient,E:\SIH\ira-wakeword\dataset\positive_all\piper_batch_D\495.wav,184.500,ambient
ambient,E:\SIH\ira-wakeword\dataset\positive_all\piper_batch_D\918.wav,189.000,ambient
ambient,E:\SIH\ira-wakeword\dataset\positive_all\piper_batch_A\1527.wav,193.500,ambient
ambient,E:\SIH\ira-wakeword\dataset\positive_all\piper_batch_D\125.wav,198.000,ambient
ambient,E:\SIH\ira-wakeword\dataset\positive_all\synthetic\synthetic_ryan_52.wav,202.500,ambient
ambient,E:\SIH\ira-wakeword\dataset\positive_all\piper_batch_B\1687.wav,207.000,ambient
ambient,E:\SIH\ira-wakeword\real\positive\standardized\quiet_50cm\ira_0200.wav,211.500,ambient
ambient,E:\SIH\ira-wakeword\dataset\positive_all\piper_batch_B\996.wav,216.000,ambient
ambient,E:\SIH\ira-wakeword\dataset\positive_all\piper_batch_D\305.wav,220.500,ambient
ambient,E:\SIH\ira-wakeword\dataset\positive_all\synthetic\synthetic_hfc_female_slow_24.wav,225.000,ambient
ambient,E:\SIH\ira-wakeword\real\positive\standardized\quiet_50cm\ira_0104.wav,229.500,ambient
ambient,E:\SIH\ira-wakeword\real\positive\standardized\quiet_20cm\ira_0180.wav,234.000,ambient
ambient,E:\SIH\ira-wakeword\dataset\positive_all\piper_batch_B\711.wav,238.500,ambient
ambient,E:\SIH\ira-wakeword\dataset\positive_all\synthetic\synthetic_hfc_female_69.wav,243.000,ambient
ambient,E:\SIH\ira-wakeword\dataset\positive_all\synthetic\synthetic_hfc_female_normal_23.wav,247.500,ambient
ambient,E:\SIH\ira-wakeword\dataset\positive_all\piper_batch_D\1406.wav,252.000,ambient
ambient,E:\SIH\ira-wakeword\dataset\positive_all\piper_batch_D\527.wav,256.500,ambient
ambient,E:\SIH\ira-wakeword\dataset\positive_all\synthetic\synthetic_hfc_female_normal_68.wav,261.000,ambient
ambient,E:\SIH\ira-wakeword\dataset\positive_all\piper_batch_A\5.wav,265.500,ambient
ambient,E:\SIH\ira-wakeword\real\positive\standardized\quiet_1m\ira_010.wav,270.000,ambient
ambient,E:\SIH\ira-wakeword\dataset\positive_all\synthetic\synthetic_lessac_fast_15.wav,274.500,ambient
ambient,E:\SIH\ira-wakeword\dataset\positive_all\piper_batch_A\1748.wav,279.000,ambient
ambient,E:\SIH\ira-wakeword\dataset\positive_all\piper_batch_A\1812.wav,283.500,ambient
ambient,E:\SIH\ira-wakeword\dataset\positive_all\piper_batch_B\1053.wav,288.000,ambient
ambient,E:\SIH\ira-wakeword\dataset\positive_all\piper_batch_A\1289.wav,292.500,ambient
ambient,E:\SIH\ira-wakeword\dataset\positive_all\synthetic\synthetic_hfc_male_normal_16.wav,297.000,ambient
ambient,E:\SIH\ira-wakeword\real\positive\standardized\quiet_50cm\ira_062.wav,301.500,ambient
ambient,E:\SIH\ira-wakeword\dataset\positive_all\piper_batch_B\1662.wav,306.000,ambient
ambient,E:\SIH\ira-wakeword\dataset\positive_all\synthetic\synthetic_amy_normal_113.wav,310.500,ambient
ambient,E:\SIH\ira-wakeword\dataset\positive_all\piper_batch_A\445.wav,315.000,ambient
ambient,E:\SIH\ira-wakeword\dataset\positive_all\piper_batch_B\1858.wav,319.500,ambient
ambient,E:\SIH\ira-wakeword\dataset\positive_all\piper_batch_B\1352.wav,324.000,ambient
ambient,E:\SIH\ira-wakeword\dataset\positive_all\piper_batch_B\468.wav,328.500,ambient
ambient,E:\SIH\ira-wakeword\dataset\positive_all\piper_batch_A\1977.wav,333.000,ambient
ambient,E:\SIH\ira-wakeword\dataset\positive_all\piper_batch_A\707.wav,337.500,ambient
ambient,E:\SIH\ira-wakeword\dataset\positive_all\synthetic\synthetic_ryan_normal_114.wav,342.000,ambient
ambient,E:\SIH\ira-wakeword\dataset\positive_all\piper_batch_D\217.wav,346.500,ambient
ambient,E:\SIH\ira-wakeword\dataset\positive_all\synthetic\synthetic_lessac_27.wav,351.000,ambient
ambient,E:\SIH\ira-wakeword\dataset\positive_all\piper_batch_A\1882.wav,355.500,ambient
ambient,E:\SIH\ira-wakeword\dataset\positive_all\piper_batch_B\1364.wav,360.000,ambient
ambient,E:\SIH\ira-wakeword\dataset\positive_all\piper_batch_D\239.wav,364.500,ambient
ambient,E:\SIH\ira-wakeword\dataset\positive_all\piper_batch_C\1521.wav,369.000,ambient
ambient,E:\SIH\ira-wakeword\dataset\positive_all\piper_batch_C\133.wav,373.500,ambient
ambient,E:\SIH\ira-wakeword\dataset\positive_all\synthetic\synthetic_hfc_female_normal_105.wav,378.000,ambient
ambient,E:\SIH\ira-wakeword\dataset\positive_all\piper_batch_D\1158.wav,382.500,ambient
ambient,E:\SIH\ira-wakeword\dataset\positive_all\synthetic\synthetic_hfc_male_slow_11.wav,387.000,ambient
ambient,E:\SIH\ira-wakeword\dataset\positive_all\piper_batch_C\714.wav,391.500,ambient
ambient,E:\SIH\ira-wakeword\dataset\positive_all\piper_batch_A\1426.wav,396.000,ambient
ambient,E:\SIH\ira-wakeword\dataset\positive_all\synthetic\synthetic_ryan_21.wav,400.500,ambient
ambient,E:\SIH\ira-wakeword\dataset\positive_all\synthetic\synthetic_hfc_male_normal_97.wav,405.000,ambient
ambient,E:\SIH\ira-wakeword\dataset\positive_all\piper_batch_C\1663.wav,409.500,ambient
ambient,E:\SIH\ira-wakeword\dataset\positive_all\piper_batch_B\982.wav,414.000,ambient
ambient,E:\SIH\ira-wakeword\dataset\positive_all\piper_batch_D\860.wav,418.500,ambient
ambient,E:\SIH\ira-wakeword\dataset\positive_all\piper_batch_A\498.wav,423.000,ambient
ambient,E:\SIH\ira-wakeword\dataset\positive_all\piper_batch_C\709.wav,427.500,ambient
ambient,E:\SIH\ira-wakeword\dataset\positive_all\piper_batch_C\1078.wav,432.000,ambient
ambient,E:\SIH\ira-wakeword\dataset\positive_all\piper_batch_B\1088.wav,436.500,ambient
ambient,E:\SIH\ira-wakeword\dataset\positive_all\piper_batch_B\1893.wav,441.000,ambient
ambient,E:\SIH\ira-wakeword\dataset\positive_all\piper_batch_B\1642.wav,445.500,ambient
ambient,E:\SIH\ira-wakeword\dataset\positive_all\piper_batch_C\1928.wav,450.000,ambient
ambient,E:\SIH\ira-wakeword\dataset\positive_all\piper_batch_C\286.wav,454.500,ambient
ambient,E:\SIH\ira-wakeword\dataset\positive_all\piper_batch_B\195.wav,459.000,ambient
ambient,E:\SIH\ira-wakeword\dataset\positive_all\piper_batch_A\245.wav,463.500,ambient
ambient,E:\SIH\ira-wakeword\dataset\positive_all\synthetic\synthetic_ryan_117.wav,468.000,ambient
ambient,E:\SIH\ira-wakeword\dataset\positive_all\piper_batch_D\1481.wav,472.500,ambient
ambient,E:\SIH\ira-wakeword\dataset\positive_all\piper_batch_B\772.wav,477.000,ambient
ambient,E:\SIH\ira-wakeword\dataset\positive_all\piper_batch_B\319.wav,481.500,ambient
ambient,E:\SIH\ira-wakeword\dataset\positive_all\piper_batch_B\187.wav,486.000,ambient
ambient,E:\SIH\ira-wakeword\dataset\positive_all\piper_batch_A\1250.wav,490.500,ambient
ambient,E:\SIH\ira-wakeword\dataset\positive_all\synthetic\synthetic_hfc_male_normal_74.wav,495.000,ambient
ambient,E:\SIH\ira-wakeword\dataset\positive_all\piper_batch_D\1554.wav,499.500,ambient
ambient,E:\SIH\ira-wakeword\real\positive\standardized\quiet_1m\ira_026.wav,504.000,ambient
ambient,E:\SIH\ira-wakeword\dataset\positive_all\piper_batch_A\931.wav,508.500,ambient
ambient,E:\SIH\ira-wakeword\dataset\positive_all\piper_batch_A\1910.wav,513.000,ambient
ambient,E:\SIH\ira-wakeword\dataset\positive_all\piper_batch_B\1379.wav,517.500,ambient
ambient,E:\SIH\ira-wakeword\dataset\positive_all\piper_batch_C\218.wav,522.000,ambient
ambient,E:\SIH\ira-wakeword\dataset\positive_all\piper_batch_B\1504.wav,526.500,ambient
ambient,E:\SIH\ira-wakeword\dataset\positive_all\piper_batch_B\1811.wav,531.000,ambient
ambient,E:\SIH\ira-wakeword\dataset\positive_all\piper_batch_B\159.wav,535.500,ambient
ambient,E:\SIH\ira-wakeword\dataset\positive_all\piper_batch_D\572.wav,540.000,ambient
ambient,E:\SIH\ira-wakeword\dataset\positive_all\synthetic\synthetic_lessac_normal_75.wav,544.500,ambient
ambient,E:\SIH\ira-wakeword\dataset\positive_all\piper_batch_C\1326.wav,549.000,ambient
ambient,E:\SIH\ira-wakeword\dataset\positive_all\piper_batch_A\1964.wav,553.500,ambient
ambient,E:\SIH\ira-wakeword\dataset\positive_all\piper_batch_A\453.wav,558.000,ambient
ambient,E:\SIH\ira-wakeword\dataset\positive_all\piper_batch_D\332.wav,562.500,ambient
ambient,E:\SIH\ira-wakeword\dataset\positive_all\piper_batch_A\393.wav,567.000,ambient
ambient,E:\SIH\ira-wakeword\dataset\positive_all\piper_batch_B\446.wav,571.500,ambient
ambient,E:\SIH\ira-wakeword\dataset\positive_all\piper_batch_A\138.wav,576.000,ambient
ambient,E:\SIH\ira-wakeword\dataset\positive_all\piper_batch_C\1456.wav,580.500,ambient
ambient,E:\SIH\ira-wakeword\dataset\positive_all\piper_batch_A\132.wav,585.000,ambient
ambient,E:\SIH\ira-wakeword\dataset\positive_all\piper_batch_C\503.wav,589.500,ambient
ambient,E:\SIH\ira-wakeword\dataset\positive_all\piper_batch_B\1368.wav,594.000,ambient
ambient,E:\SIH\ira-wakeword\dataset\positive_all\piper_batch_B\1872.wav,598.500,ambient
ambient,E:\SIH\ira-wakeword\real\positive\standardized\quiet_20cm\ira_099.wav,603.000,ambient
ambient,E:\SIH\ira-wakeword\dataset\positive_all\piper_batch_C\808.wav,607.500,ambient
ambient,E:\SIH\ira-wakeword\dataset\positive_all\synthetic\synthetic_hfc_female_119.wav,612.000,ambient
ambient,E:\SIH\ira-wakeword\dataset\positive_all\piper_batch_A\1528.wav,616.500,ambient
ambient,E:\SIH\ira-wakeword\dataset\positive_all\piper_batch_B\1186.wav,621.000,ambient
ambient,E:\SIH\ira-wakeword\dataset\positive_all\synthetic\synthetic_pilot100_50.wav,625.500,ambient
ambient,E:\SIH\ira-wakeword\dataset\positive_all\piper_batch_B\1493.wav,630.000,ambient
ambient,E:\SIH\ira-wakeword\dataset\positive_all\piper_batch_A\1267.wav,634.500,ambient
ambient,E:\SIH\ira-wakeword\dataset\positive_all\piper_batch_A\1636.wav,639.000,ambient
ambient,E:\SIH\ira-wakeword\dataset\positive_all\piper_batch_D\79.wav,643.500,ambient
ambient,E:\SIH\ira-wakeword\dataset\positive_all\synthetic\synthetic_lessac_106.wav,648.000,ambient
ambient,E:\SIH\ira-wakeword\dataset\positive_all\piper_batch_A\623.wav,652.500,ambient
ambient,E:\SIH\ira-wakeword\dataset\positive_all\piper_batch_B\1929.wav,657.000,ambient
ambient,E:\SIH\ira-wakeword\dataset\positive_all\synthetic\synthetic_lessac_normal_11.wav,661.500,ambient
ambient,E:\SIH\ira-wakeword\dataset\positive_all\piper_batch_C\1067.wav,666.000,ambient
ambient,E:\SIH\ira-wakeword\dataset\positive_all\piper_batch_C\607.wav,670.500,ambient
ambient,E:\SIH\ira-wakeword\dataset\positive_all\piper_batch_D\1531.wav,675.000,ambient
ambient,E:\SIH\ira-wakeword\dataset\positive_all\piper_batch_D\543.wav,679.500,ambient
ambient,E:\SIH\ira-wakeword\dataset\positive_all\piper_batch_B\657.wav,684.000,ambient
ambient,E:\SIH\ira-wakeword\dataset\positive_all\piper_batch_A\1530.wav,688.500,ambient
ambient,E:\SIH\ira-wakeword\dataset\positive_all\synthetic\synthetic_amy_normal_58.wav,693.000,ambient
ambient,E:\SIH\ira-wakeword\dataset\positive_all\piper_batch_D\672.wav,697.500,ambient
ambient,E:\SIH\ira-wakeword\dataset\positive_all\piper_batch_B\1066.wav,702.000,ambient
ambient,E:\SIH\ira-wakeword\dataset\positive_all\piper_batch_C\1060.wav,706.500,ambient
ambient,E:\SIH\ira-wakeword\real\positive\standardized\quiet_20cm\ira_0229.wav,711.000,ambient
ambient,E:\SIH\ira-wakeword\dataset\positive_all\piper_batch_B\14.wav,715.500,ambient
ambient,E:\SIH\ira-wakeword\dataset\positive_all\piper_batch_D\112.wav,720.000,ambient
ambient,E:\SIH\ira-wakeword\dataset\positive_all\piper_batch_D\1281.wav,724.500,ambient
ambient,E:\SIH\ira-wakeword\dataset\positive_all\piper_batch_A\92.wav,729.000,ambient
ambient,E:\SIH\ira-wakeword\dataset\positive_all\piper_batch_D\895.wav,733.500,ambient
ambient,E:\SIH\ira-wakeword\dataset\positive_all\piper_batch_B\1640.wav,738.000,ambient
ambient,E:\SIH\ira-wakeword\dataset\positive_all\piper_batch_A\1251.wav,742.500,ambient
ambient,E:\SIH\ira-wakeword\dataset\positive_all\piper_batch_A\1860.wav,747.000,ambient
ambient,E:\SIH\ira-wakeword\dataset\positive_all\synthetic\synthetic_lessac_normal_22.wav,751.500,ambient
ambient,E:\SIH\ira-wakeword\dataset\positive_all\piper_batch_B\162.wav,756.000,ambient
ambient,E:\SIH\ira-wakeword\dataset\positive_all\piper_batch_A\576.wav,760.500,ambient
ambient,E:\SIH\ira-wakeword\dataset\positive_all\piper_batch_B\1514.wav,765.000,ambient
ambient,E:\SIH\ira-wakeword\real\positive\standardized\quiet_50cm\ira_0192.wav,769.500,ambient
ambient,E:\SIH\ira-wakeword\dataset\positive_all\piper_batch_B\1012.wav,774.000,ambient
ambient,E:\SIH\ira-wakeword\dataset\positive_all\piper_batch_D\1151.wav,778.500,ambient
ambient,E:\SIH\ira-wakeword\dataset\positive_all\piper_batch_C\1176.wav,783.000,ambient
ambient,E:\SIH\ira-wakeword\dataset\positive_all\piper_batch_B\4.wav,787.500,ambient
ambient,E:\SIH\ira-wakeword\dataset\positive_all\synthetic\synthetic_hfc_female_27.wav,792.000,ambient
ambient,E:\SIH\ira-wakeword\dataset\positive_all\piper_batch_A\19.wav,796.500,ambient
ambient,E:\SIH\ira-wakeword\real\positive\standardized\quiet_50cm\ira_0106.wav,801.000,ambient
ambient,E:\SIH\ira-wakeword\dataset\positive_all\piper_batch_D\948.wav,805.500,ambient
ambient,E:\SIH\ira-wakeword\dataset\positive_all\piper_batch_D\254.wav,810.000,ambient
ambient,E:\SIH\ira-wakeword\dataset\positive_all\piper_batch_A\1650.wav,814.500,ambient
ambient,E:\SIH\ira-wakeword\dataset\positive_all\piper_batch_A\256.wav,819.000,ambient
ambient,E:\SIH\ira-wakeword\dataset\positive_all\piper_batch_B\1317.wav,823.500,ambient
ambient,E:\SIH\ira-wakeword\dataset\positive_all\synthetic\synthetic_pilot100_91.wav,828.000,ambient
ambient,E:\SIH\ira-wakeword\dataset\positive_all\synthetic\synthetic_ryan_normal_18.wav,832.500,ambient
ambient,E:\SIH\ira-wakeword\dataset\positive_all\piper_batch_B\1405.wav,837.000,ambient
ambient,E:\SIH\ira-wakeword\real\positive\standardized\quiet_50cm\ira_041.wav,841.500,ambient
ambient,E:\SIH\ira-wakeword\dataset\positive_all\piper_batch_A\546.wav,846.000,ambient
ambient,E:\SIH\ira-wakeword\dataset\positive_all\synthetic\synthetic_hfc_female_normal_113.wav,850.500,ambient
ambient,E:\SIH\ira-wakeword\dataset\positive_all\piper_batch_C\928.wav,855.000,ambient
ambient,E:\SIH\ira-wakeword\dataset\positive_all\piper_batch_C\776.wav,859.500,ambient
ambient,E:\SIH\ira-wakeword\dataset\positive_all\piper_batch_C\1423.wav,864.000,ambient
ambient,E:\SIH\ira-wakeword\dataset\positive_all\piper_batch_A\821.wav,868.500,ambient
ambient,E:\SIH\ira-wakeword\dataset\positive_all\piper_batch_A\1922.wav,873.000,ambient
ambient,E:\SIH\ira-wakeword\dataset\positive_all\synthetic\synthetic_lessac_normal_5.wav,877.500,ambient
ambient,E:\SIH\ira-wakeword\dataset\positive_all\piper_batch_D\972.wav,882.000,ambient
ambient,E:\SIH\ira-wakeword\dataset\positive_all\piper_batch_A\824.wav,886.500,ambient
ambient,E:\SIH\ira-wakeword\dataset\positive_all\synthetic\synthetic_lessac_normal_33.wav,891.000,ambient
ambient,E:\SIH\ira-wakeword\dataset\positive_all\piper_batch_D\1583.wav,895.500,ambient
ambient,E:\SIH\ira-wakeword\dataset\positive_all\piper_batch_C\1252.wav,900.000,ambient
ambient,E:\SIH\ira-wakeword\dataset\positive_all\piper_batch_C\1088.wav,904.500,ambient
ambient,E:\SIH\ira-wakeword\dataset\positive_all\piper_batch_C\1236.wav,909.000,ambient
ambient,E:\SIH\ira-wakeword\dataset\positive_all\piper_batch_C\1558.wav,913.500,ambient
ambient,E:\SIH\ira-wakeword\dataset\positive_all\synthetic\synthetic_hfc_female_fast_20.wav,918.000,ambient
ambient,E:\SIH\ira-wakeword\dataset\positive_all\piper_batch_C\1350.wav,922.500,ambient
ambient,E:\SIH\ira-wakeword\dataset\positive_all\piper_batch_B\447.wav,927.000,ambient
ambient,E:\SIH\ira-wakeword\dataset\positive_all\piper_batch_A\384.wav,931.500,ambient
ambient,E:\SIH\ira-wakeword\dataset\positive_all\piper_batch_B\819.wav,936.000,ambient
ambient,E:\SIH\ira-wakeword\dataset\positive_all\piper_batch_D\1587.wav,940.500,ambient
ambient,E:\SIH\ira-wakeword\dataset\positive_all\piper_batch_A\1725.wav,945.000,ambient
ambient,E:\SIH\ira-wakeword\real\positive\standardized\quiet_50cm\ira_048.wav,949.500,ambient
ambient,E:\SIH\ira-wakeword\dataset\positive_all\synthetic\synthetic_hfc_male_13.wav,954.000,ambient
ambient,E:\SIH\ira-wakeword\dataset\positive_all\piper_batch_A\996.wav,958.500,ambient
ambient,E:\SIH\ira-wakeword\dataset\positive_all\synthetic\synthetic_hfc_male_normal_7.wav,963.000,ambient
ambient,E:\SIH\ira-wakeword\dataset\positive_all\piper_batch_D\317.wav,967.500,ambient
ambient,E:\SIH\ira-wakeword\real\positive\standardized\quiet_50cm\ira_0196.wav,972.000,ambient
ambient,E:\SIH\ira-wakeword\dataset\positive_all\synthetic\synthetic_hfc_male_normal_73.wav,976.500,ambient
ambient,E:\SIH\ira-wakeword\dataset\positive_all\piper_batch_C\1347.wav,981.000,ambient
ambient,E:\SIH\ira-wakeword\dataset\positive_all\piper_batch_C\536.wav,985.500,ambient
ambient,E:\SIH\ira-wakeword\dataset\positive_all\piper_batch_D\830.wav,990.000,ambient
ambient,E:\SIH\ira-wakeword\dataset\positive_all\piper_batch_A\95.wav,994.500,ambient
ambient,E:\SIH\ira-wakeword\dataset\positive_all\piper_batch_B\1089.wav,999.000,ambient
ambient,E:\SIH\ira-wakeword\dataset\positive_all\piper_batch_C\535.wav,1003.500,ambient
ambient,E:\SIH\ira-wakeword\dataset\positive_all\piper_batch_A\1340.wav,1008.000,ambient
ambient,E:\SIH\ira-wakeword\dataset\positive_all\synthetic\synthetic_hfc_male_42.wav,1012.500,ambient
ambient,E:\SIH\ira-wakeword\dataset\positive_all\piper_batch_A\1927.wav,1017.000,ambient
ambient,E:\SIH\ira-wakeword\dataset\positive_all\piper_batch_C\713.wav,1021.500,ambient
ambient,E:\SIH\ira-wakeword\real\positive\standardized\quiet_50cm\ira_094.wav,1026.000,ambient
ambient,E:\SIH\ira-wakeword\dataset\positive_all\piper_batch_A\1451.wav,1030.500,ambient
ambient,E:\SIH\ira-wakeword\dataset\positive_all\piper_batch_D\216.wav,1035.000,ambient
ambient,E:\SIH\ira-wakeword\dataset\positive_all\piper_batch_D\519.wav,1039.500,ambient
ambient,E:\SIH\ira-wakeword\real\positive\standardized\quiet_1m\ira_0153.wav,1044.000,ambient
ambient,E:\SIH\ira-wakeword\dataset\positive_all\piper_batch_D\13.wav,1048.500,ambient
ambient,E:\SIH\ira-wakeword\dataset\positive_all\piper_batch_C\491.wav,1053.000,ambient
ambient,E:\SIH\ira-wakeword\dataset\positive_all\piper_batch_D\779.wav,1057.500,ambient
ambient,E:\SIH\ira-wakeword\dataset\positive_all\piper_batch_B\477.wav,1062.000,ambient
ambient,E:\SIH\ira-wakeword\dataset\positive_all\synthetic\synthetic_ryan_23.wav,1066.500,ambient
ambient,E:\SIH\ira-wakeword\dataset\positive_all\piper_batch_A\212.wav,1071.000,ambient
ambient,E:\SIH\ira-wakeword\dataset\positive_all\synthetic\synthetic_ryan_73.wav,1075.500,ambient
ambient,E:\SIH\ira-wakeword\dataset\positive_all\piper_batch_A\1499.wav,1080.000,ambient
ambient,E:\SIH\ira-wakeword\dataset\positive_all\piper_batch_A\1413.wav,1084.500,ambient
ambient,E:\SIH\ira-wakeword\dataset\positive_all\piper_batch_D\576.wav,1089.000,ambient
ambient,E:\SIH\ira-wakeword\dataset\positive_all\piper_batch_C\862.wav,1093.500,ambient
ambient,E:\SIH\ira-wakeword\dataset\positive_all\synthetic\synthetic_hfc_female_normal_110.wav,1098.000,ambient
ambient,E:\SIH\ira-wakeword\dataset\positive_all\synthetic\synthetic_hfc_female_normal_53.wav,1102.500,ambient
ambient,E:\SIH\ira-wakeword\dataset\positive_all\piper_batch_D\458.wav,1107.000,ambient
ambient,E:\SIH\ira-wakeword\dataset\positive_all\synthetic\synthetic_hfc_male_6.wav,1111.500,ambient
ambient,E:\SIH\ira-wakeword\dataset\positive_all\synthetic\synthetic_hfc_female_fast_26.wav,1116.000,ambient
ambient,E:\SIH\ira-wakeword\dataset\positive_all\piper_batch_A\1607.wav,1120.500,ambient
ambient,E:\SIH\ira-wakeword\dataset\positive_all\piper_batch_C\694.wav,1125.000,ambient
ambient,E:\SIH\ira-wakeword\real\positive\standardized\quiet_20cm\ira_0170.wav,1129.500,ambient
ambient,E:\SIH\ira-wakeword\dataset\positive_all\piper_batch_D\622.wav,1134.000,ambient
ambient,E:\SIH\ira-wakeword\dataset\positive_all\piper_batch_A\1633.wav,1138.500,ambient
ambient,E:\SIH\ira-wakeword\dataset\positive_all\piper_batch_B\293.wav,1143.000,ambient
ambient,E:\SIH\ira-wakeword\dataset\positive_all\piper_batch_D\1500.wav,1147.500,ambient
ambient,E:\SIH\ira-wakeword\dataset\positive_all\piper_batch_B\973.wav,1152.000,ambient
ambient,E:\SIH\ira-wakeword\dataset\positive_all\piper_batch_A\1511.wav,1156.500,ambient
ambient,E:\SIH\ira-wakeword\dataset\positive_all\piper_batch_A\454.wav,1161.000,ambient
ambient,E:\SIH\ira-wakeword\dataset\positive_all\piper_batch_D\150.wav,1165.500,ambient
ambient,E:\SIH\ira-wakeword\dataset\positive_all\piper_batch_B\896.wav,1170.000,ambient
ambient,E:\SIH\ira-wakeword\dataset\positive_all\piper_batch_A\255.wav,1174.500,ambient
ambient,E:\SIH\ira-wakeword\dataset\positive_all\piper_batch_C\1674.wav,1179.000,ambient
ambient,E:\SIH\ira-wakeword\dataset\positive_all\piper_batch_B\753.wav,1183.500,ambient
ambient,E:\SIH\ira-wakeword\dataset\positive_all\piper_batch_B\1729.wav,1188.000,ambient
ambient,E:\SIH\ira-wakeword\dataset\positive_all\piper_batch_C\1982.wav,1192.500,ambient
ambient,E:\SIH\ira-wakeword\dataset\positive_all\piper_batch_B\214.wav,1197.000,ambient
ambient,E:\SIH\ira-wakeword\dataset\positive_all\synthetic\synthetic_amy_38.wav,1201.500,ambient
ambient,E:\SIH\ira-wakeword\dataset\positive_all\synthetic\synthetic_hfc_female_70.wav,1206.000,ambient
ambient,E:\SIH\ira-wakeword\dataset\positive_all\piper_batch_B\460.wav,1210.500,ambient
ambient,E:\SIH\ira-wakeword\dataset\positive_all\piper_batch_D\1159.wav,1215.000,ambient
ambient,E:\SIH\ira-wakeword\real\positive\standardized\quiet_20cm\ira_0171.wav,1219.500,ambient
ambient,E:\SIH\ira-wakeword\dataset\positive_all\synthetic\synthetic_amy_28.wav,1224.000,ambient
ambient,E:\SIH\ira-wakeword\dataset\positive_all\piper_batch_D\757.wav,1228.500,ambient
ambient,E:\SIH\ira-wakeword\dataset\positive_all\piper_batch_B\1299.wav,1233.000,ambient
ambient,E:\SIH\ira-wakeword\dataset\positive_all\piper_batch_A\1615.wav,1237.500,ambient
ambient,E:\SIH\ira-wakeword\dataset\positive_all\synthetic\synthetic_hfc_male_43.wav,1242.000,ambient
ambient,E:\SIH\ira-wakeword\dataset\positive_all\piper_batch_D\1168.wav,1246.500,ambient
ambient,E:\SIH\ira-wakeword\dataset\positive_all\piper_batch_D\1160.wav,1251.000,ambient
ambient,E:\SIH\ira-wakeword\dataset\positive_all\piper_batch_A\1064.wav,1255.500,ambient
ambient,E:\SIH\ira-wakeword\dataset\positive_all\piper_batch_C\1027.wav,1260.000,ambient
ambient,E:\SIH\ira-wakeword\dataset\positive_all\synthetic\synthetic_ryan_33.wav,1264.500,ambient
ambient,E:\SIH\ira-wakeword\dataset\positive_all\piper_batch_A\1321.wav,1269.000,ambient
ambient,E:\SIH\ira-wakeword\dataset\positive_all\piper_batch_D\1299.wav,1273.500,ambient
ambient,E:\SIH\ira-wakeword\dataset\positive_all\piper_batch_B\1871.wav,1278.000,ambient
ambient,E:\SIH\ira-wakeword\dataset\positive_all\piper_batch_B\471.wav,1282.500,ambient
ambient,E:\SIH\ira-wakeword\dataset\positive_all\piper_batch_D\1075.wav,1287.000,ambient
ambient,E:\SIH\ira-wakeword\dataset\positive_all\piper_batch_D\667.wav,1291.500,ambient
ambient,E:\SIH\ira-wakeword\dataset\positive_all\synthetic\synthetic_amy_fast_5.wav,1296.000,ambient
ambient,E:\SIH\ira-wakeword\real\positive\standardized\quiet_50cm\ira_043.wav,1300.500,ambient
ambient,E:\SIH\ira-wakeword\dataset\positive_all\piper_batch_B\742.wav,1305.000,ambient
ambient,E:\SIH\ira-wakeword\dataset\positive_all\piper_batch_B\625.wav,1309.500,ambient
ambient,E:\SIH\ira-wakeword\dataset\positive_all\piper_batch_D\1139.wav,1314.000,ambient
ambient,E:\SIH\ira-wakeword\dataset\positive_all\piper_batch_B\506.wav,1318.500,ambient
ambient,E:\SIH\ira-wakeword\dataset\positive_all\synthetic\synthetic_hfc_female_normal_73.wav,1323.000,ambient
ambient,E:\SIH\ira-wakeword\dataset\positive_all\piper_batch_A\762.wav,1327.500,ambient
ambient,E:\SIH\ira-wakeword\dataset\positive_all\synthetic\synthetic_test_8.wav,1332.000,ambient
ambient,E:\SIH\ira-wakeword\dataset\positive_all\piper_batch_C\1764.wav,1336.500,ambient
ambient,E:\SIH\ira-wakeword\dataset\positive_all\piper_batch_B\746.wav,1341.000,ambient
ambient,E:\SIH\ira-wakeword\dataset\positive_all\piper_batch_C\348.wav,1345.500,ambient
ambient,E:\SIH\ira-wakeword\dataset\positive_all\synthetic\synthetic_lessac_slow_11.wav,1350.000,ambient
ambient,E:\SIH\ira-wakeword\dataset\positive_all\synthetic\synthetic_amy_fast_28.wav,1354.500,ambient
ambient,E:\SIH\ira-wakeword\dataset\positive_all\piper_batch_B\1738.wav,1359.000,ambient
ambient,E:\SIH\ira-wakeword\dataset\positive_all\piper_batch_D\355.wav,1363.500,ambient
ambient,E:\SIH\ira-wakeword\dataset\positive_all\piper_batch_C\716.wav,1368.000,ambient
ambient,E:\SIH\ira-wakeword\dataset\positive_all\piper_batch_D\1356.wav,1372.500,ambient
ambient,E:\SIH\ira-wakeword\dataset\positive_all\piper_batch_B\1688.wav,1377.000,ambient
ambient,E:\SIH\ira-wakeword\dataset\positive_all\piper_batch_B\1462.wav,1381.500,ambient
ambient,E:\SIH\ira-wakeword\dataset\positive_all\piper_batch_D\1095.wav,1386.000,ambient
ambient,E:\SIH\ira-wakeword\dataset\positive_all\piper_batch_C\303.wav,1390.500,ambient
ambient,E:\SIH\ira-wakeword\real\positive\standardized\quiet_1m\ira_0185.wav,1395.000,ambient
ambient,E:\SIH\ira-wakeword\dataset\positive_all\piper_batch_A\1768.wav,1399.500,ambient
ambient,E:\SIH\ira-wakeword\dataset\positive_all\piper_batch_C\1458.wav,1404.000,ambient
ambient,E:\SIH\ira-wakeword\dataset\positive_all\piper_batch_B\28.wav,1408.500,ambient
ambient,E:\SIH\ira-wakeword\dataset\positive_all\piper_batch_B\636.wav,1413.000,ambient
ambient,E:\SIH\ira-wakeword\dataset\positive_all\piper_batch_C\409.wav,1417.500,ambient
ambient,E:\SIH\ira-wakeword\dataset\positive_all\synthetic\synthetic_ryan_fast_6.wav,1422.000,ambient
ambient,E:\SIH\ira-wakeword\dataset\positive_all\piper_batch_A\159.wav,1426.500,ambient
ambient,E:\SIH\ira-wakeword\dataset\positive_all\piper_batch_C\1404.wav,1431.000,ambient
ambient,E:\SIH\ira-wakeword\dataset\positive_all\synthetic\synthetic_hfc_male_slow_38.wav,1435.500,ambient
ambient,E:\SIH\ira-wakeword\dataset\positive_all\piper_batch_B\1551.wav,1440.000,ambient
ambient,E:\SIH\ira-wakeword\dataset\positive_all\piper_batch_B\405.wav,1444.500,ambient
ambient,E:\SIH\ira-wakeword\dataset\positive_all\piper_batch_C\1554.wav,1449.000,ambient
ambient,E:\SIH\ira-wakeword\dataset\positive_all\piper_batch_A\1521.wav,1453.500,ambient
ambient,E:\SIH\ira-wakeword\dataset\positive_all\piper_batch_B\1262.wav,1458.000,ambient
ambient,E:\SIH\ira-wakeword\dataset\positive_all\piper_batch_C\260.wav,1462.500,ambient
ambient,E:\SIH\ira-wakeword\dataset\positive_all\piper_batch_A\619.wav,1467.000,ambient
ambient,E:\SIH\ira-wakeword\real\positive\standardized\quiet_20cm\ira_0113.wav,1471.500,ambient
ambient,E:\SIH\ira-wakeword\dataset\positive_all\piper_batch_D\1473.wav,1476.000,ambient
ambient,E:\SIH\ira-wakeword\dataset\positive_all\synthetic\synthetic_lessac_6.wav,1480.500,ambient
ambient,E:\SIH\ira-wakeword\dataset\positive_all\piper_batch_C\1791.wav,1485.000,ambient
ambient,E:\SIH\ira-wakeword\dataset\positive_all\piper_batch_D\1298.wav,1489.500,ambient
ambient,E:\SIH\ira-wakeword\dataset\positive_all\synthetic\synthetic_ryan_fast_10.wav,1494.000,ambient
ambient,E:\SIH\ira-wakeword\dataset\positive_all\piper_batch_B\1502.wav,1498.500,ambient
ambient,E:\SIH\ira-wakeword\dataset\positive_all\piper_batch_D\1535.wav,1503.000,ambient
speech,E:\SIH\ira-wakeword\dataset\positive_all\piper_batch_C\1647.wav,4.500,speech
speech,E:\SIH\ira-wakeword\dataset\positive_all\synthetic\synthetic_lessac_89.wav,9.000,speech
speech,E:\SIH\ira-wakeword\dataset\positive_all\piper_batch_A\1013.wav,13.500,speech
speech,E:\SIH\ira-wakeword\dataset\positive_all\piper_batch_D\8.wav,18.000,speech
speech,E:\SIH\ira-wakeword\real\positive\standardized\quiet_20cm\ira_025.wav,22.500,speech
speech,E:\SIH\ira-wakeword\dataset\positive_all\piper_batch_B\252.wav,27.000,speech
speech,E:\SIH\ira-wakeword\dataset\positive_all\piper_batch_C\1195.wav,31.500,speech
speech,E:\SIH\ira-wakeword\real\positive\standardized\quiet_1m\ira_0152.wav,36.000,speech
speech,E:\SIH\ira-wakeword\dataset\positive_all\piper_batch_C\1466.wav,40.500,speech
speech,E:\SIH\ira-wakeword\dataset\positive_all\piper_batch_B\348.wav,45.000,speech
speech,E:\SIH\ira-wakeword\dataset\positive_all\piper_batch_B\1090.wav,49.500,speech
speech,E:\SIH\ira-wakeword\dataset\positive_all\synthetic\synthetic_amy_48.wav,54.000,speech
speech,E:\SIH\ira-wakeword\dataset\positive_all\piper_batch_A\1199.wav,58.500,speech
speech,E:\SIH\ira-wakeword\dataset\positive_all\piper_batch_D\63.wav,63.000,speech
speech,E:\SIH\ira-wakeword\dataset\positive_all\piper_batch_C\1713.wav,67.500,speech
speech,E:\SIH\ira-wakeword\dataset\positive_all\synthetic\synthetic_lessac_normal_81.wav,72.000,speech
speech,E:\SIH\ira-wakeword\dataset\positive_all\piper_batch_C\917.wav,76.500,speech
speech,E:\SIH\ira-wakeword\dataset\positive_all\synthetic\synthetic_hfc_male_fast_23.wav,81.000,speech
speech,E:\SIH\ira-wakeword\dataset\positive_all\piper_batch_D\655.wav,85.500,speech
speech,E:\SIH\ira-wakeword\dataset\positive_all\piper_batch_C\826.wav,90.000,speech
speech,E:\SIH\ira-wakeword\dataset\positive_all\piper_batch_C\162.wav,94.500,speech
speech,E:\SIH\ira-wakeword\dataset\positive_all\piper_batch_D\314.wav,99.000,speech
speech,E:\SIH\ira-wakeword\dataset\positive_all\piper_batch_A\1195.wav,103.500,speech
speech,E:\SIH\ira-wakeword\dataset\positive_all\synthetic\synthetic_hfc_female_normal_114.wav,108.000,speech
speech,E:\SIH\ira-wakeword\dataset\positive_all\piper_batch_A\1984.wav,112.500,speech
speech,E:\SIH\ira-wakeword\dataset\positive_all\piper_batch_A\742.wav,117.000,speech
speech,E:\SIH\ira-wakeword\real\positive\standardized\quiet_1m\ira_0227.wav,121.500,speech
speech,E:\SIH\ira-wakeword\dataset\positive_all\synthetic\synthetic_hfc_female_55.wav,126.000,speech
speech,E:\SIH\ira-wakeword\dataset\positive_all\piper_batch_C\1171.wav,130.500,speech
speech,E:\SIH\ira-wakeword\dataset\positive_all\piper_batch_C\1246.wav,135.000,speech
speech,E:\SIH\ira-wakeword\dataset\positive_all\piper_batch_C\1406.wav,139.500,speech
speech,E:\SIH\ira-wakeword\real\positive\standardized\quiet_1m\ira_0169.wav,144.000,speech
speech,E:\SIH\ira-wakeword\dataset\positive_all\piper_batch_B\1387.wav,148.500,speech
speech,E:\SIH\ira-wakeword\dataset\positive_all\piper_batch_A\817.wav,153.000,speech
speech,E:\SIH\ira-wakeword\dataset\positive_all\piper_batch_D\893.wav,157.500,speech
speech,E:\SIH\ira-wakeword\dataset\positive_all\piper_batch_A\325.wav,162.000,speech
speech,E:\SIH\ira-wakeword\dataset\positive_all\piper_batch_B\1010.wav,166.500,speech
speech,E:\SIH\ira-wakeword\dataset\positive_all\piper_batch_C\1304.wav,171.000,speech
speech,E:\SIH\ira-wakeword\dataset\positive_all\piper_batch_D\496.wav,175.500,speech
speech,E:\SIH\ira-wakeword\dataset\positive_all\synthetic\synthetic_hfc_female_111.wav,180.000,speech
speech,E:\SIH\ira-wakeword\dataset\positive_all\synthetic\synthetic_pilot100_12.wav,184.500,speech
speech,E:\SIH\ira-wakeword\dataset\positive_all\piper_batch_A\798.wav,189.000,speech
speech,E:\SIH\ira-wakeword\dataset\positive_all\piper_batch_C\1661.wav,193.500,speech
speech,E:\SIH\ira-wakeword\dataset\positive_all\piper_batch_A\1094.wav,198.000,speech
speech,E:\SIH\ira-wakeword\dataset\positive_all\piper_batch_B\1417.wav,202.500,speech
speech,E:\SIH\ira-wakeword\dataset\positive_all\piper_batch_B\599.wav,207.000,speech
speech,E:\SIH\ira-wakeword\dataset\positive_all\piper_batch_B\511.wav,211.500,speech
speech,E:\SIH\ira-wakeword\dataset\positive_all\synthetic\synthetic_hfc_male_49.wav,216.000,speech
speech,E:\SIH\ira-wakeword\dataset\positive_all\piper_batch_C\247.wav,220.500,speech
speech,E:\SIH\ira-wakeword\dataset\positive_all\synthetic\synthetic_ryan_fast_33.wav,225.000,speech
speech,E:\SIH\ira-wakeword\dataset\positive_all\piper_batch_C\350.wav,229.500,speech
speech,E:\SIH\ira-wakeword\dataset\positive_all\piper_batch_C\1393.wav,234.000,speech
speech,E:\SIH\ira-wakeword\dataset\positive_all\piper_batch_A\1471.wav,238.500,speech
speech,E:\SIH\ira-wakeword\dataset\positive_all\piper_batch_A\1031.wav,243.000,speech
speech,E:\SIH\ira-wakeword\dataset\positive_all\piper_batch_B\1779.wav,247.500,speech
speech,E:\SIH\ira-wakeword\dataset\positive_all\piper_batch_C\1831.wav,252.000,speech
speech,E:\SIH\ira-wakeword\dataset\positive_all\piper_batch_A\1908.wav,256.500,speech
speech,E:\SIH\ira-wakeword\dataset\positive_all\piper_batch_D\232.wav,261.000,speech
speech,E:\SIH\ira-wakeword\real\positive\standardized\quiet_1m\ira_089.wav,265.500,speech
speech,E:\SIH\ira-wakeword\dataset\positive_all\piper_batch_D\1335.wav,270.000,speech
speech,E:\SIH\ira-wakeword\real\positive\standardized\quiet_1m\ira_0210.wav,274.500,speech
speech,E:\SIH\ira-wakeword\dataset\positive_all\piper_batch_C\1055.wav,279.000,speech
speech,E:\SIH\ira-wakeword\dataset\positive_all\piper_batch_C\1758.wav,283.500,speech
speech,E:\SIH\ira-wakeword\dataset\positive_all\synthetic\synthetic_amy_22.wav,288.000,speech
speech,E:\SIH\ira-wakeword\real\positive\standardized\quiet_20cm\ira_0157.wav,292.500,speech
speech,E:\SIH\ira-wakeword\dataset\positive_all\piper_batch_D\663.wav,297.000,speech
speech,E:\SIH\ira-wakeword\dataset\positive_all\piper_batch_C\1898.wav,301.500,speech
speech,E:\SIH\ira-wakeword\dataset\positive_all\synthetic\synthetic_ryan_slow_19.wav,306.000,speech
speech,E:\SIH\ira-wakeword\dataset\positive_all\piper_batch_B\391.wav,310.500,speech
speech,E:\SIH\ira-wakeword\dataset\positive_all\piper_batch_B\717.wav,315.000,speech
speech,E:\SIH\ira-wakeword\real\positive\standardized\quiet_20cm\ira_093.wav,319.500,speech
speech,E:\SIH\ira-wakeword\dataset\positive_all\piper_batch_A\1980.wav,324.000,speech
speech,E:\SIH\ira-wakeword\dataset\positive_all\piper_batch_C\91.wav,328.500,speech
speech,E:\SIH\ira-wakeword\dataset\positive_all\synthetic\synthetic_ryan_normal_38.wav,333.000,speech
speech,E:\SIH\ira-wakeword\dataset\positive_all\piper_batch_A\1182.wav,337.500,speech
speech,E:\SIH\ira-wakeword\dataset\positive_all\synthetic\synthetic_hfc_female_normal_74.wav,342.000,speech
speech,E:\SIH\ira-wakeword\dataset\positive_all\piper_batch_B\1240.wav,346.500,speech
speech,E:\SIH\ira-wakeword\dataset\positive_all\piper_batch_B\182.wav,351.000,speech
speech,E:\SIH\ira-wakeword\dataset\positive_all\piper_batch_B\1058.wav,355.500,speech
speech,E:\SIH\ira-wakeword\dataset\positive_all\piper_batch_C\537.wav,360.000,speech
speech,E:\SIH\ira-wakeword\dataset\positive_all\piper_batch_D\724.wav,364.500,speech
speech,E:\SIH\ira-wakeword\dataset\positive_all\piper_batch_C\1399.wav,369.000,speech
speech,E:\SIH\ira-wakeword\dataset\positive_all\piper_batch_D\105.wav,373.500,speech
speech,E:\SIH\ira-wakeword\dataset\positive_all\piper_batch_A\1759.wav,378.000,speech
speech,E:\SIH\ira-wakeword\dataset\positive_all\piper_batch_C\1822.wav,382.500,speech
speech,E:\SIH\ira-wakeword\dataset\positive_all\synthetic\synthetic_ryan_104.wav,387.000,speech
speech,E:\SIH\ira-wakeword\dataset\positive_all\piper_batch_C\1594.wav,391.500,speech
speech,E:\SIH\ira-wakeword\dataset\positive_all\piper_batch_D\428.wav,396.000,speech
speech,E:\SIH\ira-wakeword\dataset\positive_all\piper_batch_C\756.wav,400.500,speech
speech,E:\SIH\ira-wakeword\dataset\positive_all\piper_batch_D\1267.wav,405.000,speech
speech,E:\SIH\ira-wakeword\dataset\positive_all\piper_batch_A\928.wav,409.500,speech
speech,E:\SIH\ira-wakeword\dataset\positive_all\piper_batch_B\811.wav,414.000,speech
speech,E:\SIH\ira-wakeword\dataset\positive_all\piper_batch_B\19.wav,418.500,speech
speech,E:\SIH\ira-wakeword\dataset\positive_all\piper_batch_D\1156.wav,423.000,speech
speech,E:\SIH\ira-wakeword\dataset\positive_all\synthetic\synthetic_lessac_8.wav,427.500,speech
speech,E:\SIH\ira-wakeword\dataset\positive_all\piper_batch_B\338.wav,432.000,speech
speech,E:\SIH\ira-wakeword\dataset\positive_all\piper_batch_B\1443.wav,436.500,speech
speech,E:\SIH\ira-wakeword\dataset\positive_all\piper_batch_C\1316.wav,441.000,speech
speech,E:\SIH\ira-wakeword\dataset\positive_all\synthetic\synthetic_hfc_male_24.wav,445.500,speech
speech,E:\SIH\ira-wakeword\dataset\positive_all\synthetic\synthetic_hfc_female_slow_8.wav,450.000,speech
speech,E:\SIH\ira-wakeword\dataset\positive_all\piper_batch_B\1944.wav,454.500,speech
speech,E:\SIH\ira-wakeword\dataset\positive_all\synthetic\synthetic_amy_116.wav,459.000,speech
speech,E:\SIH\ira-wakeword\dataset\positive_all\piper_batch_B\1522.wav,463.500,speech
speech,E:\SIH\ira-wakeword\dataset\positive_all\piper_batch_C\203.wav,468.000,speech
speech,E:\SIH\ira-wakeword\dataset\positive_all\synthetic\synthetic_amy_normal_18.wav,472.500,speech
speech,E:\SIH\ira-wakeword\dataset\positive_all\piper_batch_D\400.wav,477.000,speech
speech,E:\SIH\ira-wakeword\dataset\positive_all\piper_batch_D\1262.wav,481.500,speech
speech,E:\SIH\ira-wakeword\dataset\positive_all\piper_batch_A\1075.wav,486.000,speech
speech,E:\SIH\ira-wakeword\real\positive\standardized\quiet_1m\ira_0193.wav,490.500,speech
speech,E:\SIH\ira-wakeword\dataset\positive_all\piper_batch_A\1066.wav,495.000,speech
speech,E:\SIH\ira-wakeword\dataset\positive_all\piper_batch_A\1698.wav,499.500,speech
speech,E:\SIH\ira-wakeword\dataset\positive_all\piper_batch_A\401.wav,504.000,speech
speech,E:\SIH\ira-wakeword\dataset\positive_all\piper_batch_C\927.wav,508.500,speech
speech,E:\SIH\ira-wakeword\real\positive\standardized\quiet_20cm\ira_077.wav,513.000,speech
speech,E:\SIH\ira-wakeword\dataset\positive_all\piper_batch_B\1556.wav,517.500,speech
speech,E:\SIH\ira-wakeword\dataset\positive_all\piper_batch_A\1875.wav,522.000,speech
speech,E:\SIH\ira-wakeword\dataset\positive_all\piper_batch_B\769.wav,526.500,speech
speech,E:\SIH\ira-wakeword\real\positive\standardized\quiet_20cm\ira_002.wav,531.000,speech
speech,E:\SIH\ira-wakeword\dataset\positive_all\piper_batch_B\1931.wav,535.500,speech
speech,E:\SIH\ira-wakeword\dataset\positive_all\piper_batch_B\246.wav,540.000,speech
speech,E:\SIH\ira-wakeword\dataset\positive_all\synthetic\synthetic_lessac_3.wav,544.500,speech
speech,E:\SIH\ira-wakeword\dataset\positive_all\piper_batch_C\66.wav,549.000,speech
speech,E:\SIH\ira-wakeword\dataset\positive_all\piper_batch_A\481.wav,553.500,speech
speech,E:\SIH\ira-wakeword\dataset\positive_all\piper_batch_C\944.wav,558.000,speech
speech,E:\SIH\ira-wakeword\dataset\positive_all\piper_batch_D\731.wav,562.500,speech
speech,E:\SIH\ira-wakeword\dataset\positive_all\piper_batch_D\1528.wav,567.000,speech
speech,E:\SIH\ira-wakeword\dataset\positive_all\piper_batch_C\620.wav,571.500,speech
speech,E:\SIH\ira-wakeword\dataset\positive_all\piper_batch_D\985.wav,576.000,speech
speech,E:\SIH\ira-wakeword\dataset\positive_all\piper_batch_A\1606.wav,580.500,speech
speech,E:\SIH\ira-wakeword\dataset\positive_all\piper_batch_B\997.wav,585.000,speech
speech,E:\SIH\ira-wakeword\dataset\positive_all\synthetic\synthetic_hfc_female_normal_109.wav,589.500,speech
speech,E:\SIH\ira-wakeword\dataset\positive_all\piper_batch_B\173.wav,594.000,speech
speech,E:\SIH\ira-wakeword\dataset\positive_all\synthetic\synthetic_lessac_normal_44.wav,598.500,speech
speech,E:\SIH\ira-wakeword\dataset\positive_all\piper_batch_C\441.wav,603.000,speech
speech,E:\SIH\ira-wakeword\dataset\positive_all\piper_batch_B\1684.wav,607.500,speech
speech,E:\SIH\ira-wakeword\dataset\positive_all\piper_batch_D\110.wav,612.000,speech
speech,E:\SIH\ira-wakeword\dataset\positive_all\piper_batch_C\1893.wav,616.500,speech
speech,E:\SIH\ira-wakeword\dataset\positive_all\piper_batch_C\1903.wav,621.000,speech
speech,E:\SIH\ira-wakeword\real\positive\standardized\quiet_20cm\ira_0115.wav,625.500,speech
speech,E:\SIH\ira-wakeword\dataset\positive_all\piper_batch_D\187.wav,630.000,speech
speech,E:\SIH\ira-wakeword\dataset\positive_all\synthetic\synthetic_lessac_111.wav,634.500,speech
speech,E:\SIH\ira-wakeword\dataset\positive_all\piper_batch_B\1048.wav,639.000,speech
speech,E:\SIH\ira-wakeword\dataset\positive_all\piper_batch_D\37.wav,643.500,speech
speech,E:\SIH\ira-wakeword\dataset\positive_all\piper_batch_D\979.wav,648.000,speech
speech,E:\SIH\ira-wakeword\dataset\positive_all\piper_batch_D\585.wav,652.500,speech
speech,E:\SIH\ira-wakeword\dataset\positive_all\piper_batch_C\1128.wav,657.000,speech
speech,E:\SIH\ira-wakeword\dataset\positive_all\piper_batch_C\531.wav,661.500,speech
speech,E:\SIH\ira-wakeword\dataset\positive_all\piper_batch_D\1550.wav,666.000,speech
speech,E:\SIH\ira-wakeword\dataset\positive_all\piper_batch_C\335.wav,670.500,speech
speech,E:\SIH\ira-wakeword\dataset\positive_all\piper_batch_D\421.wav,675.000,speech
speech,E:\SIH\ira-wakeword\dataset\positive_all\piper_batch_C\1488.wav,679.500,speech
speech,E:\SIH\ira-wakeword\dataset\positive_all\synthetic\synthetic_hfc_female_normal_35.wav,684.000,speech
speech,E:\SIH\ira-wakeword\dataset\positive_all\piper_batch_C\1900.wav,688.500,speech
speech,E:\SIH\ira-wakeword\dataset\positive_all\piper_batch_C\924.wav,693.000,speech
speech,E:\SIH\ira-wakeword\real\positive\standardized\quiet_20cm\ira_0175.wav,697.500,speech
speech,E:\SIH\ira-wakeword\dataset\positive_all\piper_batch_B\389.wav,702.000,speech
speech,E:\SIH\ira-wakeword\dataset\positive_all\piper_batch_A\1221.wav,706.500,speech
speech,E:\SIH\ira-wakeword\dataset\positive_all\piper_batch_B\1903.wav,711.000,speech
speech,E:\SIH\ira-wakeword\dataset\positive_all\piper_batch_B\1392.wav,715.500,speech
speech,E:\SIH\ira-wakeword\dataset\positive_all\piper_batch_C\913.wav,720.000,speech
speech,E:\SIH\ira-wakeword\dataset\positive_all\piper_batch_A\539.wav,724.500,speech
speech,E:\SIH\ira-wakeword\dataset\positive_all\piper_batch_A\564.wav,729.000,speech
speech,E:\SIH\ira-wakeword\real\positive\standardized\quiet_1m\ira_047.wav,733.500,speech
speech,E:\SIH\ira-wakeword\dataset\positive_all\piper_batch_B\752.wav,738.000,speech
speech,E:\SIH\ira-wakeword\dataset\positive_all\piper_batch_D\594.wav,742.500,speech
speech,E:\SIH\ira-wakeword\dataset\positive_all\piper_batch_C\147.wav,747.000,speech
speech,E:\SIH\ira-wakeword\dataset\positive_all\piper_batch_C\736.wav,751.500,speech
speech,E:\SIH\ira-wakeword\dataset\positive_all\piper_batch_D\611.wav,756.000,speech
speech,E:\SIH\ira-wakeword\dataset\positive_all\piper_batch_C\1009.wav,760.500,speech
speech,E:\SIH\ira-wakeword\dataset\positive_all\synthetic\synthetic_hfc_male_slow_28.wav,765.000,speech
speech,E:\SIH\ira-wakeword\dataset\positive_all\synthetic\synthetic_hfc_female_normal_115.wav,769.500,speech
speech,E:\SIH\ira-wakeword\real\positive\standardized\quiet_1m\ira_0117.wav,774.000,speech
speech,E:\SIH\ira-wakeword\dataset\positive_all\piper_batch_C\376.wav,778.500,speech
speech,E:\SIH\ira-wakeword\dataset\positive_all\synthetic\synthetic_amy_normal_8.wav,783.000,speech
speech,E:\SIH\ira-wakeword\dataset\positive_all\piper_batch_B\1608.wav,787.500,speech
speech,E:\SIH\ira-wakeword\dataset\positive_all\piper_batch_B\1740.wav,792.000,speech
speech,E:\SIH\ira-wakeword\dataset\positive_all\synthetic\synthetic_hfc_male_98.wav,796.500,speech
speech,E:\SIH\ira-wakeword\dataset\positive_all\piper_batch_D\1380.wav,801.000,speech
speech,E:\SIH\ira-wakeword\dataset\positive_all\piper_batch_D\32.wav,805.500,speech
speech,E:\SIH\ira-wakeword\dataset\positive_all\piper_batch_A\69.wav,810.000,speech
speech,E:\SIH\ira-wakeword\dataset\positive_all\piper_batch_B\675.wav,814.500,speech
speech,E:\SIH\ira-wakeword\dataset\positive_all\piper_batch_A\962.wav,819.000,speech
speech,E:\SIH\ira-wakeword\dataset\positive_all\piper_batch_B\682.wav,823.500,speech
speech,E:\SIH\ira-wakeword\dataset\positive_all\piper_batch_C\297.wav,828.000,speech
speech,E:\SIH\ira-wakeword\dataset\positive_all\piper_batch_A\1349.wav,832.500,speech
speech,E:\SIH\ira-wakeword\dataset\positive_all\piper_batch_B\232.wav,837.000,speech
speech,E:\SIH\ira-wakeword\dataset\positive_all\piper_batch_D\733.wav,841.500,speech
speech,E:\SIH\ira-wakeword\dataset\positive_all\piper_batch_C\271.wav,846.000,speech
speech,E:\SIH\ira-wakeword\dataset\positive_all\piper_batch_A\1162.wav,850.500,speech
speech,E:\SIH\ira-wakeword\dataset\positive_all\piper_batch_D\932.wav,855.000,speech
speech,E:\SIH\ira-wakeword\dataset\positive_all\piper_batch_A\1352.wav,859.500,speech
speech,E:\SIH\ira-wakeword\dataset\positive_all\synthetic\synthetic_hfc_male_normal_2.wav,864.000,speech
speech,E:\SIH\ira-wakeword\dataset\positive_all\piper_batch_B\1314.wav,868.500,speech
speech,E:\SIH\ira-wakeword\dataset\positive_all\piper_batch_C\1140.wav,873.000,speech
speech,E:\SIH\ira-wakeword\dataset\positive_all\piper_batch_A\664.wav,877.500,speech
speech,E:\SIH\ira-wakeword\dataset\positive_all\piper_batch_B\1677.wav,882.000,speech
speech,E:\SIH\ira-wakeword\dataset\positive_all\piper_batch_C\1282.wav,886.500,speech
speech,E:\SIH\ira-wakeword\dataset\positive_all\synthetic\synthetic_ryan_97.wav,891.000,speech
speech,E:\SIH\ira-wakeword\dataset\positive_all\piper_batch_A\177.wav,895.500,speech
speech,E:\SIH\ira-wakeword\dataset\positive_all\piper_batch_C\1888.wav,900.000,speech
speech,E:\SIH\ira-wakeword\dataset\positive_all\piper_batch_B\481.wav,904.500,speech
speech,E:\SIH\ira-wakeword\dataset\positive_all\synthetic\synthetic_ryan_76.wav,909.000,speech
speech,E:\SIH\ira-wakeword\real\positive\standardized\quiet_1m\ira_071.wav,913.500,speech
speech,E:\SIH\ira-wakeword\dataset\positive_all\piper_batch_A\1373.wav,918.000,speech
speech,E:\SIH\ira-wakeword\dataset\positive_all\piper_batch_A\724.wav,922.500,speech
speech,E:\SIH\ira-wakeword\dataset\positive_all\piper_batch_A\1810.wav,927.000,speech
speech,E:\SIH\ira-wakeword\dataset\positive_all\piper_batch_C\863.wav,931.500,speech
speech,E:\SIH\ira-wakeword\dataset\positive_all\piper_batch_D\819.wav,936.000,speech
speech,E:\SIH\ira-wakeword\dataset\positive_all\piper_batch_D\1001.wav,940.500,speech
speech,E:\SIH\ira-wakeword\dataset\positive_all\synthetic\synthetic_ryan_normal_9.wav,945.000,speech
speech,E:\SIH\ira-wakeword\real\positive\standardized\quiet_1m\ira_0173.wav,949.500,speech
speech,E:\SIH\ira-wakeword\dataset\positive_all\piper_batch_C\574.wav,954.000,speech
speech,E:\SIH\ira-wakeword\dataset\positive_all\piper_batch_C\521.wav,958.500,speech
speech,E:\SIH\ira-wakeword\dataset\positive_all\piper_batch_D\1217.wav,963.000,speech
speech,E:\SIH\ira-wakeword\dataset\positive_all\piper_batch_A\1878.wav,967.500,speech
speech,E:\SIH\ira-wakeword\dataset\positive_all\piper_batch_C\1551.wav,972.000,speech
speech,E:\SIH\ira-wakeword\dataset\positive_all\synthetic\synthetic_ryan_normal_101.wav,976.500,speech
speech,E:\SIH\ira-wakeword\dataset\positive_all\piper_batch_B\419.wav,981.000,speech
speech,E:\SIH\ira-wakeword\dataset\positive_all\piper_batch_C\1578.wav,985.500,speech
speech,E:\SIH\ira-wakeword\dataset\positive_all\piper_batch_C\1127.wav,990.000,speech
speech,E:\SIH\ira-wakeword\dataset\positive_all\piper_batch_A\1392.wav,994.500,speech
speech,E:\SIH\ira-wakeword\dataset\positive_all\piper_batch_A\528.wav,999.000,speech
speech,E:\SIH\ira-wakeword\dataset\positive_all\piper_batch_B\1343.wav,1003.500,speech
speech,E:\SIH\ira-wakeword\dataset\positive_all\synthetic\synthetic_lessac_38.wav,1008.000,speech
speech,E:\SIH\ira-wakeword\dataset\positive_all\piper_batch_D\949.wav,1012.500,speech
speech,E:\SIH\ira-wakeword\dataset\positive_all\piper_batch_C\1973.wav,1017.000,speech
speech,E:\SIH\ira-wakeword\dataset\positive_all\piper_batch_B\1948.wav,1021.500,speech
speech,E:\SIH\ira-wakeword\dataset\positive_all\synthetic\synthetic_lessac_normal_104.wav,1026.000,speech
speech,E:\SIH\ira-wakeword\dataset\positive_all\piper_batch_D\169.wav,1030.500,speech
speech,E:\SIH\ira-wakeword\dataset\positive_all\piper_batch_B\838.wav,1035.000,speech
speech,E:\SIH\ira-wakeword\dataset\positive_all\synthetic\synthetic_amy_26.wav,1039.500,speech
speech,E:\SIH\ira-wakeword\dataset\positive_all\piper_batch_C\118.wav,1044.000,speech
speech,E:\SIH\ira-wakeword\dataset\positive_all\piper_batch_C\1506.wav,1048.500,speech
speech,E:\SIH\ira-wakeword\dataset\positive_all\piper_batch_D\709.wav,1053.000,speech
speech,E:\SIH\ira-wakeword\dataset\positive_all\piper_batch_A\137.wav,1057.500,speech
speech,E:\SIH\ira-wakeword\dataset\positive_all\piper_batch_C\1396.wav,1062.000,speech
speech,E:\SIH\ira-wakeword\dataset\positive_all\synthetic\synthetic_ryan_67.wav,1066.500,speech
speech,E:\SIH\ira-wakeword\dataset\positive_all\piper_batch_A\332.wav,1071.000,speech
speech,E:\SIH\ira-wakeword\dataset\positive_all\piper_batch_A\470.wav,1075.500,speech
speech,E:\SIH\ira-wakeword\dataset\positive_all\synthetic\synthetic_lessac_31.wav,1080.000,speech
speech,E:\SIH\ira-wakeword\dataset\positive_all\piper_batch_A\419.wav,1084.500,speech
speech,E:\SIH\ira-wakeword\dataset\positive_all\piper_batch_D\1119.wav,1089.000,speech
speech,E:\SIH\ira-wakeword\dataset\positive_all\piper_batch_C\1072.wav,1093.500,speech
speech,E:\SIH\ira-wakeword\dataset\positive_all\piper_batch_B\1247.wav,1098.000,speech
speech,E:\SIH\ira-wakeword\dataset\positive_all\piper_batch_D\582.wav,1102.500,speech
speech,E:\SIH\ira-wakeword\dataset\positive_all\piper_batch_D\499.wav,1107.000,speech
speech,E:\SIH\ira-wakeword\dataset\positive_all\synthetic\synthetic_hfc_female_94.wav,1111.500,speech
speech,E:\SIH\ira-wakeword\dataset\positive_all\piper_batch_D\1410.wav,1116.000,speech
speech,E:\SIH\ira-wakeword\dataset\positive_all\piper_batch_D\780.wav,1120.500,speech
speech,E:\SIH\ira-wakeword\dataset\positive_all\piper_batch_D\132.wav,1125.000,speech
speech,E:\SIH\ira-wakeword\dataset\positive_all\synthetic\synthetic_amy_fast_27.wav,1129.500,speech
speech,E:\SIH\ira-wakeword\dataset\positive_all\piper_batch_A\153.wav,1134.000,speech
speech,E:\SIH\ira-wakeword\dataset\positive_all\piper_batch_C\551.wav,1138.500,speech
speech,E:\SIH\ira-wakeword\dataset\positive_all\synthetic\synthetic_ryan_normal_72.wav,1143.000,speech
speech,E:\SIH\ira-wakeword\dataset\positive_all\piper_batch_C\1327.wav,1147.500,speech
speech,E:\SIH\ira-wakeword\real\positive\standardized\quiet_1m\ira_008.wav,1152.000,speech
speech,E:\SIH\ira-wakeword\dataset\positive_all\synthetic\synthetic_amy_13.wav,1156.500,speech
speech,E:\SIH\ira-wakeword\dataset\positive_all\piper_batch_C\173.wav,1161.000,speech
speech,E:\SIH\ira-wakeword\dataset\positive_all\synthetic\synthetic_pilot100_47.wav,1165.500,speech
speech,E:\SIH\ira-wakeword\dataset\positive_all\piper_batch_B\612.wav,1170.000,speech
speech,E:\SIH\ira-wakeword\dataset\positive_all\piper_batch_A\40.wav,1174.500,speech
speech,E:\SIH\ira-wakeword\dataset\positive_all\piper_batch_D\1358.wav,1179.000,speech
speech,E:\SIH\ira-wakeword\dataset\positive_all\piper_batch_D\1565.wav,1183.500,speech
speech,E:\SIH\ira-wakeword\dataset\positive_all\piper_batch_B\90.wav,1188.000,speech
speech,E:\SIH\ira-wakeword\dataset\positive_all\piper_batch_C\1020.wav,1192.500,speech
speech,E:\SIH\ira-wakeword\dataset\positive_all\piper_batch_D\1087.wav,1197.000,speech
speech,E:\SIH\ira-wakeword\dataset\positive_all\piper_batch_A\1548.wav,1201.500,speech
speech,E:\SIH\ira-wakeword\dataset\positive_all\piper_batch_B\383.wav,1206.000,speech
speech,E:\SIH\ira-wakeword\dataset\positive_all\synthetic\synthetic_amy_87.wav,1210.500,speech
speech,E:\SIH\ira-wakeword\dataset\positive_all\piper_batch_A\527.wav,1215.000,speech
speech,E:\SIH\ira-wakeword\dataset\positive_all\synthetic\synthetic_hfc_female_slow_7.wav,1219.500,speech
speech,E:\SIH\ira-wakeword\dataset\positive_all\piper_batch_B\1964.wav,1224.000,speech
speech,E:\SIH\ira-wakeword\dataset\positive_all\piper_batch_B\1316.wav,1228.500,speech
speech,E:\SIH\ira-wakeword\dataset\positive_all\piper_batch_C\1978.wav,1233.000,speech
speech,E:\SIH\ira-wakeword\real\positive\standardized\quiet_50cm\ira_080.wav,1237.500,speech
speech,E:\SIH\ira-wakeword\dataset\positive_all\piper_batch_C\895.wav,1242.000,speech
speech,E:\SIH\ira-wakeword\dataset\positive_all\piper_batch_A\1351.wav,1246.500,speech
speech,E:\SIH\ira-wakeword\dataset\positive_all\piper_batch_B\798.wav,1251.000,speech
speech,E:\SIH\ira-wakeword\dataset\positive_all\piper_batch_A\226.wav,1255.500,speech
speech,E:\SIH\ira-wakeword\dataset\positive_all\piper_batch_D\1254.wav,1260.000,speech
speech,E:\SIH\ira-wakeword\dataset\positive_all\piper_batch_A\389.wav,1264.500,speech
speech,E:\SIH\ira-wakeword\dataset\positive_all\synthetic\synthetic_hfc_female_38.wav,1269.000,speech
speech,E:\SIH\ira-wakeword\dataset\positive_all\piper_batch_A\530.wav,1273.500,speech
speech,E:\SIH\ira-wakeword\dataset\positive_all\synthetic\synthetic_amy_slow_38.wav,1278.000,speech
speech,E:\SIH\ira-wakeword\dataset\positive_all\piper_batch_D\906.wav,1282.500,speech
speech,E:\SIH\ira-wakeword\dataset\positive_all\piper_batch_A\1967.wav,1287.000,speech
speech,E:\SIH\ira-wakeword\dataset\positive_all\piper_batch_C\47.wav,1291.500,speech
speech,E:\SIH\ira-wakeword\dataset\positive_all\synthetic\synthetic_ryan_fast_37.wav,1296.000,speech
speech,E:\SIH\ira-wakeword\dataset\positive_all\synthetic\synthetic_lessac_100.wav,1300.500,speech
speech,E:\SIH\ira-wakeword\dataset\positive_all\piper_batch_D\64.wav,1305.000,speech
speech,E:\SIH\ira-wakeword\dataset\positive_all\piper_batch_A\1991.wav,1309.500,speech
speech,E:\SIH\ira-wakeword\dataset\positive_all\piper_batch_D\829.wav,1314.000,speech
speech,E:\SIH\ira-wakeword\dataset\positive_all\piper_batch_C\1673.wav,1318.500,speech
speech,E:\SIH\ira-wakeword\dataset\positive_all\synthetic\synthetic_lessac_25.wav,1323.000,speech
speech,E:\SIH\ira-wakeword\dataset\positive_all\piper_batch_C\889.wav,1327.500,speech
speech,E:\SIH\ira-wakeword\dataset\positive_all\piper_batch_C\41.wav,1332.000,speech
speech,E:\SIH\ira-wakeword\real\positive\standardized\quiet_20cm\ira_0142.wav,1336.500,speech
speech,E:\SIH\ira-wakeword\dataset\positive_all\piper_batch_D\1476.wav,1341.000,speech
speech,E:\SIH\ira-wakeword\dataset\positive_all\piper_batch_C\897.wav,1345.500,speech
speech,E:\SIH\ira-wakeword\dataset\positive_all\piper_batch_A\1470.wav,1350.000,speech
speech,E:\SIH\ira-wakeword\dataset\positive_all\piper_batch_B\718.wav,1354.500,speech
speech,E:\SIH\ira-wakeword\dataset\positive_all\piper_batch_B\1179.wav,1359.000,speech
speech,E:\SIH\ira-wakeword\dataset\positive_all\synthetic\synthetic_ryan_normal_109.wav,1363.500,speech
speech,E:\SIH\ira-wakeword\dataset\positive_all\piper_batch_A\901.wav,1368.000,speech
speech,E:\SIH\ira-wakeword\dataset\positive_all\piper_batch_D\871.wav,1372.500,speech
speech,E:\SIH\ira-wakeword\dataset\positive_all\piper_batch_C\169.wav,1377.000,speech
speech,E:\SIH\ira-wakeword\dataset\positive_all\piper_batch_C\119.wav,1381.500,speech
speech,E:\SIH\ira-wakeword\dataset\positive_all\piper_batch_C\1846.wav,1386.000,speech
speech,E:\SIH\ira-wakeword\dataset\positive_all\synthetic\synthetic_pilot100_89.wav,1390.500,speech
speech,E:\SIH\ira-wakeword\dataset\positive_all\piper_batch_B\454.wav,1395.000,speech
speech,E:\SIH\ira-wakeword\real\positive\standardized\quiet_50cm\ira_0136.wav,1399.500,speech
speech,E:\SIH\ira-wakeword\dataset\positive_all\piper_batch_B\780.wav,1404.000,speech
speech,E:\SIH\ira-wakeword\dataset\positive_all\piper_batch_B\1727.wav,1408.500,speech
speech,E:\SIH\ira-wakeword\dataset\positive_all\synthetic\synthetic_ryan_slow_27.wav,1413.000,speech
speech,E:\SIH\ira-wakeword\dataset\positive_all\synthetic\synthetic_ryan_normal_0.wav,1417.500,speech
speech,E:\SIH\ira-wakeword\dataset\positive_all\synthetic\synthetic_amy_slow_39.wav,1422.000,speech
speech,E:\SIH\ira-wakeword\real\positive\standardized\quiet_50cm\ira_0170.wav,1426.500,speech
speech,E:\SIH\ira-wakeword\real\positive\standardized\quiet_50cm\ira_0186.wav,1431.000,speech
speech,E:\SIH\ira-wakeword\dataset\positive_all\piper_batch_A\920.wav,1435.500,speech
speech,E:\SIH\ira-wakeword\dataset\positive_all\piper_batch_B\720.wav,1440.000,speech
speech,E:\SIH\ira-wakeword\dataset\positive_all\synthetic\synthetic_amy_normal_41.wav,1444.500,speech
speech,E:\SIH\ira-wakeword\dataset\positive_all\piper_batch_B\312.wav,1449.000,speech
speech,E:\SIH\ira-wakeword\dataset\positive_all\piper_batch_D\207.wav,1453.500,speech
speech,E:\SIH\ira-wakeword\dataset\positive_all\piper_batch_C\25.wav,1458.000,speech
speech,E:\SIH\ira-wakeword\dataset\positive_all\piper_batch_C\1440.wav,1462.500,speech
speech,E:\SIH\ira-wakeword\dataset\positive_all\synthetic\synthetic_hfc_female_fast_14.wav,1467.000,speech
speech,E:\SIH\ira-wakeword\dataset\positive_all\piper_batch_C\227.wav,1471.500,speech
speech,E:\SIH\ira-wakeword\dataset\positive_all\synthetic\synthetic_hfc_male_fast_16.wav,1476.000,speech
speech,E:\SIH\ira-wakeword\dataset\positive_all\synthetic\synthetic_ryan_normal_29.wav,1480.500,speech
speech,E:\SIH\ira-wakeword\dataset\positive_all\piper_batch_A\1111.wav,1485.000,speech
speech,E:\SIH\ira-wakeword\dataset\positive_all\piper_batch_A\1439.wav,1489.500,speech
speech,E:\SIH\ira-wakeword\dataset\positive_all\piper_batch_C\250.wav,1494.000,speech
speech,E:\SIH\ira-wakeword\real\positive\standardized\quiet_50cm\ira_0115.wav,1498.500,speech
speech,E:\SIH\ira-wakeword\dataset\positive_all\synthetic\synthetic_hfc_female_normal_14.wav,1503.000,speech
speech,E:\SIH\ira-wakeword\dataset\positive_all\piper_batch_C\1109.wav,1507.500,speech
