path,group,category,v1_score,v2_score,score_delta
E:\SIH\ira-wakeword\dataset\negative\speech\1088_1088-134315-0000_neg_002.wav,librispeech,speech,0.000000,0.046530,0.046529
E:\SIH\ira-wakeword\dataset\negative\speech\1088_1088-134315-0000_neg_007.wav,librispeech,speech,0.000000,0.004593,0.004593
E:\SIH\ira-wakeword\dataset\negative\speech\1088_1088-134315-0001_neg_009.wav,librispeech,speech,0.001052,0.051371,0.050319
E:\SIH\ira-wakeword\dataset\negative\speech\1088_1088-134315-0002_neg_007.wav,librispeech,speech,0.000019,0.002922,0.002902
E:\SIH\ira-wakeword\dataset\negative\speech\1088_1088-134315-0003_neg_002.wav,librispeech,speech,0.000001,0.076041,0.076040
E:\SIH\ira-wakeword\dataset\negative\speech\1088_1088-134315-0003_neg_004.wav,librispeech,speech,0.000067,0.116250,0.116184
E:\SIH\ira-wakeword\dataset\negative\speech\1088_1088-134315-0003_neg_008.wav,librispeech,speech,0.000000,0.067270,0.067270
E:\SIH\ira-wakeword\dataset\negative\speech\1088_1088-134315-0004_neg_001.wav,librispeech,speech,0.000000,0.154260,0.154260
E:\SIH\ira-wakeword\dataset\negative\speech\1088_1088-134315-0004_neg_007.wav,librispeech,speech,0.000028,0.000932,0.000903
E:\SIH\ira-wakeword\dataset\negative\speech\1088_1088-134315-0006_neg_003.wav,librispeech,speech,0.000000,0.006314,0.006314
E:\SIH\ira-wakeword\dataset\negative\speech\1088_1088-134315-0006_neg_004.wav,librispeech,speech,0.003233,0.588319,0.585086
E:\SIH\ira-wakeword\dataset\negative\speech\1088_1088-134315-0007_neg_003.wav,librispeech,speech,0.000001,0.015034,0.015033
E:\SIH\ira-wakeword\dataset\negative\speech\1088_1088-134315-0007_neg_004.wav,librispeech,speech,0.000001,0.055860,0.055859
E:\SIH\ira-wakeword\dataset\negative\speech\1088_1088-134315-0007_neg_006.wav,librispeech,speech,0.000001,0.001531,0.001530
E:\SIH\ira-wakeword\dataset\negative\speech\1088_1088-134315-0008_neg_002.wav,librispeech,speech,0.001047,0.494531,0.493484
E:\SIH\ira-wakeword\dataset\negative\speech\1088_1088-134315-0008_neg_008.wav,librispeech,speech,0.000002,0.117623,0.117620
E:\SIH\ira-wakeword\dataset\negative\speech\1088_1088-134315-0009_neg_002.wav,librispeech,speech,0.000005,0.067302,0.067297
E:\SIH\ira-wakeword\dataset\negative\speech\1088_1088-134315-0009_neg_004.wav,librispeech,speech,0.000052,0.004516,0.004464
E:\SIH\ira-wakeword\dataset\negative\speech\1088_1088-134315-0009_neg_005.wav,librispeech,speech,0.801017,0.494837,-0.306180
E:\SIH\ira-wakeword\dataset\negative\speech\1088_1088-134315-0010_neg_000.wav,librispeech,speech,0.000020,0.112615,0.112596
E:\SIH\ira-wakeword\dataset\negative\speech\1088_1088-134315-0010_neg_012.wav,librispeech,speech,0.000000,0.009492,0.009492
E:\SIH\ira-wakeword\dataset\negative\speech\1088_1088-134315-0010_neg_015.wav,librispeech,speech,0.000006,0.325459,0.325453
E:\SIH\ira-wakeword\dataset\negative\speech\1088_1088-134315-0011_neg_000.wav,librispeech,speech,0.000032,0.002359,0.002326
E:\SIH\ira-wakeword\dataset\negative\speech\1088_1088-134315-0012_neg_004.wav,librispeech,speech,0.000075,0.002283,0.002209
E:\SIH\ira-wakeword\dataset\negative\speech\1088_1088-134315-0013_neg_004.wav,librispeech,speech,0.000001,0.010957,0.010956
E:\SIH\ira-wakeword\dataset\negative\speech\1088_1088-134315-0013_neg_005.wav,librispeech,speech,0.000001,0.039173,0.039173
E:\SIH\ira-wakeword\dataset\negative\speech\1088_1088-134315-0014_neg_009.wav,librispeech,speech,0.000004,0.006584,0.006580
E:\SIH\ira-wakeword\dataset\negative\speech\1088_1088-134315-0016_neg_006.wav,librispeech,speech,0.000008,0.004976,0.004969
E:\SIH\ira-wakeword\dataset\negative\speech\1088_1088-134315-0016_neg_010.wav,librispeech,speech,0.000000,0.005977,0.005976
E:\SIH\ira-wakeword\dataset\negative\speech\1088_1088-134315-0017_neg_014.wav,librispeech,speech,0.000583,0.018003,0.017420
E:\SIH\ira-wakeword\dataset\negative\speech\1088_1088-134315-0018_neg_004.wav,librispeech,speech,0.000831,0.217714,0.216883
E:\SIH\ira-wakeword\dataset\negative\speech\1088_1088-134315-0019_neg_008.wav,librispeech,speech,0.000003,0.024155,0.024152
E:\SIH\ira-wakeword\dataset\negative\speech\1088_1088-134315-0021_neg_007.wav,librispeech,speech,0.000000,0.014962,0.014962
E:\SIH\ira-wakeword\dataset\negative\speech\1088_1088-134315-0021_neg_012.wav,librispeech,speech,0.000016,0.176066,0.176050
E:\SIH\ira-wakeword\dataset\negative\speech\1088_1088-134315-0022_neg_005.wav,librispeech,speech,0.000000,0.037300,0.037300
E:\SIH\ira-wakeword\dataset\negative\speech\1088_1088-134315-0022_neg_009.wav,librispeech,speech,0.000000,0.000050,0.000050
E:\SIH\ira-wakeword\dataset\negative\speech\1088_1088-134315-0024_neg_005.wav,librispeech,speech,0.000001,0.027406,0.027406
E:\SIH\ira-wakeword\dataset\negative\speech\1088_1088-134315-0024_neg_010.wav,librispeech,speech,0.000000,0.019895,0.019895
E:\SIH\ira-wakeword\dataset\negative\speech\1088_1088-134315-0024_neg_012.wav,librispeech,speech,0.000009,0.016091,0.016082
E:\SIH\ira-wakeword\dataset\negative\speech\1088_1088-134315-0025_neg_003.wav,librispeech,speech,0.000077,0.087714,0.087637
E:\SIH\ira-wakeword\dataset\negative\speech\1088_1088-134315-0025_neg_012.wav,librispeech,speech,0.000002,0.011010,0.011008
E:\SIH\ira-wakeword\dataset\negative\speech\1088_1088-134315-0026_neg_003.wav,librispeech,speech,0.000000,0.000340,0.000340
E:\SIH\ira-wakeword\dataset\negative\speech\1088_1088-134315-0027_neg_003.wav,librispeech,speech,0.000005,0.001934,0.001929
E:\SIH\ira-wakeword\dataset\negative\speech\1088_1088-134315-0027_neg_007.wav,librispeech,speech,0.000136,0.169025,0.168889
E:\SIH\ira-wakeword\dataset\negative\speech\1088_1088-134315-0027_neg_010.wav,librispeech,speech,0.000000,0.024975,0.024975
E:\SIH\ira-wakeword\dataset\negative\speech\1088_1088-134315-0027_neg_011.wav,librispeech,speech,0.000122,0.020485,0.020363
E:\SIH\ira-wakeword\dataset\negative\speech\1088_1088-134315-0028_neg_000.wav,librispeech,speech,0.000000,0.002449,0.002449
E:\SIH\ira-wakeword\dataset\negative\speech\1088_1088-134315-0028_neg_004.wav,librispeech,speech,0.000002,0.014050,0.014048
E:\SIH\ira-wakeword\dataset\negative\speech\1088_1088-134315-0028_neg_008.wav,librispeech,speech,0.000004,0.014021,0.014017
E:\SIH\ira-wakeword\dataset\negative\speech\1088_1088-134315-0029_neg_004.wav,librispeech,speech,0.000121,0.047861,0.047740
E:\SIH\ira-wakeword\dataset\negative\speech\1088_1088-134315-0029_neg_009.wav,librispeech,speech,0.000000,0.006725,0.006725
E:\SIH\ira-wakeword\dataset\negative\speech\1088_1088-134315-0030_neg_009.wav,librispeech,speech,0.000001,0.008983,0.008982
E:\SIH\ira-wakeword\dataset\negative\speech\1088_1088-134315-0030_neg_010.wav,librispeech,speech,0.000000,0.000743,0.000743
E:\SIH\ira-wakeword\dataset\negative\speech\1088_1088-134315-0031_neg_000.wav,librispeech,speech,0.000000,0.000434,0.000434
E:\SIH\ira-wakeword\dataset\negative\speech\1088_1088-134315-0031_neg_008.wav,librispeech,speech,0.000030,0.074363,0.074333
E:\SIH\ira-wakeword\dataset\negative\speech\1088_1088-134315-0032_neg_004.wav,librispeech,speech,0.000001,0.005083,0.005082
E:\SIH\ira-wakeword\dataset\negative\speech\1088_1088-134315-0032_neg_007.wav,librispeech,speech,0.000000,0.319665,0.319665
E:\SIH\ira-wakeword\dataset\negative\speech\1088_1088-134315-0033_neg_008.wav,librispeech,speech,0.000065,0.022434,0.022369
E:\SIH\ira-wakeword\dataset\negative\speech\1088_1088-134315-0034_neg_000.wav,librispeech,speech,0.000000,0.003677,0.003676
E:\SIH\ira-wakeword\dataset\negative\speech\1088_1088-134315-0034_neg_004.wav,librispeech,speech,0.000001,0.019492,0.019491
E:\SIH\ira-wakeword\dataset\negative\speech\1088_1088-134315-0035_neg_003.wav,librispeech,speech,0.000000,0.008109,0.008108
E:\SIH\ira-wakeword\dataset\negative\speech\1088_1088-134315-0035_neg_010.wav,librispeech,speech,0.000001,0.001655,0.001654
E:\SIH\ira-wakeword\dataset\negative\speech\1088_1088-134315-0035_neg_013.wav,librispeech,speech,0.000016,0.009105,0.009089
E:\SIH\ira-wakeword\dataset\negative\speech\1088_1088-134315-0036_neg_006.wav,librispeech,speech,0.000017,0.206259,0.206243
E:\SIH\ira-wakeword\dataset\negative\speech\1088_1088-134315-0036_neg_010.wav,librispeech,speech,0.000018,0.230571,0.230552
E:\SIH\ira-wakeword\dataset\negative\speech\1088_1088-134315-0037_neg_002.wav,librispeech,speech,0.000000,0.242373,0.242373
E:\SIH\ira-wakeword\dataset\negative\speech\1088_1088-134315-0037_neg_004.wav,librispeech,speech,0.000006,0.004540,0.004534
E:\SIH\ira-wakeword\dataset\negative\speech\1088_1088-134315-0037_neg_006.wav,librispeech,speech,0.000384,0.026932,0.026549
E:\SIH\ira-wakeword\dataset\negative\speech\1088_1088-134315-0038_neg_009.wav,librispeech,speech,0.008214,0.141324,0.133110
E:\SIH\ira-wakeword\dataset\negative\speech\1088_1088-134315-0038_neg_011.wav,librispeech,speech,0.000199,0.889268,0.889069
E:\SIH\ira-wakeword\dataset\negative\speech\1088_1088-134315-0040_neg_004.wav,librispeech,speech,0.000012,0.002044,0.002032
E:\SIH\ira-wakeword\dataset\negative\speech\1088_1088-134315-0041_neg_013.wav,librispeech,speech,0.000002,0.489741,0.489738
E:\SIH\ira-wakeword\dataset\negative\speech\1088_1088-134315-0042_neg_005.wav,librispeech,speech,0.000018,0.107169,0.107151
E:\SIH\ira-wakeword\dataset\negative\speech\1088_1088-134315-0042_neg_007.wav,librispeech,speech,0.000000,0.008474,0.008474
E:\SIH\ira-wakeword\dataset\negative\speech\1088_1088-134315-0043_neg_002.wav,librispeech,speech,0.000001,0.000525,0.000524
E:\SIH\ira-wakeword\dataset\negative\speech\1088_1088-134315-0043_neg_003.wav,librispeech,speech,0.000000,0.029904,0.029904
E:\SIH\ira-wakeword\dataset\negative\speech\1088_1088-134315-0043_neg_012.wav,librispeech,speech,0.000807,0.780583,0.779775
E:\SIH\ira-wakeword\dataset\negative\speech\1088_1088-134315-0044_neg_000.wav,librispeech,speech,0.000004,0.000813,0.000808
E:\SIH\ira-wakeword\dataset\negative\speech\1088_1088-134315-0044_neg_006.wav,librispeech,speech,0.000012,0.010101,0.010090
E:\SIH\ira-wakeword\dataset\negative\speech\1088_1088-134315-0045_neg_007.wav,librispeech,speech,0.000049,0.006002,0.005953
E:\SIH\ira-wakeword\dataset\negative\speech\1088_1088-134315-0045_neg_011.wav,librispeech,speech,0.000073,0.560238,0.560165
E:\SIH\ira-wakeword\dataset\negative\speech\1088_1088-134315-0046_neg_000.wav,librispeech,speech,0.000001,0.241471,0.241470
E:\SIH\ira-wakeword\dataset\negative\speech\1088_1088-134315-0046_neg_003.wav,librispeech,speech,0.000011,0.002170,0.002159
E:\SIH\ira-wakeword\dataset\negative\speech\1088_1088-134315-0047_neg_000.wav,librispeech,speech,0.000000,0.000283,0.000283
E:\SIH\ira-wakeword\dataset\negative\speech\1088_1088-134315-0048_neg_010.wav,librispeech,speech,0.000000,0.056069,0.056069
E:\SIH\ira-wakeword\dataset\negative\speech\1088_1088-134315-0049_neg_006.wav,librispeech,speech,0.000000,0.001798,0.001798
E:\SIH\ira-wakeword\dataset\negative\speech\1088_1088-134315-0049_neg_011.wav,librispeech,speech,0.000030,0.324335,0.324305
E:\SIH\ira-wakeword\dataset\negative\speech\1088_1088-134315-0050_neg_008.wav,librispeech,speech,0.000009,0.366829,0.366820
E:\SIH\ira-wakeword\dataset\negative\speech\1088_1088-134315-0050_neg_012.wav,librispeech,speech,0.000001,0.172067,0.172066
E:\SIH\ira-wakeword\dataset\negative\speech\1088_1088-134315-0052_neg_001.wav,librispeech,speech,0.000219,0.000481,0.000262
E:\SIH\ira-wakeword\dataset\negative\speech\1088_1088-134315-0052_neg_003.wav,librispeech,speech,0.000003,0.007129,0.007127
E:\SIH\ira-wakeword\dataset\negative\speech\1088_1088-134315-0052_neg_008.wav,librispeech,speech,0.000191,0.782796,0.782604
E:\SIH\ira-wakeword\dataset\negative\speech\1088_1088-134315-0053_neg_001.wav,librispeech,speech,0.000000,0.028214,0.028214
E:\SIH\ira-wakeword\dataset\negative\speech\1088_1088-134315-0054_neg_010.wav,librispeech,speech,0.000714,0.173517,0.172803
E:\SIH\ira-wakeword\dataset\negative\speech\1088_1088-134315-0054_neg_012.wav,librispeech,speech,0.000001,0.027754,0.027754
E:\SIH\ira-wakeword\dataset\negative\speech\1088_1088-134315-0056_neg_005.wav,librispeech,speech,0.000000,0.002640,0.002640
E:\SIH\ira-wakeword\dataset\negative\speech\1088_1088-134315-0056_neg_006.wav,librispeech,speech,0.000019,0.054986,0.054967
E:\SIH\ira-wakeword\dataset\negative\speech\1088_1088-134315-0056_neg_007.wav,librispeech,speech,0.000000,0.001357,0.001357
E:\SIH\ira-wakeword\dataset\negative\speech\1088_1088-134315-0058_neg_011.wav,librispeech,speech,0.000007,0.021622,0.021615
E:\SIH\ira-wakeword\dataset\negative\speech\1088_1088-134318-0000_neg_002.wav,librispeech,speech,0.000051,0.031462,0.031411
E:\SIH\ira-wakeword\dataset\negative\speech\1088_1088-134318-0000_neg_006.wav,librispeech,speech,0.000000,0.026859,0.026859
E:\SIH\ira-wakeword\dataset\negative\speech\1088_1088-134318-0000_neg_007.wav,librispeech,speech,0.000063,0.012223,0.012160
E:\SIH\ira-wakeword\dataset\negative\speech\1088_1088-134318-0001_neg_005.wav,librispeech,speech,0.000031,0.005836,0.005805
E:\SIH\ira-wakeword\dataset\negative\speech\1088_1088-134318-0003_neg_012.wav,librispeech,speech,0.012666,0.989173,0.976507
E:\SIH\ira-wakeword\dataset\negative\speech\1088_1088-134318-0004_neg_000.wav,librispeech,speech,0.000012,0.006766,0.006754
E:\SIH\ira-wakeword\dataset\negative\speech\1088_1088-134318-0004_neg_001.wav,librispeech,speech,0.000000,0.013126,0.013126
E:\SIH\ira-wakeword\dataset\negative\speech\1088_1088-134318-0005_neg_003.wav,librispeech,speech,0.000000,0.013051,0.013051
E:\SIH\ira-wakeword\dataset\negative\speech\1088_1088-134318-0006_neg_002.wav,librispeech,speech,0.000003,0.001035,0.001032
E:\SIH\ira-wakeword\dataset\negative\speech\1088_1088-134318-0006_neg_010.wav,librispeech,speech,0.000000,0.000397,0.000397
E:\SIH\ira-wakeword\dataset\negative\speech\1088_1088-134318-0006_neg_013.wav,librispeech,speech,0.000004,0.045294,0.045291
E:\SIH\ira-wakeword\dataset\negative\speech\1088_1088-134318-0007_neg_011.wav,librispeech,speech,0.000001,0.000680,0.000679
E:\SIH\ira-wakeword\dataset\negative\speech\1088_1088-134318-0008_neg_012.wav,librispeech,speech,0.000187,0.016193,0.016006
E:\SIH\ira-wakeword\dataset\negative\speech\1088_1088-134318-0008_neg_013.wav,librispeech,speech,0.000000,0.019030,0.019030
E:\SIH\ira-wakeword\dataset\negative\speech\1088_1088-134318-0009_neg_005.wav,librispeech,speech,0.000388,0.000527,0.000139
E:\SIH\ira-wakeword\dataset\negative\speech\1088_1088-134318-0009_neg_010.wav,librispeech,speech,0.000000,0.089147,0.089147
E:\SIH\ira-wakeword\dataset\negative\speech\1088_1088-134318-0010_neg_005.wav,librispeech,speech,0.000031,0.033615,0.033583
E:\SIH\ira-wakeword\dataset\negative\speech\1088_1088-134318-0010_neg_008.wav,librispeech,speech,0.000000,0.000464,0.000464
E:\SIH\ira-wakeword\dataset\negative\speech\1088_1088-134318-0010_neg_012.wav,librispeech,speech,0.000000,0.005771,0.005771
E:\SIH\ira-wakeword\dataset\negative\speech\1088_1088-134318-0011_neg_007.wav,librispeech,speech,0.000246,0.030232,0.029986
E:\SIH\ira-wakeword\dataset\negative\speech\1088_1088-134318-0012_neg_000.wav,librispeech,speech,0.000001,0.043917,0.043916
E:\SIH\ira-wakeword\dataset\negative\speech\1088_1088-134318-0012_neg_001.wav,librispeech,speech,0.000000,0.105054,0.105053
E:\SIH\ira-wakeword\dataset\negative\speech\1088_1088-134318-0012_neg_005.wav,librispeech,speech,0.000001,0.072395,0.072394
E:\SIH\ira-wakeword\dataset\negative\speech\1088_1088-134318-0012_neg_006.wav,librispeech,speech,0.002435,0.260649,0.258214
E:\SIH\ira-wakeword\dataset\negative\speech\1088_1088-134318-0012_neg_011.wav,librispeech,speech,0.000002,0.254928,0.254926
E:\SIH\ira-wakeword\dataset\negative\speech\1088_1088-134318-0013_neg_002.wav,librispeech,speech,0.000000,0.008789,0.008789
E:\SIH\ira-wakeword\dataset\negative\speech\1088_1088-134318-0013_neg_005.wav,librispeech,speech,0.000000,0.004097,0.004097
E:\SIH\ira-wakeword\dataset\negative\speech\1088_1088-134318-0014_neg_010.wav,librispeech,speech,0.000005,0.123672,0.123666
E:\SIH\ira-wakeword\dataset\negative\speech\1088_1088-134318-0015_neg_008.wav,librispeech,speech,0.000006,0.064503,0.064497
E:\SIH\ira-wakeword\dataset\negative\speech\1088_1088-134318-0015_neg_014.wav,librispeech,speech,0.000000,0.002305,0.002305
E:\SIH\ira-wakeword\dataset\negative\speech\1088_1088-134318-0016_neg_005.wav,librispeech,speech,0.000471,0.007677,0.007206
E:\SIH\ira-wakeword\dataset\negative\speech\1088_1088-134318-0016_neg_009.wav,librispeech,speech,0.009768,0.258151,0.248382
E:\SIH\ira-wakeword\dataset\negative\speech\1088_1088-134318-0017_neg_004.wav,librispeech,speech,0.000000,0.002101,0.002101
E:\SIH\ira-wakeword\dataset\negative\speech\1088_1088-134318-0017_neg_006.wav,librispeech,speech,0.000000,0.000594,0.000594
E:\SIH\ira-wakeword\dataset\negative\speech\1088_1088-134318-0018_neg_000.wav,librispeech,speech,0.000054,0.080078,0.080024
E:\SIH\ira-wakeword\dataset\negative\speech\1088_1088-134318-0018_neg_002.wav,librispeech,speech,0.000010,0.041015,0.041005
E:\SIH\ira-wakeword\dataset\negative\speech\1088_1088-134318-0018_neg_003.wav,librispeech,speech,0.000000,0.052679,0.052679
E:\SIH\ira-wakeword\dataset\negative\speech\1088_1088-134318-0018_neg_004.wav,librispeech,speech,0.000000,0.001002,0.001002
E:\SIH\ira-wakeword\dataset\negative\speech\1088_1088-134318-0018_neg_009.wav,librispeech,speech,0.001391,0.031983,0.030592
E:\SIH\ira-wakeword\dataset\negative\speech\1088_1088-134318-0018_neg_013.wav,librispeech,speech,0.000037,0.395411,0.395374
E:\SIH\ira-wakeword\dataset\negative\speech\1088_1088-134318-0019_neg_004.wav,librispeech,speech,0.000001,0.001603,0.001602
E:\SIH\ira-wakeword\dataset\negative\speech\1088_1088-134318-0021_neg_003.wav,librispeech,speech,0.000004,0.449582,0.449578
E:\SIH\ira-wakeword\dataset\negative\speech\1088_1088-134318-0021_neg_010.wav,librispeech,speech,0.000001,0.097671,0.097670
E:\SIH\ira-wakeword\dataset\negative\speech\1088_1088-134318-0021_neg_012.wav,librispeech,speech,0.000000,0.076088,0.076087
E:\SIH\ira-wakeword\dataset\negative\speech\1737_1737-146161-0000_neg_000.wav,librispeech,speech,0.000000,0.181568,0.181567
E:\SIH\ira-wakeword\dataset\negative\speech\1737_1737-146161-0000_neg_002.wav,librispeech,speech,0.000002,0.781694,0.781693
E:\SIH\ira-wakeword\dataset\negative\speech\1737_1737-146161-0000_neg_005.wav,librispeech,speech,0.000001,0.015746,0.015746
E:\SIH\ira-wakeword\dataset\negative\speech\1737_1737-146161-0000_neg_006.wav,librispeech,speech,0.000000,0.883061,0.883061
E:\SIH\ira-wakeword\dataset\negative\speech\1737_1737-146161-0000_neg_007.wav,librispeech,speech,0.000011,0.942561,0.942550
E:\SIH\ira-wakeword\dataset\negative\speech\1737_1737-146161-0000_neg_008.wav,librispeech,speech,0.000013,0.037068,0.037055
E:\SIH\ira-wakeword\dataset\negative\speech\1737_1737-146161-0000_neg_009.wav,librispeech,speech,0.000002,0.282005,0.282003
E:\SIH\ira-wakeword\dataset\negative\speech\1737_1737-146161-0000_neg_010.wav,librispeech,speech,0.000000,0.041806,0.041806
E:\SIH\ira-wakeword\dataset\negative\speech\1737_1737-146161-0001_neg_000.wav,librispeech,speech,0.006222,0.951117,0.944894
E:\SIH\ira-wakeword\dataset\negative\speech\1737_1737-146161-0001_neg_001.wav,librispeech,speech,0.000000,0.200689,0.200688
E:\SIH\ira-wakeword\dataset\negative\speech\1737_1737-146161-0001_neg_002.wav,librispeech,speech,0.000007,0.006515,0.006507
E:\SIH\ira-wakeword\dataset\negative\speech\1737_1737-146161-0001_neg_003.wav,librispeech,speech,0.000000,0.036051,0.036051
E:\SIH\ira-wakeword\dataset\negative\speech\1737_1737-146161-0001_neg_004.wav,librispeech,speech,0.000007,0.813764,0.813757
E:\SIH\ira-wakeword\dataset\negative\speech\1737_1737-146161-0001_neg_005.wav,librispeech,speech,0.000007,0.854916,0.854909
E:\SIH\ira-wakeword\dataset\negative\speech\1737_1737-146161-0001_neg_006.wav,librispeech,speech,0.000004,0.640604,0.640600
E:\SIH\ira-wakeword\dataset\negative\speech\1737_1737-146161-0001_neg_008.wav,librispeech,speech,0.000006,0.165943,0.165937
E:\SIH\ira-wakeword\dataset\negative\speech\1737_1737-146161-0001_neg_010.wav,librispeech,speech,0.000160,0.971529,0.971369
E:\SIH\ira-wakeword\dataset\negative\speech\1737_1737-146161-0001_neg_011.wav,librispeech,speech,0.000001,0.227667,0.227666
E:\SIH\ira-wakeword\dataset\negative\speech\1737_1737-146161-0001_neg_012.wav,librispeech,speech,0.000001,0.981241,0.981240
E:\SIH\ira-wakeword\dataset\negative\speech\1737_1737-146161-0001_neg_013.wav,librispeech,speech,0.000007,0.871055,0.871048
E:\SIH\ira-wakeword\dataset\negative\speech\1737_1737-146161-0001_neg_014.wav,librispeech,speech,0.000804,0.177070,0.176265
E:\SIH\ira-wakeword\dataset\negative\speech\1737_1737-146161-0001_neg_015.wav,librispeech,speech,0.000056,0.922873,0.922817
E:\SIH\ira-wakeword\dataset\negative\speech\1737_1737-146161-0002_neg_002.wav,librispeech,speech,0.000168,0.961363,0.961195
E:\SIH\ira-wakeword\dataset\negative\speech\1737_1737-146161-0002_neg_004.wav,librispeech,speech,0.000054,0.487429,0.487376
E:\SIH\ira-wakeword\dataset\negative\speech\1737_1737-146161-0002_neg_005.wav,librispeech,speech,0.000001,0.909478,0.909477
E:\SIH\ira-wakeword\dataset\negative\speech\1737_1737-146161-0002_neg_007.wav,librispeech,speech,0.000000,0.029464,0.029464
E:\SIH\ira-wakeword\dataset\negative\speech\1737_1737-146161-0002_neg_008.wav,librispeech,speech,0.000000,0.156115,0.156115
E:\SIH\ira-wakeword\dataset\negative\speech\1737_1737-146161-0002_neg_010.wav,librispeech,speech,0.000003,0.249794,0.249791
E:\SIH\ira-wakeword\dataset\negative\speech\1737_1737-146161-0002_neg_011.wav,librispeech,speech,0.000001,0.917328,0.917327
E:\SIH\ira-wakeword\dataset\negative\speech\1737_1737-146161-0002_neg_012.wav,librispeech,speech,0.000000,0.769610,0.769610
E:\SIH\ira-wakeword\dataset\negative\speech\1737_1737-146161-0002_neg_013.wav,librispeech,speech,0.000003,0.744436,0.744433
E:\SIH\ira-wakeword\dataset\negative\speech\1737_1737-146161-0002_neg_015.wav,librispeech,speech,0.000002,0.061889,0.061887
E:\SIH\ira-wakeword\dataset\negative\speech\1737_1737-146161-0003_neg_000.wav,librispeech,speech,0.000003,0.978927,0.978924
E:\SIH\ira-wakeword\dataset\negative\speech\1737_1737-146161-0003_neg_001.wav,librispeech,speech,0.000011,0.651415,0.651405
E:\SIH\ira-wakeword\dataset\negative\speech\1737_1737-146161-0003_neg_002.wav,librispeech,speech,0.000096,0.714522,0.714426
E:\SIH\ira-wakeword\dataset\negative\speech\1737_1737-146161-0003_neg_003.wav,librispeech,speech,0.000000,0.962662,0.962662
E:\SIH\ira-wakeword\dataset\negative\speech\1737_1737-146161-0003_neg_004.wav,librispeech,speech,0.000000,0.000698,0.000698
E:\SIH\ira-wakeword\dataset\negative\speech\1737_1737-146161-0003_neg_005.wav,librispeech,speech,0.000069,0.444446,0.444377
E:\SIH\ira-wakeword\dataset\negative\speech\1737_1737-146161-0003_neg_006.wav,librispeech,speech,0.000867,0.998936,0.998069
E:\SIH\ira-wakeword\dataset\negative\speech\1737_1737-146161-0003_neg_008.wav,librispeech,speech,0.000299,0.438826,0.438526
E:\SIH\ira-wakeword\dataset\negative\speech\1737_1737-146161-0003_neg_009.wav,librispeech,speech,0.000007,0.024747,0.024740
E:\SIH\ira-wakeword\dataset\negative\speech\1737_1737-146161-0003_neg_010.wav,librispeech,speech,0.000005,0.100437,0.100432
E:\SIH\ira-wakeword\dataset\negative\speech\1737_1737-146161-0003_neg_011.wav,librispeech,speech,0.000000,0.866770,0.866770
E:\SIH\ira-wakeword\dataset\negative\speech\1737_1737-146161-0003_neg_012.wav,librispeech,speech,0.000000,0.316295,0.316295
E:\SIH\ira-wakeword\dataset\negative\speech\1737_1737-146161-0003_neg_013.wav,librispeech,speech,0.000005,0.299204,0.299199
E:\SIH\ira-wakeword\dataset\negative\speech\1737_1737-146161-0004_neg_000.wav,librispeech,speech,0.000004,0.772838,0.772834
E:\SIH\ira-wakeword\dataset\negative\speech\1737_1737-146161-0004_neg_002.wav,librispeech,speech,0.000000,0.530079,0.530078
E:\SIH\ira-wakeword\dataset\negative\speech\1737_1737-146161-0004_neg_003.wav,librispeech,speech,0.000000,0.010023,0.010023
E:\SIH\ira-wakeword\dataset\negative\speech\1737_1737-146161-0004_neg_005.wav,librispeech,speech,0.000003,0.568331,0.568328
E:\SIH\ira-wakeword\dataset\negative\speech\1737_1737-146161-0004_neg_009.wav,librispeech,speech,0.000008,0.035269,0.035261
E:\SIH\ira-wakeword\dataset\negative\speech\1737_1737-146161-0004_neg_010.wav,librispeech,speech,0.000641,0.148520,0.147879
E:\SIH\ira-wakeword\dataset\negative\speech\1737_1737-146161-0004_neg_011.wav,librispeech,speech,0.000003,0.986047,0.986043
E:\SIH\ira-wakeword\dataset\negative\speech\1737_1737-146161-0004_neg_014.wav,librispeech,speech,0.000001,0.157856,0.157855
E:\SIH\ira-wakeword\dataset\negative\speech\1737_1737-146161-0005_neg_000.wav,librispeech,speech,0.000001,0.622280,0.622280
E:\SIH\ira-wakeword\dataset\negative\speech\1737_1737-146161-0005_neg_002.wav,librispeech,speech,0.000001,0.025114,0.025113
E:\SIH\ira-wakeword\dataset\negative\speech\1737_1737-146161-0005_neg_003.wav,librispeech,speech,0.000022,0.496986,0.496964
E:\SIH\ira-wakeword\dataset\negative\speech\1737_1737-146161-0005_neg_004.wav,librispeech,speech,0.000000,0.752457,0.752457
E:\SIH\ira-wakeword\dataset\negative\speech\1737_1737-146161-0005_neg_005.wav,librispeech,speech,0.000001,0.506905,0.506904
E:\SIH\ira-wakeword\dataset\negative\speech\1737_1737-146161-0005_neg_007.wav,librispeech,speech,0.000324,0.327089,0.326765
E:\SIH\ira-wakeword\dataset\negative\speech\1737_1737-146161-0005_neg_008.wav,librispeech,speech,0.000000,0.000310,0.000310
E:\SIH\ira-wakeword\dataset\negative\speech\1737_1737-146161-0005_neg_010.wav,librispeech,speech,0.000242,0.998769,0.998526
E:\SIH\ira-wakeword\dataset\negative\speech\1737_1737-146161-0005_neg_011.wav,librispeech,speech,0.000007,0.113274,0.113267
E:\SIH\ira-wakeword\dataset\negative\speech\1737_1737-146161-0005_neg_012.wav,librispeech,speech,0.000131,0.812507,0.812376
E:\SIH\ira-wakeword\dataset\negative\speech\1737_1737-146161-0005_neg_013.wav,librispeech,speech,0.000003,0.007066,0.007063
E:\SIH\ira-wakeword\dataset\negative\speech\1737_1737-146161-0005_neg_014.wav,librispeech,speech,0.000040,0.223380,0.223339
E:\SIH\ira-wakeword\dataset\negative\speech\1737_1737-146161-0006_neg_000.wav,librispeech,speech,0.000001,0.368373,0.368372
E:\SIH\ira-wakeword\dataset\negative\speech\1737_1737-146161-0006_neg_001.wav,librispeech,speech,0.000000,0.817955,0.817955
E:\SIH\ira-wakeword\dataset\negative\speech\1737_1737-146161-0006_neg_002.wav,librispeech,speech,0.000087,0.011544,0.011458
E:\SIH\ira-wakeword\dataset\negative\speech\1737_1737-146161-0006_neg_004.wav,librispeech,speech,0.000033,0.187701,0.187668
E:\SIH\ira-wakeword\dataset\negative\speech\1737_1737-146161-0006_neg_005.wav,librispeech,speech,0.000062,0.587269,0.587208
E:\SIH\ira-wakeword\dataset\negative\speech\1737_1737-146161-0006_neg_006.wav,librispeech,speech,0.000004,0.004914,0.004911
E:\SIH\ira-wakeword\dataset\negative\speech\1737_1737-146161-0006_neg_007.wav,librispeech,speech,0.000002,0.294113,0.294112
E:\SIH\ira-wakeword\dataset\negative\speech\1737_1737-146161-0007_neg_000.wav,librispeech,speech,0.000000,0.147483,0.147482
E:\SIH\ira-wakeword\dataset\negative\speech\1737_1737-146161-0008_neg_002.wav,librispeech,speech,0.000000,0.006169,0.006169
E:\SIH\ira-wakeword\dataset\negative\speech\1737_1737-146161-0008_neg_003.wav,librispeech,speech,0.000796,0.852350,0.851555
E:\SIH\ira-wakeword\dataset\negative\speech\1737_1737-146161-0008_neg_004.wav,librispeech,speech,0.000003,0.418481,0.418478
E:\SIH\ira-wakeword\dataset\negative\speech\1737_1737-146161-0008_neg_005.wav,librispeech,speech,0.000002,0.967687,0.967685
E:\SIH\ira-wakeword\dataset\negative\speech\1737_1737-146161-0008_neg_006.wav,librispeech,speech,0.000010,0.813444,0.813434
E:\SIH\ira-wakeword\dataset\negative\speech\1737_1737-146161-0008_neg_008.wav,librispeech,speech,0.000004,0.876414,0.876410
E:\SIH\ira-wakeword\dataset\negative\speech\1737_1737-146161-0008_neg_009.wav,librispeech,speech,0.000000,0.118690,0.118690
E:\SIH\ira-wakeword\dataset\negative\speech\1737_1737-146161-0008_neg_010.wav,librispeech,speech,0.000000,0.815933,0.815932
E:\SIH\ira-wakeword\dataset\negative\speech\1737_1737-146161-0008_neg_011.wav,librispeech,speech,0.000194,0.892979,0.892785
E:\SIH\ira-wakeword\dataset\negative\speech\1737_1737-146161-0008_neg_012.wav,librispeech,speech,0.000007,0.003847,0.003840
E:\SIH\ira-wakeword\dataset\negative\speech\1737_1737-146161-0008_neg_013.wav,librispeech,speech,0.000395,0.302211,0.301816
E:\SIH\ira-wakeword\dataset\negative\speech\1737_1737-146161-0009_neg_000.wav,librispeech,speech,0.000001,0.590577,0.590576
E:\SIH\ira-wakeword\dataset\negative\speech\1737_1737-146161-0010_neg_001.wav,librispeech,speech,0.000004,0.889027,0.889023
E:\SIH\ira-wakeword\dataset\negative\speech\1737_1737-146161-0010_neg_002.wav,librispeech,speech,0.000001,0.127593,0.127592
E:\SIH\ira-wakeword\dataset\negative\speech\1737_1737-146161-0010_neg_003.wav,librispeech,speech,0.000027,0.090112,0.090086
E:\SIH\ira-wakeword\dataset\negative\speech\1737_1737-146161-0011_neg_001.wav,librispeech,speech,0.000003,0.479951,0.479947
E:\SIH\ira-wakeword\dataset\negative\speech\1737_1737-146161-0011_neg_002.wav,librispeech,speech,0.000007,0.535214,0.535207
E:\SIH\ira-wakeword\dataset\negative\speech\1737_1737-146161-0011_neg_003.wav,librispeech,speech,0.000007,0.980831,0.980824
E:\SIH\ira-wakeword\dataset\negative\speech\1737_1737-146161-0011_neg_004.wav,librispeech,speech,0.000001,0.235280,0.235280
E:\SIH\ira-wakeword\dataset\negative\speech\1737_1737-146161-0011_neg_005.wav,librispeech,speech,0.000080,0.154540,0.154460
E:\SIH\ira-wakeword\dataset\negative\speech\1737_1737-146161-0011_neg_006.wav,librispeech,speech,0.000323,0.453560,0.453236
E:\SIH\ira-wakeword\dataset\negative\speech\1737_1737-146161-0011_neg_007.wav,librispeech,speech,0.000006,0.028897,0.028891
E:\SIH\ira-wakeword\dataset\negative\speech\1737_1737-146161-0012_neg_000.wav,librispeech,speech,0.000000,0.072400,0.072400
E:\SIH\ira-wakeword\dataset\negative\speech\1737_1737-146161-0012_neg_001.wav,librispeech,speech,0.003488,0.974900,0.971412
E:\SIH\ira-wakeword\dataset\negative\speech\1737_1737-146161-0012_neg_002.wav,librispeech,speech,0.000000,0.000678,0.000678
E:\SIH\ira-wakeword\dataset\negative\speech\1737_1737-146161-0012_neg_004.wav,librispeech,speech,0.000004,0.083764,0.083761
E:\SIH\ira-wakeword\dataset\negative\speech\1737_1737-146161-0012_neg_005.wav,librispeech,speech,0.001147,0.993893,0.992746
E:\SIH\ira-wakeword\dataset\negative\speech\1737_1737-146161-0012_neg_006.wav,librispeech,speech,0.000047,0.021788,0.021741
E:\SIH\ira-wakeword\dataset\negative\speech\1737_1737-146161-0012_neg_008.wav,librispeech,speech,0.000018,0.807057,0.807039
E:\SIH\ira-wakeword\dataset\negative\speech\1737_1737-146161-0012_neg_010.wav,librispeech,speech,0.000002,0.500062,0.500060
E:\SIH\ira-wakeword\dataset\negative\speech\1737_1737-146161-0012_neg_011.wav,librispeech,speech,0.000001,0.805368,0.805367
E:\SIH\ira-wakeword\dataset\negative\speech\1737_1737-146161-0012_neg_012.wav,librispeech,speech,0.000015,0.683614,0.683599
E:\SIH\ira-wakeword\dataset\negative\speech\1737_1737-146161-0012_neg_013.wav,librispeech,speech,0.000003,0.075744,0.075742
E:\SIH\ira-wakeword\dataset\negative\speech\1737_1737-146161-0012_neg_014.wav,librispeech,speech,0.000008,0.176762,0.176755
E:\SIH\ira-wakeword\dataset\negative\speech\1737_1737-146161-0013_neg_000.wav,librispeech,speech,0.000009,0.463331,0.463322
E:\SIH\ira-wakeword\dataset\negative\speech\1737_1737-146161-0013_neg_001.wav,librispeech,speech,0.000006,0.190985,0.190979
E:\SIH\ira-wakeword\dataset\negative\speech\1737_1737-146161-0013_neg_002.wav,librispeech,speech,0.000098,0.216625,0.216527
E:\SIH\ira-wakeword\dataset\negative\speech\1737_1737-146161-0014_neg_000.wav,librispeech,speech,0.000000,0.317556,0.317556
E:\SIH\ira-wakeword\dataset\negative\speech\1737_1737-146161-0014_neg_001.wav,librispeech,speech,0.000002,0.168626,0.168624
E:\SIH\ira-wakeword\dataset\negative\speech\1737_1737-146161-0014_neg_002.wav,librispeech,speech,0.000003,0.062201,0.062198
E:\SIH\ira-wakeword\dataset\negative\speech\1737_1737-146161-0014_neg_003.wav,librispeech,speech,0.000214,0.263427,0.263214
E:\SIH\ira-wakeword\dataset\negative\speech\1737_1737-146161-0014_neg_004.wav,librispeech,speech,0.000001,0.129402,0.129401
E:\SIH\ira-wakeword\dataset\negative\speech\1737_1737-146161-0014_neg_005.wav,librispeech,speech,0.000028,0.814843,0.814815
E:\SIH\ira-wakeword\dataset\negative\speech\1737_1737-146161-0015_neg_000.wav,librispeech,speech,0.000000,0.200137,0.200137
E:\SIH\ira-wakeword\dataset\negative\speech\1737_1737-146161-0015_neg_001.wav,librispeech,speech,0.000078,0.688671,0.688593
E:\SIH\ira-wakeword\dataset\negative\speech\1737_1737-146161-0015_neg_002.wav,librispeech,speech,0.000001,0.089570,0.089569
E:\SIH\ira-wakeword\dataset\negative\speech\1737_1737-146161-0015_neg_004.wav,librispeech,speech,0.000001,0.006713,0.006712
E:\SIH\ira-wakeword\dataset\negative\speech\1737_1737-146161-0015_neg_005.wav,librispeech,speech,0.000032,0.103513,0.103481
E:\SIH\ira-wakeword\dataset\negative\speech\1737_1737-146161-0015_neg_007.wav,librispeech,speech,0.000913,0.399242,0.398329
E:\SIH\ira-wakeword\dataset\negative\speech\1737_1737-146161-0015_neg_008.wav,librispeech,speech,0.000005,0.298088,0.298083
E:\SIH\ira-wakeword\dataset\negative\speech\1737_1737-146161-0016_neg_000.wav,librispeech,speech,0.000000,0.870730,0.870730
E:\SIH\ira-wakeword\dataset\negative\speech\1737_1737-146161-0016_neg_001.wav,librispeech,speech,0.000002,0.943396,0.943394
E:\SIH\ira-wakeword\dataset\negative\speech\1737_1737-146161-0016_neg_002.wav,librispeech,speech,0.000000,0.012014,0.012014
E:\SIH\ira-wakeword\dataset\negative\speech\1737_1737-146161-0016_neg_003.wav,librispeech,speech,0.000006,0.641798,0.641792
E:\SIH\ira-wakeword\dataset\negative\speech\1737_1737-146161-0016_neg_005.wav,librispeech,speech,0.000000,0.294394,0.294394
E:\SIH\ira-wakeword\dataset\negative\speech\1737_1737-146161-0016_neg_006.wav,librispeech,speech,0.000003,0.333689,0.333686
E:\SIH\ira-wakeword\dataset\negative\speech\1737_1737-146161-0016_neg_007.wav,librispeech,speech,0.000006,0.398003,0.397997
E:\SIH\ira-wakeword\dataset\negative\speech\1737_1737-146161-0016_neg_008.wav,librispeech,speech,0.000205,0.984411,0.984206
E:\SIH\ira-wakeword\dataset\negative\speech\1737_1737-146161-0016_neg_009.wav,librispeech,speech,0.000002,0.013637,0.013635
E:\SIH\ira-wakeword\dataset\negative\speech\1737_1737-146161-0016_neg_010.wav,librispeech,speech,0.000001,0.441344,0.441343
E:\SIH\ira-wakeword\dataset\negative\speech\1737_1737-146161-0016_neg_011.wav,librispeech,speech,0.000001,0.445570,0.445569
E:\SIH\ira-wakeword\dataset\negative\speech\1737_1737-146161-0016_neg_012.wav,librispeech,speech,0.000000,0.037244,0.037244
E:\SIH\ira-wakeword\dataset\negative\speech\1737_1737-146161-0016_neg_013.wav,librispeech,speech,0.000083,0.038024,0.037941
E:\SIH\ira-wakeword\dataset\negative\speech\1737_1737-146161-0017_neg_000.wav,librispeech,speech,0.000073,0.448162,0.448089
E:\SIH\ira-wakeword\dataset\negative\speech\1737_1737-146161-0017_neg_001.wav,librispeech,speech,0.000276,0.861337,0.861061
E:\SIH\ira-wakeword\dataset\negative\speech\1737_1737-146161-0017_neg_002.wav,librispeech,speech,0.000001,0.012857,0.012856
E:\SIH\ira-wakeword\dataset\negative\speech\1737_1737-146161-0017_neg_003.wav,librispeech,speech,0.000227,0.292729,0.292502
E:\SIH\ira-wakeword\dataset\negative\speech\1737_1737-146161-0017_neg_004.wav,librispeech,speech,0.000027,0.619380,0.619353
E:\SIH\ira-wakeword\dataset\negative\speech\1737_1737-146161-0017_neg_005.wav,librispeech,speech,0.000001,0.047379,0.047378
E:\SIH\ira-wakeword\dataset\negative\speech\1737_1737-146161-0017_neg_006.wav,librispeech,speech,0.000687,0.164725,0.164038
E:\SIH\ira-wakeword\dataset\negative\speech\5789_5789-70653-0000_neg_003.wav,librispeech,speech,0.000973,0.058469,0.057496
E:\SIH\ira-wakeword\dataset\negative\speech\5789_5789-70653-0000_neg_004.wav,librispeech,speech,0.000005,0.118069,0.118064
E:\SIH\ira-wakeword\dataset\negative\speech\5789_5789-70653-0000_neg_006.wav,librispeech,speech,0.000001,0.187994,0.187993
E:\SIH\ira-wakeword\dataset\negative\speech\5789_5789-70653-0000_neg_010.wav,librispeech,speech,0.000004,0.912682,0.912678
E:\SIH\ira-wakeword\dataset\negative\speech\5789_5789-70653-0001_neg_000.wav,librispeech,speech,0.000034,0.032729,0.032694
E:\SIH\ira-wakeword\dataset\negative\speech\5789_5789-70653-0001_neg_004.wav,librispeech,speech,0.000051,0.079390,0.079339
E:\SIH\ira-wakeword\dataset\negative\speech\5789_5789-70653-0001_neg_005.wav,librispeech,speech,0.000435,0.020612,0.020177
E:\SIH\ira-wakeword\dataset\negative\speech\5789_5789-70653-0001_neg_007.wav,librispeech,speech,0.000001,0.037013,0.037013
E:\SIH\ira-wakeword\dataset\negative\speech\5789_5789-70653-0001_neg_008.wav,librispeech,speech,0.000026,0.309895,0.309869
E:\SIH\ira-wakeword\dataset\negative\speech\5789_5789-70653-0001_neg_011.wav,librispeech,speech,0.000000,0.016646,0.016646
E:\SIH\ira-wakeword\dataset\negative\speech\5789_5789-70653-0001_neg_012.wav,librispeech,speech,0.000159,0.210262,0.210103
E:\SIH\ira-wakeword\dataset\negative\speech\5789_5789-70653-0002_neg_000.wav,librispeech,speech,0.000044,0.133185,0.133141
E:\SIH\ira-wakeword\dataset\negative\speech\5789_5789-70653-0002_neg_001.wav,librispeech,speech,0.000000,0.159271,0.159271
E:\SIH\ira-wakeword\dataset\negative\speech\5789_5789-70653-0002_neg_004.wav,librispeech,speech,0.000002,0.014844,0.014842
E:\SIH\ira-wakeword\dataset\negative\speech\5789_5789-70653-0002_neg_008.wav,librispeech,speech,0.000031,0.009809,0.009778
E:\SIH\ira-wakeword\dataset\negative\speech\5789_5789-70653-0002_neg_011.wav,librispeech,speech,0.000000,0.337169,0.337169
E:\SIH\ira-wakeword\dataset\negative\speech\5789_5789-70653-0003_neg_000.wav,librispeech,speech,0.000004,0.615257,0.615253
E:\SIH\ira-wakeword\dataset\negative\speech\5789_5789-70653-0003_neg_001.wav,librispeech,speech,0.000023,0.113036,0.113012
E:\SIH\ira-wakeword\dataset\negative\speech\5789_5789-70653-0003_neg_003.wav,librispeech,speech,0.000000,0.122666,0.122665
E:\SIH\ira-wakeword\dataset\negative\speech\5789_5789-70653-0003_neg_007.wav,librispeech,speech,0.000000,0.307014,0.307014
E:\SIH\ira-wakeword\dataset\negative\speech\5789_5789-70653-0003_neg_009.wav,librispeech,speech,0.001673,0.668331,0.666658
E:\SIH\ira-wakeword\dataset\negative\speech\5789_5789-70653-0003_neg_012.wav,librispeech,speech,0.036541,0.611170,0.574629
E:\SIH\ira-wakeword\dataset\negative\speech\5789_5789-70653-0003_neg_014.wav,librispeech,speech,0.010361,0.140241,0.129880
E:\SIH\ira-wakeword\dataset\negative\speech\5789_5789-70653-0004_neg_002.wav,librispeech,speech,0.000066,0.046243,0.046177
E:\SIH\ira-wakeword\dataset\negative\speech\5789_5789-70653-0004_neg_004.wav,librispeech,speech,0.000078,0.134409,0.134331
E:\SIH\ira-wakeword\dataset\negative\speech\5789_5789-70653-0004_neg_008.wav,librispeech,speech,0.099314,0.108003,0.008689
E:\SIH\ira-wakeword\dataset\negative\speech\5789_5789-70653-0004_neg_010.wav,librispeech,speech,0.000054,0.379953,0.379899
E:\SIH\ira-wakeword\dataset\negative\speech\5789_5789-70653-0004_neg_011.wav,librispeech,speech,0.001435,0.241561,0.240126
E:\SIH\ira-wakeword\dataset\negative\speech\5789_5789-70653-0005_neg_001.wav,librispeech,speech,0.000024,0.021265,0.021241
E:\SIH\ira-wakeword\dataset\negative\speech\5789_5789-70653-0005_neg_006.wav,librispeech,speech,0.000003,0.332084,0.332081
E:\SIH\ira-wakeword\dataset\negative\speech\5789_5789-70653-0005_neg_007.wav,librispeech,speech,0.000020,0.091909,0.091888
E:\SIH\ira-wakeword\dataset\negative\speech\5789_5789-70653-0006_neg_004.wav,librispeech,speech,0.000015,0.299855,0.299840
E:\SIH\ira-wakeword\dataset\negative\speech\5789_5789-70653-0007_neg_001.wav,librispeech,speech,0.000009,0.019042,0.019033
E:\SIH\ira-wakeword\dataset\negative\speech\5789_5789-70653-0007_neg_002.wav,librispeech,speech,0.005079,0.678291,0.673213
E:\SIH\ira-wakeword\dataset\negative\speech\5789_5789-70653-0007_neg_012.wav,librispeech,speech,0.000400,0.076475,0.076075
E:\SIH\ira-wakeword\dataset\negative\speech\5789_5789-70653-0008_neg_000.wav,librispeech,speech,0.426908,0.983737,0.556829
E:\SIH\ira-wakeword\dataset\negative\speech\5789_5789-70653-0008_neg_001.wav,librispeech,speech,0.014527,0.509375,0.494848
E:\SIH\ira-wakeword\dataset\negative\speech\5789_5789-70653-0008_neg_003.wav,librispeech,speech,0.000007,0.307684,0.307676
E:\SIH\ira-wakeword\dataset\negative\speech\5789_5789-70653-0008_neg_004.wav,librispeech,speech,0.000035,0.094752,0.094718
E:\SIH\ira-wakeword\dataset\negative\speech\5789_5789-70653-0008_neg_006.wav,librispeech,speech,0.000017,0.225858,0.225841
E:\SIH\ira-wakeword\dataset\negative\speech\5789_5789-70653-0008_neg_010.wav,librispeech,speech,0.000350,0.230064,0.229714
E:\SIH\ira-wakeword\dataset\negative\speech\5789_5789-70653-0009_neg_002.wav,librispeech,speech,0.008929,0.385903,0.376974
E:\SIH\ira-wakeword\dataset\negative\speech\5789_5789-70653-0009_neg_008.wav,librispeech,speech,0.000053,0.792058,0.792005
E:\SIH\ira-wakeword\dataset\negative\speech\5789_5789-70653-0009_neg_009.wav,librispeech,speech,0.000018,0.038615,0.038597
E:\SIH\ira-wakeword\dataset\negative\speech\5789_5789-70653-0010_neg_000.wav,librispeech,speech,0.000796,0.833549,0.832754
E:\SIH\ira-wakeword\dataset\negative\speech\5789_5789-70653-0010_neg_007.wav,librispeech,speech,0.000010,0.061878,0.061867
E:\SIH\ira-wakeword\dataset\negative\speech\5789_5789-70653-0010_neg_011.wav,librispeech,speech,0.000204,0.313531,0.313327
E:\SIH\ira-wakeword\dataset\negative\speech\5789_5789-70653-0010_neg_013.wav,librispeech,speech,0.000118,0.046076,0.045958
E:\SIH\ira-wakeword\dataset\negative\speech\5789_5789-70653-0010_neg_014.wav,librispeech,speech,0.005146,0.388189,0.383042
E:\SIH\ira-wakeword\dataset\negative\speech\5789_5789-70653-0011_neg_000.wav,librispeech,speech,0.000001,0.205357,0.205356
E:\SIH\ira-wakeword\dataset\negative\speech\5789_5789-70653-0011_neg_001.wav,librispeech,speech,0.000313,0.338155,0.337842
E:\SIH\ira-wakeword\dataset\negative\speech\5789_5789-70653-0011_neg_002.wav,librispeech,speech,0.004300,0.224206,0.219906
E:\SIH\ira-wakeword\dataset\negative\speech\5789_5789-70653-0011_neg_004.wav,librispeech,speech,0.000073,0.360015,0.359942
E:\SIH\ira-wakeword\dataset\negative\speech\5789_5789-70653-0011_neg_006.wav,librispeech,speech,0.000309,0.967179,0.966870
E:\SIH\ira-wakeword\dataset\negative\speech\5789_5789-70653-0012_neg_000.wav,librispeech,speech,0.001966,0.955154,0.953188
E:\SIH\ira-wakeword\dataset\negative\speech\5789_5789-70653-0012_neg_001.wav,librispeech,speech,0.000010,0.064624,0.064614
E:\SIH\ira-wakeword\dataset\negative\speech\5789_5789-70653-0013_neg_003.wav,librispeech,speech,0.000036,0.584823,0.584787
E:\SIH\ira-wakeword\dataset\negative\speech\5789_5789-70653-0014_neg_006.wav,librispeech,speech,0.000076,0.027399,0.027323
E:\SIH\ira-wakeword\dataset\negative\speech\5789_5789-70653-0014_neg_007.wav,librispeech,speech,0.000011,0.252689,0.252678
E:\SIH\ira-wakeword\dataset\negative\speech\5789_5789-70653-0014_neg_011.wav,librispeech,speech,0.002716,0.340430,0.337714
E:\SIH\ira-wakeword\dataset\negative\speech\5789_5789-70653-0015_neg_001.wav,librispeech,speech,0.000047,0.172181,0.172134
E:\SIH\ira-wakeword\dataset\negative\speech\5789_5789-70653-0015_neg_010.wav,librispeech,speech,0.000001,0.054578,0.054577
E:\SIH\ira-wakeword\dataset\negative\speech\5789_5789-70653-0015_neg_012.wav,librispeech,speech,0.024032,0.382785,0.358753
E:\SIH\ira-wakeword\dataset\negative\speech\5789_5789-70653-0015_neg_014.wav,librispeech,speech,0.007230,0.710668,0.703439
E:\SIH\ira-wakeword\dataset\negative\speech\5789_5789-70653-0016_neg_000.wav,librispeech,speech,0.000216,0.421805,0.421589
E:\SIH\ira-wakeword\dataset\negative\speech\5789_5789-70653-0016_neg_001.wav,librispeech,speech,0.000005,0.172089,0.172084
E:\SIH\ira-wakeword\dataset\negative\speech\5789_5789-70653-0016_neg_002.wav,librispeech,speech,0.293411,0.173266,-0.120145
E:\SIH\ira-wakeword\dataset\negative\speech\5789_5789-70653-0016_neg_004.wav,librispeech,speech,0.000036,0.047054,0.047018
E:\SIH\ira-wakeword\dataset\negative\speech\5789_5789-70653-0016_neg_005.wav,librispeech,speech,0.000000,0.016076,0.016076
E:\SIH\ira-wakeword\dataset\negative\speech\5789_5789-70653-0016_neg_008.wav,librispeech,speech,0.028685,0.054523,0.025838
E:\SIH\ira-wakeword\dataset\negative\speech\5789_5789-70653-0016_neg_010.wav,librispeech,speech,0.000026,0.214618,0.214593
E:\SIH\ira-wakeword\dataset\negative\speech\5789_5789-70653-0017_neg_004.wav,librispeech,speech,0.005610,0.900303,0.894694
E:\SIH\ira-wakeword\dataset\negative\speech\5789_5789-70653-0017_neg_006.wav,librispeech,speech,0.000009,0.339378,0.339369
E:\SIH\ira-wakeword\dataset\negative\speech\5789_5789-70653-0017_neg_010.wav,librispeech,speech,0.000021,0.163764,0.163742
E:\SIH\ira-wakeword\dataset\negative\speech\5789_5789-70653-0017_neg_011.wav,librispeech,speech,0.000109,0.280108,0.279999
E:\SIH\ira-wakeword\dataset\negative\speech\5789_5789-70653-0019_neg_004.wav,librispeech,speech,0.000001,0.106487,0.106486
E:\SIH\ira-wakeword\dataset\negative\speech\5789_5789-70653-0020_neg_000.wav,librispeech,speech,0.007308,0.005950,-0.001358
E:\SIH\ira-wakeword\dataset\negative\speech\5789_5789-70653-0020_neg_002.wav,librispeech,speech,0.000001,0.006352,0.006351
E:\SIH\ira-wakeword\dataset\negative\speech\5789_5789-70653-0020_neg_003.wav,librispeech,speech,0.000000,0.000296,0.000296
E:\SIH\ira-wakeword\dataset\negative\speech\5789_5789-70653-0020_neg_004.wav,librispeech,speech,0.000003,0.654363,0.654360
E:\SIH\ira-wakeword\dataset\negative\speech\5789_5789-70653-0020_neg_005.wav,librispeech,speech,0.000018,0.078679,0.078661
E:\SIH\ira-wakeword\dataset\negative\speech\5789_5789-70653-0020_neg_006.wav,librispeech,speech,0.000103,0.840397,0.840294
E:\SIH\ira-wakeword\dataset\negative\speech\5789_5789-70653-0020_neg_009.wav,librispeech,speech,0.073486,0.055215,-0.018271
E:\SIH\ira-wakeword\dataset\negative\speech\5789_5789-70653-0021_neg_000.wav,librispeech,speech,0.000002,0.720591,0.720589
E:\SIH\ira-wakeword\dataset\negative\speech\5789_5789-70653-0021_neg_003.wav,librispeech,speech,0.000009,0.462277,0.462267
E:\SIH\ira-wakeword\dataset\negative\speech\5789_5789-70653-0021_neg_006.wav,librispeech,speech,0.003294,0.931699,0.928405
E:\SIH\ira-wakeword\dataset\negative\speech\5789_5789-70653-0022_neg_002.wav,librispeech,speech,0.003165,0.002896,-0.000270
E:\SIH\ira-wakeword\dataset\negative\speech\5789_5789-70653-0022_neg_005.wav,librispeech,speech,0.000019,0.173483,0.173464
E:\SIH\ira-wakeword\dataset\negative\speech\5789_5789-70653-0022_neg_006.wav,librispeech,speech,0.001771,0.462890,0.461119
E:\SIH\ira-wakeword\dataset\negative\speech\5789_5789-70653-0022_neg_010.wav,librispeech,speech,0.000013,0.015133,0.015120
E:\SIH\ira-wakeword\dataset\negative\speech\5789_5789-70653-0023_neg_002.wav,librispeech,speech,0.000000,0.089886,0.089886
E:\SIH\ira-wakeword\dataset\negative\speech\5789_5789-70653-0023_neg_003.wav,librispeech,speech,0.000026,0.942556,0.942530
E:\SIH\ira-wakeword\dataset\negative\speech\5789_5789-70653-0023_neg_005.wav,librispeech,speech,0.000007,0.074314,0.074308
E:\SIH\ira-wakeword\dataset\negative\speech\5789_5789-70653-0024_neg_008.wav,librispeech,speech,0.000142,0.212500,0.212358
E:\SIH\ira-wakeword\dataset\negative\speech\5789_5789-70653-0024_neg_009.wav,librispeech,speech,0.007506,0.272628,0.265122
E:\SIH\ira-wakeword\dataset\negative\speech\5789_5789-70653-0024_neg_010.wav,librispeech,speech,0.000160,0.271554,0.271394
E:\SIH\ira-wakeword\dataset\negative\speech\5789_5789-70653-0025_neg_000.wav,librispeech,speech,0.000063,0.912901,0.912838
E:\SIH\ira-wakeword\dataset\negative\speech\5789_5789-70653-0025_neg_002.wav,librispeech,speech,0.000001,0.023737,0.023737
E:\SIH\ira-wakeword\dataset\negative\speech\5789_5789-70653-0025_neg_006.wav,librispeech,speech,0.064322,0.063372,-0.000950
E:\SIH\ira-wakeword\dataset\negative\speech\5789_5789-70653-0026_neg_002.wav,librispeech,speech,0.000018,0.008561,0.008542
E:\SIH\ira-wakeword\dataset\negative\speech\5789_5789-70653-0026_neg_004.wav,librispeech,speech,0.000001,0.677226,0.677225
E:\SIH\ira-wakeword\dataset\negative\speech\5789_5789-70653-0026_neg_009.wav,librispeech,speech,0.000003,0.042940,0.042937
E:\SIH\ira-wakeword\dataset\negative\speech\5789_5789-70653-0026_neg_014.wav,librispeech,speech,0.009265,0.702669,0.693404
E:\SIH\ira-wakeword\dataset\negative\speech\5789_5789-70653-0027_neg_001.wav,librispeech,speech,0.000168,0.034139,0.033971
E:\SIH\ira-wakeword\dataset\negative\speech\5789_5789-70653-0027_neg_007.wav,librispeech,speech,0.000006,0.058194,0.058189
E:\SIH\ira-wakeword\dataset\negative\speech\5789_5789-70653-0027_neg_009.wav,librispeech,speech,0.000001,0.838665,0.838664
E:\SIH\ira-wakeword\dataset\negative\speech\5789_5789-70653-0027_neg_010.wav,librispeech,speech,0.000000,0.011773,0.011772
E:\SIH\ira-wakeword\dataset\negative\speech\5789_5789-70653-0028_neg_006.wav,librispeech,speech,0.000020,0.906274,0.906253
E:\SIH\ira-wakeword\dataset\negative\speech\5789_5789-70653-0028_neg_008.wav,librispeech,speech,0.016448,0.116144,0.099695
E:\SIH\ira-wakeword\dataset\negative\speech\5789_5789-70653-0028_neg_010.wav,librispeech,speech,0.000006,0.219770,0.219764
E:\SIH\ira-wakeword\dataset\negative\speech\5789_5789-70653-0028_neg_011.wav,librispeech,speech,0.000689,0.117538,0.116849
E:\SIH\ira-wakeword\dataset\negative\speech\5789_5789-70653-0028_neg_013.wav,librispeech,speech,0.000011,0.013565,0.013554
E:\SIH\ira-wakeword\dataset\negative\speech\5789_5789-70653-0029_neg_000.wav,librispeech,speech,0.105520,0.959364,0.853844
E:\SIH\ira-wakeword\dataset\negative\speech\5789_5789-70653-0029_neg_007.wav,librispeech,speech,0.000007,0.730293,0.730286
E:\SIH\ira-wakeword\dataset\negative\speech\5789_5789-70653-0029_neg_008.wav,librispeech,speech,0.024499,0.750311,0.725812
E:\SIH\ira-wakeword\dataset\negative\speech\5789_5789-70653-0029_neg_010.wav,librispeech,speech,0.429903,0.944683,0.514779
E:\SIH\ira-wakeword\dataset\negative\speech\5789_5789-70653-0030_neg_001.wav,librispeech,speech,0.000099,0.074730,0.074632
E:\SIH\ira-wakeword\dataset\negative\speech\5789_5789-70653-0030_neg_006.wav,librispeech,speech,0.000004,0.201186,0.201183
E:\SIH\ira-wakeword\dataset\negative\speech\5789_5789-70653-0030_neg_010.wav,librispeech,speech,0.018261,0.666987,0.648726
E:\SIH\ira-wakeword\dataset\negative\speech\5789_5789-70653-0030_neg_011.wav,librispeech,speech,0.000363,0.062000,0.061637
E:\SIH\ira-wakeword\dataset\negative\speech\5789_5789-70653-0031_neg_000.wav,librispeech,speech,0.000072,0.157502,0.157430
E:\SIH\ira-wakeword\dataset\negative\speech\5789_5789-70653-0031_neg_007.wav,librispeech,speech,0.000055,0.069720,0.069665
E:\SIH\ira-wakeword\dataset\negative\speech\5789_5789-70653-0031_neg_012.wav,librispeech,speech,0.000000,0.008765,0.008764
E:\SIH\ira-wakeword\dataset\negative\speech\5789_5789-70653-0031_neg_013.wav,librispeech,speech,0.000308,0.306502,0.306194
E:\SIH\ira-wakeword\dataset\negative\speech\5789_5789-70653-0032_neg_007.wav,librispeech,speech,0.000009,0.502272,0.502263
E:\SIH\ira-wakeword\dataset\negative\speech\5789_5789-70653-0032_neg_009.wav,librispeech,speech,0.000032,0.077923,0.077891
E:\SIH\ira-wakeword\dataset\negative\speech\5789_5789-70653-0033_neg_004.wav,librispeech,speech,0.000021,0.476129,0.476108
E:\SIH\ira-wakeword\dataset\negative\speech\5789_5789-70653-0033_neg_008.wav,librispeech,speech,0.048434,0.566592,0.518158
E:\SIH\ira-wakeword\dataset\negative\speech\5789_5789-70653-0033_neg_009.wav,librispeech,speech,0.000013,0.694531,0.694518
E:\SIH\ira-wakeword\dataset\negative\speech\5789_5789-70653-0033_neg_011.wav,librispeech,speech,0.000002,0.052660,0.052657
E:\SIH\ira-wakeword\dataset\negative\speech\5789_5789-70653-0033_neg_012.wav,librispeech,speech,0.000004,0.042275,0.042271
E:\SIH\ira-wakeword\dataset\negative\speech\5789_5789-70653-0034_neg_002.wav,librispeech,speech,0.000015,0.008022,0.008007
E:\SIH\ira-wakeword\dataset\negative\speech\5789_5789-70653-0034_neg_004.wav,librispeech,speech,0.000021,0.016853,0.016832
E:\SIH\ira-wakeword\dataset\negative\speech\5789_5789-70653-0034_neg_011.wav,librispeech,speech,0.032561,0.073723,0.041162
E:\SIH\ira-wakeword\dataset\negative\speech\5789_5789-70653-0035_neg_000.wav,librispeech,speech,0.000125,0.242061,0.241936
E:\SIH\ira-wakeword\dataset\negative\speech\5789_5789-70653-0035_neg_004.wav,librispeech,speech,0.000501,0.951648,0.951147
E:\SIH\ira-wakeword\dataset\negative\speech\5789_5789-70653-0035_neg_008.wav,librispeech,speech,0.022332,0.320367,0.298035
E:\SIH\ira-wakeword\dataset\negative\speech\5789_5789-70653-0035_neg_012.wav,librispeech,speech,0.000038,0.766763,0.766726
E:\SIH\ira-wakeword\dataset\negative\speech\5789_5789-70653-0036_neg_000.wav,librispeech,speech,0.002786,0.785643,0.782857
E:\SIH\ira-wakeword\dataset\negative\speech\5789_5789-70653-0036_neg_004.wav,librispeech,speech,0.000005,0.106636,0.106631
E:\SIH\ira-wakeword\dataset\negative\speech\5789_5789-70653-0036_neg_006.wav,librispeech,speech,0.000000,0.509974,0.509974
E:\SIH\ira-wakeword\dataset\negative\speech\5789_5789-70653-0036_neg_010.wav,librispeech,speech,0.000008,0.579634,0.579627
E:\SIH\ira-wakeword\dataset\negative\speech\5789_5789-70653-0036_neg_011.wav,librispeech,speech,0.000005,0.015653,0.015648
E:\SIH\ira-wakeword\dataset\negative\speech\6848_6848-252323-0000_neg_002.wav,librispeech,speech,0.000015,0.032140,0.032125
E:\SIH\ira-wakeword\dataset\negative\speech\6848_6848-252323-0000_neg_011.wav,librispeech,speech,0.000071,0.088183,0.088113
E:\SIH\ira-wakeword\dataset\negative\speech\6848_6848-252323-0001_neg_003.wav,librispeech,speech,0.055215,0.588617,0.533402
E:\SIH\ira-wakeword\dataset\negative\speech\6848_6848-252323-0002_neg_002.wav,librispeech,speech,0.001427,0.095408,0.093981
E:\SIH\ira-wakeword\dataset\negative\speech\6848_6848-252323-0003_neg_002.wav,librispeech,speech,0.002259,0.384751,0.382491
E:\SIH\ira-wakeword\dataset\negative\speech\6848_6848-252323-0003_neg_005.wav,librispeech,speech,0.000037,0.027022,0.026985
E:\SIH\ira-wakeword\dataset\negative\speech\6848_6848-252323-0003_neg_007.wav,librispeech,speech,0.000068,0.116044,0.115976
E:\SIH\ira-wakeword\dataset\negative\speech\6848_6848-252323-0003_neg_009.wav,librispeech,speech,0.000336,0.003938,0.003602
E:\SIH\ira-wakeword\dataset\negative\speech\6848_6848-252323-0004_neg_000.wav,librispeech,speech,0.002180,0.155773,0.153593
E:\SIH\ira-wakeword\dataset\negative\speech\6848_6848-252323-0004_neg_004.wav,librispeech,speech,0.000010,0.034499,0.034489
E:\SIH\ira-wakeword\dataset\negative\speech\6848_6848-252323-0004_neg_008.wav,librispeech,speech,0.000046,0.150243,0.150197
E:\SIH\ira-wakeword\dataset\negative\speech\6848_6848-252323-0004_neg_011.wav,librispeech,speech,0.002189,0.850417,0.848228
E:\SIH\ira-wakeword\dataset\negative\speech\6848_6848-252323-0004_neg_012.wav,librispeech,speech,0.000014,0.078392,0.078379
E:\SIH\ira-wakeword\dataset\negative\speech\6848_6848-252323-0005_neg_000.wav,librispeech,speech,0.000223,0.020049,0.019826
E:\SIH\ira-wakeword\dataset\negative\speech\6848_6848-252323-0005_neg_005.wav,librispeech,speech,0.000021,0.227006,0.226985
E:\SIH\ira-wakeword\dataset\negative\speech\6848_6848-252323-0005_neg_007.wav,librispeech,speech,0.000666,0.005714,0.005047
E:\SIH\ira-wakeword\dataset\negative\speech\6848_6848-252323-0005_neg_009.wav,librispeech,speech,0.000019,0.021596,0.021577
E:\SIH\ira-wakeword\dataset\negative\speech\6848_6848-252323-0005_neg_014.wav,librispeech,speech,0.001837,0.079340,0.077504
E:\SIH\ira-wakeword\dataset\negative\speech\6848_6848-252323-0006_neg_004.wav,librispeech,speech,0.000014,0.025123,0.025110
E:\SIH\ira-wakeword\dataset\negative\speech\6848_6848-252323-0007_neg_002.wav,librispeech,speech,0.000004,0.010686,0.010682
E:\SIH\ira-wakeword\dataset\negative\speech\6848_6848-252323-0007_neg_003.wav,librispeech,speech,0.000005,0.010547,0.010543
E:\SIH\ira-wakeword\dataset\negative\speech\6848_6848-252323-0007_neg_010.wav,librispeech,speech,0.890271,0.597018,-0.293254
E:\SIH\ira-wakeword\dataset\negative\speech\6848_6848-252323-0007_neg_011.wav,librispeech,speech,0.000038,0.116561,0.116523
E:\SIH\ira-wakeword\dataset\negative\speech\6848_6848-252323-0008_neg_004.wav,librispeech,speech,0.016431,0.184868,0.168437
E:\SIH\ira-wakeword\dataset\negative\speech\6848_6848-252323-0008_neg_006.wav,librispeech,speech,0.001287,0.296379,0.295092
E:\SIH\ira-wakeword\dataset\negative\speech\6848_6848-252323-0008_neg_011.wav,librispeech,speech,0.150895,0.255282,0.104386
E:\SIH\ira-wakeword\dataset\negative\speech\6848_6848-252323-0008_neg_013.wav,librispeech,speech,0.000126,0.287805,0.287680
E:\SIH\ira-wakeword\dataset\negative\speech\6848_6848-252323-0008_neg_014.wav,librispeech,speech,0.000022,0.028557,0.028536
E:\SIH\ira-wakeword\dataset\negative\speech\6848_6848-252323-0009_neg_000.wav,librispeech,speech,0.000124,0.171354,0.171231
E:\SIH\ira-wakeword\dataset\negative\speech\6848_6848-252323-0009_neg_006.wav,librispeech,speech,0.000054,0.003241,0.003188
E:\SIH\ira-wakeword\dataset\negative\speech\6848_6848-252323-0009_neg_012.wav,librispeech,speech,0.000406,0.037380,0.036974
E:\SIH\ira-wakeword\dataset\negative\speech\6848_6848-252323-0009_neg_015.wav,librispeech,speech,0.001601,0.090389,0.088788
E:\SIH\ira-wakeword\dataset\negative\speech\6848_6848-252323-0010_neg_000.wav,librispeech,speech,0.000060,0.024796,0.024735
E:\SIH\ira-wakeword\dataset\negative\speech\6848_6848-252323-0010_neg_001.wav,librispeech,speech,0.000012,0.007100,0.007087
E:\SIH\ira-wakeword\dataset\negative\speech\6848_6848-252323-0010_neg_006.wav,librispeech,speech,0.000020,0.015626,0.015606
E:\SIH\ira-wakeword\dataset\negative\speech\6848_6848-252323-0010_neg_012.wav,librispeech,speech,0.000532,0.325121,0.324589
E:\SIH\ira-wakeword\dataset\negative\speech\6848_6848-252323-0010_neg_014.wav,librispeech,speech,0.004105,0.093845,0.089739
E:\SIH\ira-wakeword\dataset\negative\speech\6848_6848-252323-0011_neg_001.wav,librispeech,speech,0.000004,0.003714,0.003710
E:\SIH\ira-wakeword\dataset\negative\speech\6848_6848-252323-0011_neg_002.wav,librispeech,speech,0.000032,0.103419,0.103387
E:\SIH\ira-wakeword\dataset\negative\speech\6848_6848-252323-0011_neg_004.wav,librispeech,speech,0.251740,0.185210,-0.066530
E:\SIH\ira-wakeword\dataset\negative\speech\6848_6848-252323-0011_neg_011.wav,librispeech,speech,0.000776,0.432352,0.431575
E:\SIH\ira-wakeword\dataset\negative\speech\6848_6848-252323-0011_neg_012.wav,librispeech,speech,0.000001,0.879767,0.879766
E:\SIH\ira-wakeword\dataset\negative\speech\6848_6848-252323-0012_neg_008.wav,librispeech,speech,0.007660,0.018965,0.011306
E:\SIH\ira-wakeword\dataset\negative\speech\6848_6848-252323-0012_neg_010.wav,librispeech,speech,0.000001,0.009144,0.009143
E:\SIH\ira-wakeword\dataset\negative\speech\6848_6848-252323-0012_neg_011.wav,librispeech,speech,0.000010,0.045258,0.045248
E:\SIH\ira-wakeword\dataset\negative\speech\6848_6848-252323-0013_neg_004.wav,librispeech,speech,0.000010,0.000486,0.000475
E:\SIH\ira-wakeword\dataset\negative\speech\6848_6848-252323-0013_neg_006.wav,librispeech,speech,0.000566,0.045771,0.045204
E:\SIH\ira-wakeword\dataset\negative\speech\6848_6848-252323-0014_neg_000.wav,librispeech,speech,0.000012,0.145456,0.145444
E:\SIH\ira-wakeword\dataset\negative\speech\6848_6848-252323-0014_neg_001.wav,librispeech,speech,0.000010,0.176401,0.176391
E:\SIH\ira-wakeword\dataset\negative\speech\6848_6848-252323-0014_neg_004.wav,librispeech,speech,0.001526,0.345376,0.343850
E:\SIH\ira-wakeword\dataset\negative\speech\6848_6848-252323-0015_neg_007.wav,librispeech,speech,0.000029,0.065104,0.065075
E:\SIH\ira-wakeword\dataset\negative\speech\6848_6848-252323-0015_neg_008.wav,librispeech,speech,0.000001,0.002484,0.002483
E:\SIH\ira-wakeword\dataset\negative\speech\6848_6848-252323-0015_neg_014.wav,librispeech,speech,0.000183,0.589732,0.589550
E:\SIH\ira-wakeword\dataset\negative\speech\6848_6848-252323-0016_neg_000.wav,librispeech,speech,0.000052,0.154356,0.154304
E:\SIH\ira-wakeword\dataset\negative\speech\6848_6848-252323-0016_neg_001.wav,librispeech,speech,0.000054,0.155797,0.155743
E:\SIH\ira-wakeword\dataset\negative\speech\6848_6848-252323-0016_neg_003.wav,librispeech,speech,0.000003,0.038978,0.038974
E:\SIH\ira-wakeword\dataset\negative\speech\6848_6848-252323-0016_neg_012.wav,librispeech,speech,0.000226,0.017984,0.017758
E:\SIH\ira-wakeword\dataset\negative\speech\6848_6848-252323-0017_neg_003.wav,librispeech,speech,0.000005,0.016108,0.016104
E:\SIH\ira-wakeword\dataset\negative\speech\6848_6848-252323-0017_neg_013.wav,librispeech,speech,0.000215,0.074323,0.074108
E:\SIH\ira-wakeword\dataset\negative\speech\6848_6848-252323-0017_neg_014.wav,librispeech,speech,0.001218,0.161952,0.160734
E:\SIH\ira-wakeword\dataset\negative\speech\6848_6848-252323-0018_neg_001.wav,librispeech,speech,0.000001,0.006756,0.006755
E:\SIH\ira-wakeword\dataset\negative\speech\6848_6848-252323-0018_neg_002.wav,librispeech,speech,0.000021,0.002750,0.002729
E:\SIH\ira-wakeword\dataset\negative\speech\6848_6848-252323-0018_neg_005.wav,librispeech,speech,0.000026,0.011004,0.010978
E:\SIH\ira-wakeword\dataset\negative\speech\6848_6848-252323-0018_neg_008.wav,librispeech,speech,0.000098,0.009579,0.009480
E:\SIH\ira-wakeword\dataset\negative\speech\6848_6848-252323-0018_neg_011.wav,librispeech,speech,0.000082,0.044911,0.044829
E:\SIH\ira-wakeword\dataset\negative\speech\6848_6848-252323-0019_neg_007.wav,librispeech,speech,0.014046,0.304393,0.290347
E:\SIH\ira-wakeword\dataset\negative\speech\6848_6848-252323-0020_neg_008.wav,librispeech,speech,0.767675,0.010762,-0.756913
E:\SIH\ira-wakeword\dataset\negative\speech\6848_6848-252323-0020_neg_010.wav,librispeech,speech,0.000117,0.335196,0.335079
E:\SIH\ira-wakeword\dataset\negative\speech\6848_6848-252323-0021_neg_009.wav,librispeech,speech,0.000119,0.065541,0.065422
E:\SIH\ira-wakeword\dataset\negative\speech\6848_6848-252323-0021_neg_011.wav,librispeech,speech,0.000126,0.771974,0.771847
E:\SIH\ira-wakeword\dataset\negative\speech\6848_6848-252323-0022_neg_002.wav,librispeech,speech,0.000109,0.106478,0.106369
E:\SIH\ira-wakeword\dataset\negative\speech\6848_6848-252323-0022_neg_004.wav,librispeech,speech,0.000038,0.041536,0.041497
E:\SIH\ira-wakeword\dataset\negative\speech\6848_6848-252323-0022_neg_007.wav,librispeech,speech,0.000003,0.034271,0.034267
E:\SIH\ira-wakeword\dataset\negative\speech\6848_6848-252323-0022_neg_011.wav,librispeech,speech,0.000013,0.002228,0.002215
E:\SIH\ira-wakeword\dataset\negative\speech\6848_6848-252323-0023_neg_001.wav,librispeech,speech,0.000011,0.001891,0.001880
E:\SIH\ira-wakeword\dataset\negative\speech\6848_6848-252323-0023_neg_003.wav,librispeech,speech,0.000901,0.129276,0.128375
E:\SIH\ira-wakeword\dataset\negative\speech\6848_6848-252323-0023_neg_004.wav,librispeech,speech,0.055524,0.055616,0.000092
E:\SIH\ira-wakeword\dataset\negative\speech\6848_6848-252323-0023_neg_005.wav,librispeech,speech,0.000095,0.010053,0.009958
E:\SIH\ira-wakeword\dataset\negative\speech\6848_6848-252323-0023_neg_007.wav,librispeech,speech,0.000153,0.006954,0.006802
E:\SIH\ira-wakeword\dataset\negative\speech\6848_6848-252323-0023_neg_008.wav,librispeech,speech,0.000048,0.001741,0.001693
E:\SIH\ira-wakeword\dataset\negative\speech\6848_6848-252323-0024_neg_010.wav,librispeech,speech,0.000080,0.003701,0.003621
E:\SIH\ira-wakeword\dataset\negative\speech\6848_6848-252323-0024_neg_011.wav,librispeech,speech,0.000168,0.033454,0.033287
E:\SIH\ira-wakeword\dataset\negative\speech\6848_6848-252323-0024_neg_013.wav,librispeech,speech,0.001202,0.547467,0.546264
E:\SIH\ira-wakeword\dataset\negative\speech\6848_6848-252323-0025_neg_002.wav,librispeech,speech,0.005250,0.971251,0.966002
E:\SIH\ira-wakeword\dataset\negative\speech\6848_6848-252323-0025_neg_007.wav,librispeech,speech,0.000007,0.013929,0.013923
E:\SIH\ira-wakeword\dataset\negative\speech\6848_6848-252323-0025_neg_008.wav,librispeech,speech,0.000725,0.152547,0.151822
E:\SIH\ira-wakeword\dataset\negative\speech\6848_6848-252323-0025_neg_009.wav,librispeech,speech,0.004148,0.117765,0.113617
E:\SIH\ira-wakeword\dataset\negative\speech\6848_6848-252323-0026_neg_000.wav,librispeech,speech,0.000002,0.010790,0.010788
E:\SIH\ira-wakeword\dataset\negative\speech\6848_6848-252323-0026_neg_012.wav,librispeech,speech,0.005079,0.308566,0.303488
E:\SIH\ira-wakeword\dataset\negative\speech\6848_6848-252323-0027_neg_000.wav,librispeech,speech,0.000047,0.178721,0.178674
E:\SIH\ira-wakeword\dataset\negative\speech\6848_6848-252323-0027_neg_001.wav,librispeech,speech,0.000003,0.015575,0.015572
E:\SIH\ira-wakeword\dataset\negative\speech\6848_6848-252323-0027_neg_004.wav,librispeech,speech,0.000030,0.303229,0.303199
E:\SIH\ira-wakeword\dataset\negative\speech\6848_6848-252323-0027_neg_006.wav,librispeech,speech,0.000001,0.282671,0.282670
E:\SIH\ira-wakeword\dataset\negative\speech\6848_6848-252323-0027_neg_008.wav,librispeech,speech,0.000000,0.277312,0.277312
E:\SIH\ira-wakeword\dataset\negative\speech\6848_6848-252323-0028_neg_001.wav,librispeech,speech,0.000019,0.002068,0.002049
E:\SIH\ira-wakeword\dataset\negative\speech\6848_6848-252323-0028_neg_007.wav,librispeech,speech,0.313054,0.286880,-0.026173
E:\SIH\ira-wakeword\dataset\negative\speech\6848_6848-252323-0028_neg_008.wav,librispeech,speech,0.000002,0.089330,0.089328
E:\SIH\ira-wakeword\dataset\negative\speech\6848_6848-252323-0028_neg_009.wav,librispeech,speech,0.000013,0.150533,0.150520
E:\SIH\ira-wakeword\dataset\negative\speech\6848_6848-252323-0029_neg_000.wav,librispeech,speech,0.000027,0.349331,0.349305
E:\SIH\ira-wakeword\dataset\negative\speech\6848_6848-252323-0029_neg_005.wav,librispeech,speech,0.000001,0.011097,0.011096
E:\SIH\ira-wakeword\dataset\negative\speech\6848_6848-252323-0029_neg_006.wav,librispeech,speech,0.000005,0.002774,0.002769
E:\SIH\ira-wakeword\dataset\negative\speech\6848_6848-252323-0029_neg_007.wav,librispeech,speech,0.000037,0.243054,0.243017
E:\SIH\ira-wakeword\dataset\negative\speech\6848_6848-252323-0029_neg_008.wav,librispeech,speech,0.000040,0.010906,0.010866
E:\SIH\ira-wakeword\dataset\negative\speech\6848_6848-252323-0029_neg_009.wav,librispeech,speech,0.000000,0.004003,0.004003
E:\SIH\ira-wakeword\dataset\negative\speech\6848_6848-252323-0029_neg_011.wav,librispeech,speech,0.000018,0.001689,0.001671
E:\SIH\ira-wakeword\dataset\negative\speech\6848_6848-252323-0029_neg_012.wav,librispeech,speech,0.000005,0.153770,0.153765
E:\SIH\ira-wakeword\dataset\negative\speech\6848_6848-252323-0030_neg_000.wav,librispeech,speech,0.000003,0.017985,0.017982
E:\SIH\ira-wakeword\dataset\negative\speech\6848_6848-252323-0030_neg_001.wav,librispeech,speech,0.000086,0.062359,0.062273
E:\SIH\ira-wakeword\dataset\negative\speech\6848_6848-252323-0030_neg_006.wav,librispeech,speech,0.000013,0.690262,0.690250
E:\SIH\ira-wakeword\dataset\negative\speech\6848_6848-252323-0030_neg_007.wav,librispeech,speech,0.000105,0.025406,0.025301
E:\SIH\ira-wakeword\dataset\negative\speech\6848_6848-252323-0030_neg_013.wav,librispeech,speech,0.000002,0.001749,0.001747
E:\SIH\ira-wakeword\dataset\negative\speech\6848_6848-252323-0030_neg_014.wav,librispeech,speech,0.000041,0.010395,0.010354
E:\SIH\ira-wakeword\dataset\negative\speech\6848_6848-252323-0031_neg_004.wav,librispeech,speech,0.000017,0.003766,0.003750
E:\SIH\ira-wakeword\dataset\negative\speech\6848_6848-252323-0031_neg_005.wav,librispeech,speech,0.000007,0.003487,0.003480
E:\SIH\ira-wakeword\dataset\negative\speech\6848_6848-252323-0031_neg_007.wav,librispeech,speech,0.000564,0.114396,0.113832
E:\SIH\ira-wakeword\dataset\negative\speech\6848_6848-252323-0031_neg_008.wav,librispeech,speech,0.000001,0.698416,0.698415
E:\SIH\ira-wakeword\dataset\negative\speech\6848_6848-252323-0032_neg_003.wav,librispeech,speech,0.000531,0.026866,0.026334
E:\SIH\ira-wakeword\dataset\negative\speech\6848_6848-252323-0032_neg_007.wav,librispeech,speech,0.000007,0.028504,0.028497
E:\SIH\ira-wakeword\dataset\negative\speech\6848_6848-252323-0032_neg_012.wav,librispeech,speech,0.003031,0.403983,0.400952
E:\SIH\ira-wakeword\dataset\negative\speech\6848_6848-252323-0032_neg_014.wav,librispeech,speech,0.000038,0.051590,0.051552
E:\SIH\ira-wakeword\dataset\negative\speech\6848_6848-252323-0033_neg_000.wav,librispeech,speech,0.000031,0.006717,0.006686
E:\SIH\ira-wakeword\dataset\negative\speech\6848_6848-252323-0033_neg_003.wav,librispeech,speech,0.000007,0.071267,0.071260
E:\SIH\ira-wakeword\dataset\negative\speech\6848_6848-252323-0033_neg_012.wav,librispeech,speech,0.000029,0.043740,0.043711
E:\SIH\ira-wakeword\dataset\negative\speech\6848_6848-252323-0034_neg_001.wav,librispeech,speech,0.000003,0.009949,0.009946
E:\SIH\ira-wakeword\dataset\negative\speech\6848_6848-252323-0034_neg_002.wav,librispeech,speech,0.013394,0.539220,0.525826
E:\SIH\ira-wakeword\dataset\negative\speech\6848_6848-252323-0034_neg_008.wav,librispeech,speech,0.000046,0.038995,0.038950
E:\SIH\ira-wakeword\dataset\negative\speech\6848_6848-252323-0034_neg_011.wav,librispeech,speech,0.000313,0.033544,0.033231
E:\SIH\ira-wakeword\dataset\negative\speech\6848_6848-252323-0035_neg_000.wav,librispeech,speech,0.000848,0.080152,0.079304
E:\SIH\ira-wakeword\dataset\negative\speech\6848_6848-252323-0035_neg_001.wav,librispeech,speech,0.001868,0.013252,0.011384
E:\SIH\ira-wakeword\dataset\negative\speech\6848_6848-252323-0035_neg_011.wav,librispeech,speech,0.000185,0.389526,0.389341
E:\SIH\ira-wakeword\dataset\negative\speech\6848_6848-252323-0036_neg_005.wav,librispeech,speech,0.000060,0.069090,0.069029
E:\SIH\ira-wakeword\dataset\negative\speech\6848_6848-252323-0037_neg_001.wav,librispeech,speech,0.000001,0.004065,0.004064
E:\SIH\ira-wakeword\dataset\negative\speech\6848_6848-252323-0037_neg_008.wav,librispeech,speech,0.000012,0.002400,0.002388
E:\SIH\ira-wakeword\dataset\negative\speech\6848_6848-252323-0038_neg_003.wav,librispeech,speech,0.000278,0.036513,0.036235
E:\SIH\ira-wakeword\dataset\negative\speech\6848_6848-252323-0039_neg_002.wav,librispeech,speech,0.000002,0.001057,0.001055
E:\SIH\ira-wakeword\dataset\negative\speech\6848_6848-252323-0039_neg_003.wav,librispeech,speech,0.000061,0.178472,0.178410
E:\SIH\ira-wakeword\dataset\negative\speech\6848_6848-252323-0039_neg_013.wav,librispeech,speech,0.000321,0.112368,0.112047
E:\SIH\ira-wakeword\dataset\negative\speech\6848_6848-252323-0040_neg_000.wav,librispeech,speech,0.000004,0.008938,0.008934
E:\SIH\ira-wakeword\dataset\negative\speech\6848_6848-252323-0040_neg_001.wav,librispeech,speech,0.000228,0.119252,0.119024
E:\SIH\ira-wakeword\dataset\negative\speech\6848_6848-252323-0040_neg_003.wav,librispeech,speech,0.000024,0.010888,0.010864
E:\SIH\ira-wakeword\dataset\negative\speech\6848_6848-252323-0040_neg_007.wav,librispeech,speech,0.000106,0.010049,0.009943
E:\SIH\ira-wakeword\dataset\negative\speech\6848_6848-252323-0040_neg_010.wav,librispeech,speech,0.000282,0.753258,0.752975
E:\SIH\ira-wakeword\dataset\negative\speech\6848_6848-252323-0040_neg_012.wav,librispeech,speech,0.000003,0.008994,0.008990
E:\SIH\ira-wakeword\dataset\negative\background\background_00038.wav,synthetic_noise,ambient,0.054257,0.000864,-0.053394
E:\SIH\ira-wakeword\dataset\negative\background\background_00047.wav,synthetic_noise,ambient,0.000000,0.000467,0.000467
E:\SIH\ira-wakeword\dataset\negative\background\background_00049.wav,synthetic_noise,ambient,0.000000,0.000039,0.000039
E:\SIH\ira-wakeword\dataset\negative\background\background_00050.wav,synthetic_noise,ambient,0.000000,0.000035,0.000035
E:\SIH\ira-wakeword\dataset\negative\background\background_00055.wav,synthetic_noise,ambient,0.000016,0.003465,0.003449
E:\SIH\ira-wakeword\dataset\negative\background\background_00059.wav,synthetic_noise,ambient,0.013552,0.000243,-0.013309
E:\SIH\ira-wakeword\dataset\negative\background\background_00092.wav,synthetic_noise,ambient,0.000000,0.000072,0.000072
E:\SIH\ira-wakeword\dataset\negative\background\background_00093.wav,synthetic_noise,ambient,0.000048,0.003728,0.003680
E:\SIH\ira-wakeword\dataset\negative\background\background_00106.wav,synthetic_noise,ambient,0.000000,0.000382,0.000382
E:\SIH\ira-wakeword\dataset\negative\background\background_00108.wav,synthetic_noise,ambient,0.006057,0.000253,-0.005804
E:\SIH\ira-wakeword\dataset\negative\background\background_00119.wav,synthetic_noise,ambient,0.000000,0.000001,0.000001
E:\SIH\ira-wakeword\dataset\negative\background\background_00120.wav,synthetic_noise,ambient,0.000000,0.000115,0.000115
E:\SIH\ira-wakeword\dataset\negative\background\background_00124.wav,synthetic_noise,ambient,0.000000,0.000290,0.000289
E:\SIH\ira-wakeword\dataset\negative\background\background_00134.wav,synthetic_noise,ambient,0.000000,0.000004,0.000004
E:\SIH\ira-wakeword\dataset\negative\background\background_00171.wav,synthetic_noise,ambient,0.009880,0.000168,-0.009712
E:\SIH\ira-wakeword\dataset\negative\background\background_00173.wav,synthetic_noise,ambient,0.000000,0.000857,0.000857
E:\SIH\ira-wakeword\dataset\negative\background\background_00174.wav,synthetic_noise,ambient,0.000425,0.001753,0.001328
E:\SIH\ira-wakeword\dataset\negative\background\background_00181.wav,synthetic_noise,ambient,0.008002,0.048088,0.040086
E:\SIH\ira-wakeword\dataset\negative\background\background_00182.wav,synthetic_noise,ambient,0.000000,0.000118,0.000118
E:\SIH\ira-wakeword\dataset\negative\background\background_00183.wav,synthetic_noise,ambient,0.000000,0.000001,0.000001
E:\SIH\ira-wakeword\dataset\negative\background\background_00186.wav,synthetic_noise,ambient,0.000084,0.000146,0.000062
E:\SIH\ira-wakeword\dataset\negative\background\background_00202.wav,synthetic_noise,ambient,0.000205,0.000343,0.000138
E:\SIH\ira-wakeword\dataset\negative\background\background_00203.wav,synthetic_noise,ambient,0.000000,0.000004,0.000004
E:\SIH\ira-wakeword\dataset\negative\background\background_00207.wav,synthetic_noise,ambient,0.000415,0.005799,0.005384
E:\SIH\ira-wakeword\dataset\negative\background\background_00234.wav,synthetic_noise,ambient,0.030742,0.001188,-0.029554
E:\SIH\ira-wakeword\dataset\negative\background\background_00235.wav,synthetic_noise,ambient,0.000038,0.000169,0.000131
E:\SIH\ira-wakeword\dataset\negative\background\background_00246.wav,synthetic_noise,ambient,0.000000,0.000033,0.000033
E:\SIH\ira-wakeword\dataset\negative\background\background_00247.wav,synthetic_noise,ambient,0.000201,0.000597,0.000395
E:\SIH\ira-wakeword\dataset\negative\background\background_00253.wav,synthetic_noise,ambient,0.000000,0.000003,0.000003
E:\SIH\ira-wakeword\dataset\negative\background\background_00257.wav,synthetic_noise,ambient,0.000000,0.001247,0.001247
E:\SIH\ira-wakeword\dataset\negative\background\background_00271.wav,synthetic_noise,ambient,0.000000,0.000934,0.000934
E:\SIH\ira-wakeword\dataset\negative\background\background_00283.wav,synthetic_noise,ambient,0.013825,0.000334,-0.013491
E:\SIH\ira-wakeword\dataset\negative\background\background_00291.wav,synthetic_noise,ambient,0.000257,0.000170,-0.000087
E:\SIH\ira-wakeword\dataset\negative\background\background_00294.wav,synthetic_noise,ambient,0.000000,0.000485,0.000485
E:\SIH\ira-wakeword\dataset\negative\background\background_00305.wav,synthetic_noise,ambient,0.000770,0.001060,0.000290
E:\SIH\ira-wakeword\dataset\negative\background\background_00315.wav,synthetic_noise,ambient,0.000000,0.000001,0.000001
E:\SIH\ira-wakeword\dataset\negative\background\background_00339.wav,synthetic_noise,ambient,0.010560,0.000220,-0.010340
E:\SIH\ira-wakeword\dataset\negative\background\background_00344.wav,synthetic_noise,ambient,0.000000,0.000003,0.000003
E:\SIH\ira-wakeword\dataset\negative\background\background_00346.wav,synthetic_noise,ambient,0.001616,0.000141,-0.001474
E:\SIH\ira-wakeword\dataset\negative\background\background_00368.wav,synthetic_noise,ambient,0.000008,0.000165,0.000158
E:\SIH\ira-wakeword\dataset\negative\background\background_00369.wav,synthetic_noise,ambient,0.000000,0.000371,0.000371
E:\SIH\ira-wakeword\dataset\negative\background\background_00371.wav,synthetic_noise,ambient,0.000000,0.000007,0.000007
E:\SIH\ira-wakeword\dataset\negative\background\background_00374.wav,synthetic_noise,ambient,0.026264,0.000603,-0.025661
E:\SIH\ira-wakeword\dataset\negative\background\background_00387.wav,synthetic_noise,ambient,0.001055,0.008647,0.007592
E:\SIH\ira-wakeword\dataset\negative\background\background_00394.wav,synthetic_noise,ambient,0.000053,0.000113,0.000059
E:\SIH\ira-wakeword\dataset\negative\background\background_00414.wav,synthetic_noise,ambient,0.000000,0.000008,0.000008
E:\SIH\ira-wakeword\dataset\negative\background\background_00416.wav,synthetic_noise,ambient,0.010020,0.000175,-0.009844
E:\SIH\ira-wakeword\dataset\negative\background\background_00421.wav,synthetic_noise,ambient,0.000000,0.000002,0.000002
E:\SIH\ira-wakeword\dataset\negative\background\background_00476.wav,synthetic_noise,ambient,0.000000,0.000010,0.000010
E:\SIH\ira-wakeword\dataset\negative\background\background_00478.wav,synthetic_noise,ambient,0.002856,0.018956,0.016100
E:\SIH\ira-wakeword\dataset\negative\background\background_00484.wav,synthetic_noise,ambient,0.000000,0.000006,0.000006
E:\SIH\ira-wakeword\dataset\negative\background\background_00490.wav,synthetic_noise,ambient,0.000000,0.000005,0.000005
E:\SIH\ira-wakeword\dataset\negative\background\background_00502.wav,synthetic_noise,ambient,0.000000,0.000248,0.000248
E:\SIH\ira-wakeword\dataset\negative\background\background_00504.wav,synthetic_noise,ambient,0.000000,0.000250,0.000250
E:\SIH\ira-wakeword\dataset\negative\background\background_00523.wav,synthetic_noise,ambient,0.000000,0.000471,0.000470
E:\SIH\ira-wakeword\dataset\negative\background\background_00526.wav,synthetic_noise,ambient,0.000000,0.000003,0.000003
E:\SIH\ira-wakeword\dataset\negative\background\background_00528.wav,synthetic_noise,ambient,0.011698,0.000095,-0.011602
E:\SIH\ira-wakeword\dataset\negative\background\background_00551.wav,synthetic_noise,ambient,0.000000,0.001367,0.001367
E:\SIH\ira-wakeword\dataset\negative\background\background_00563.wav,synthetic_noise,ambient,0.004903,0.000113,-0.004791
E:\SIH\ira-wakeword\dataset\negative\background\background_00568.wav,synthetic_noise,ambient,0.000000,0.000048,0.000048
E:\SIH\ira-wakeword\dataset\negative\background\background_00584.wav,synthetic_noise,ambient,0.005373,0.000078,-0.005295
E:\SIH\ira-wakeword\dataset\negative\background\background_00610.wav,synthetic_noise,ambient,0.000000,0.000004,0.000004
E:\SIH\ira-wakeword\dataset\negative\background\background_00623.wav,synthetic_noise,ambient,0.000000,0.000011,0.000011
E:\SIH\ira-wakeword\dataset\negative\background\background_00628.wav,synthetic_noise,ambient,0.000000,0.002312,0.002312
E:\SIH\ira-wakeword\dataset\negative\background\background_00632.wav,synthetic_noise,ambient,0.000021,0.000040,0.000020
E:\SIH\ira-wakeword\dataset\negative\background\background_00649.wav,synthetic_noise,ambient,0.000000,0.001095,0.001095
E:\SIH\ira-wakeword\dataset\negative\background\background_00651.wav,synthetic_noise,ambient,0.000000,0.000015,0.000015
E:\SIH\ira-wakeword\dataset\negative\background\background_00655.wav,synthetic_noise,ambient,0.000117,0.002256,0.002139
E:\SIH\ira-wakeword\dataset\negative\background\background_00656.wav,synthetic_noise,ambient,0.000000,0.000830,0.000830
E:\SIH\ira-wakeword\dataset\negative\background\background_00663.wav,synthetic_noise,ambient,0.000000,0.000217,0.000217
E:\SIH\ira-wakeword\dataset\negative\background\background_00666.wav,synthetic_noise,ambient,0.000000,0.000001,0.000001
E:\SIH\ira-wakeword\dataset\negative\background\background_00691.wav,synthetic_noise,ambient,0.000000,0.000587,0.000587
E:\SIH\ira-wakeword\dataset\negative\background\background_00694.wav,synthetic_noise,ambient,0.000000,0.000009,0.000009
E:\SIH\ira-wakeword\dataset\negative\background\background_00696.wav,synthetic_noise,ambient,0.002949,0.000223,-0.002725
E:\SIH\ira-wakeword\dataset\negative\background\background_00764.wav,synthetic_noise,ambient,0.000000,0.000012,0.000012
E:\SIH\ira-wakeword\dataset\negative\background\background_00769.wav,synthetic_noise,ambient,0.000073,0.000057,-0.000016
E:\SIH\ira-wakeword\dataset\negative\background\background_00772.wav,synthetic_noise,ambient,0.003883,0.001587,-0.002296
E:\SIH\ira-wakeword\dataset\negative\background\background_00782.wav,synthetic_noise,ambient,0.000000,0.000295,0.000294
E:\SIH\ira-wakeword\dataset\negative\background\background_00788.wav,synthetic_noise,ambient,0.000114,0.000045,-0.000069
E:\SIH\ira-wakeword\dataset\negative\background\background_00793.wav,synthetic_noise,ambient,0.000017,0.000172,0.000155
E:\SIH\ira-wakeword\dataset\negative\background\background_00798.wav,synthetic_noise,ambient,0.000000,0.000226,0.000226
E:\SIH\ira-wakeword\dataset\negative\background\background_00809.wav,synthetic_noise,ambient,0.001483,0.000932,-0.000550
E:\SIH\ira-wakeword\dataset\negative\background\background_00822.wav,synthetic_noise,ambient,0.005285,0.000130,-0.005155
E:\SIH\ira-wakeword\dataset\negative\background\background_00833.wav,synthetic_noise,ambient,0.000000,0.000010,0.000010
E:\SIH\ira-wakeword\dataset\negative\background\background_00834.wav,synthetic_noise,ambient,0.000000,0.000005,0.000005
E:\SIH\ira-wakeword\dataset\negative\background\background_00838.wav,synthetic_noise,ambient,0.000000,0.000543,0.000543
E:\SIH\ira-wakeword\dataset\negative\background\background_00845.wav,synthetic_noise,ambient,0.000000,0.000265,0.000264
E:\SIH\ira-wakeword\dataset\negative\background\background_00849.wav,synthetic_noise,ambient,0.000650,0.000092,-0.000557
E:\SIH\ira-wakeword\dataset\negative\background\background_00895.wav,synthetic_noise,ambient,0.000183,0.000027,-0.000156
E:\SIH\ira-wakeword\dataset\negative\background\background_00907.wav,synthetic_noise,ambient,0.000010,0.000049,0.000038
E:\SIH\ira-wakeword\dataset\negative\background\background_00909.wav,synthetic_noise,ambient,0.000029,0.000043,0.000014
E:\SIH\ira-wakeword\dataset\negative\background\background_00913.wav,synthetic_noise,ambient,0.018761,0.000399,-0.018362
E:\SIH\ira-wakeword\dataset\negative\background\background_00919.wav,synthetic_noise,ambient,0.000102,0.000057,-0.000045
E:\SIH\ira-wakeword\dataset\negative\background\background_00921.wav,synthetic_noise,ambient,0.000151,0.012093,0.011942
E:\SIH\ira-wakeword\dataset\negative\background\background_00926.wav,synthetic_noise,ambient,0.000072,0.000420,0.000348
E:\SIH\ira-wakeword\dataset\negative\background\background_00943.wav,synthetic_noise,ambient,0.000000,0.000827,0.000827
E:\SIH\ira-wakeword\dataset\negative\background\background_00951.wav,synthetic_noise,ambient,0.000294,0.000296,0.000001
E:\SIH\ira-wakeword\dataset\negative\background\background_00973.wav,synthetic_noise,ambient,0.000000,0.000014,0.000014
E:\SIH\ira-wakeword\dataset\negative\background\background_00974.wav,synthetic_noise,ambient,0.000000,0.000004,0.000004
E:\SIH\ira-wakeword\dataset\negative\background\background_00991.wav,synthetic_noise,ambient,0.000412,0.004934,0.004522
E:\SIH\ira-wakeword\dataset\negative\background\background_01006.wav,synthetic_noise,ambient,0.000000,0.000503,0.000503
E:\SIH\ira-wakeword\dataset\negative\background\background_01009.wav,synthetic_noise,ambient,0.000000,0.000013,0.000013
E:\SIH\ira-wakeword\dataset\negative\background\background_01024.wav,synthetic_noise,ambient,0.000064,0.000228,0.000164
E:\SIH\ira-wakeword\dataset\negative\background\background_01029.wav,synthetic_noise,ambient,0.000000,0.000006,0.000006
E:\SIH\ira-wakeword\dataset\negative\background\background_01033.wav,synthetic_noise,ambient,0.000104,0.000922,0.000818
E:\SIH\ira-wakeword\dataset\negative\background\background_01041.wav,synthetic_noise,ambient,0.000000,0.000666,0.000666
E:\SIH\ira-wakeword\dataset\negative\background\background_01068.wav,synthetic_noise,ambient,0.000053,0.000086,0.000032
E:\SIH\ira-wakeword\dataset\negative\background\background_01081.wav,synthetic_noise,ambient,0.007583,0.000799,-0.006784
E:\SIH\ira-wakeword\dataset\negative\background\background_01089.wav,synthetic_noise,ambient,0.000432,0.000429,-0.000004
E:\SIH\ira-wakeword\dataset\negative\background\background_01092.wav,synthetic_noise,ambient,0.000000,0.000007,0.000007
E:\SIH\ira-wakeword\dataset\negative\background\background_01106.wav,synthetic_noise,ambient,0.000000,0.000001,0.000001
E:\SIH\ira-wakeword\dataset\negative\background\background_01107.wav,synthetic_noise,ambient,0.000000,0.000005,0.000005
E:\SIH\ira-wakeword\dataset\negative\background\background_01109.wav,synthetic_noise,ambient,0.015230,0.001126,-0.014103
E:\SIH\ira-wakeword\dataset\negative\background\background_01132.wav,synthetic_noise,ambient,0.000000,0.000320,0.000320
E:\SIH\ira-wakeword\dataset\negative\background\background_01134.wav,synthetic_noise,ambient,0.000000,0.000032,0.000032
E:\SIH\ira-wakeword\dataset\negative\background\background_01136.wav,synthetic_noise,ambient,0.000405,0.001233,0.000828
E:\SIH\ira-wakeword\dataset\negative\background\background_01145.wav,synthetic_noise,ambient,0.000029,0.000258,0.000229
E:\SIH\ira-wakeword\dataset\negative\background\background_01149.wav,synthetic_noise,ambient,0.000000,0.000002,0.000002
E:\SIH\ira-wakeword\dataset\negative\background\background_01158.wav,synthetic_noise,ambient,0.002257,0.000183,-0.002075
E:\SIH\ira-wakeword\dataset\negative\background\background_01163.wav,synthetic_noise,ambient,0.000000,0.000003,0.000003
E:\SIH\ira-wakeword\dataset\negative\background\background_01167.wav,synthetic_noise,ambient,0.000000,0.000466,0.000466
E:\SIH\ira-wakeword\dataset\negative\background\background_01171.wav,synthetic_noise,ambient,0.006925,0.021320,0.014394
E:\SIH\ira-wakeword\dataset\negative\background\background_01181.wav,synthetic_noise,ambient,0.000000,0.000793,0.000792
E:\SIH\ira-wakeword\dataset\negative\background\background_01186.wav,synthetic_noise,ambient,0.020793,0.000181,-0.020612
E:\SIH\ira-wakeword\dataset\negative\background\background_01200.wav,synthetic_noise,ambient,0.007103,0.000340,-0.006763
E:\SIH\ira-wakeword\dataset\negative\background\background_01206.wav,synthetic_noise,ambient,0.000639,0.000401,-0.000238
E:\SIH\ira-wakeword\dataset\negative\background\background_01222.wav,synthetic_noise,ambient,0.000338,0.000016,-0.000322
E:\SIH\ira-wakeword\dataset\negative\background\background_01240.wav,synthetic_noise,ambient,0.000000,0.000067,0.000067
E:\SIH\ira-wakeword\dataset\negative\background\background_01242.wav,synthetic_noise,ambient,0.033813,0.000474,-0.033339
E:\SIH\ira-wakeword\dataset\negative\background\background_01258.wav,synthetic_noise,ambient,0.000000,0.000613,0.000613
E:\SIH\ira-wakeword\dataset\negative\background\background_01267.wav,synthetic_noise,ambient,0.000000,0.000233,0.000233
E:\SIH\ira-wakeword\dataset\negative\background\background_01277.wav,synthetic_noise,ambient,0.007029,0.000134,-0.006896
E:\SIH\ira-wakeword\dataset\negative\background\background_01279.wav,synthetic_noise,ambient,0.000000,0.000441,0.000441
E:\SIH\ira-wakeword\dataset\negative\background\background_01290.wav,synthetic_noise,ambient,0.000317,0.000474,0.000157
E:\SIH\ira-wakeword\dataset\negative\background\background_01297.wav,synthetic_noise,ambient,0.000272,0.001029,0.000757
E:\SIH\ira-wakeword\dataset\negative\background\background_01302.wav,synthetic_noise,ambient,0.000000,0.000043,0.000043
E:\SIH\ira-wakeword\dataset\negative\background\background_01303.wav,synthetic_noise,ambient,0.000000,0.000001,0.000001
E:\SIH\ira-wakeword\dataset\negative\background\background_01318.wav,synthetic_noise,ambient,0.000189,0.009500,0.009311
E:\SIH\ira-wakeword\dataset\negative\background\background_01321.wav,synthetic_noise,ambient,0.000000,0.000225,0.000225
E:\SIH\ira-wakeword\dataset\negative\background\background_01322.wav,synthetic_noise,ambient,0.000285,0.000298,0.000012
E:\SIH\ira-wakeword\dataset\negative\background\background_01334.wav,synthetic_noise,ambient,0.002323,0.001444,-0.000879
E:\SIH\ira-wakeword\dataset\negative\background\background_01348.wav,synthetic_noise,ambient,0.000366,0.000118,-0.000247
E:\SIH\ira-wakeword\dataset\negative\background\background_01360.wav,synthetic_noise,ambient,0.000106,0.000222,0.000116
E:\SIH\ira-wakeword\dataset\negative\background\background_01366.wav,synthetic_noise,ambient,0.000000,0.000008,0.000008
E:\SIH\ira-wakeword\dataset\negative\background\background_01373.wav,synthetic_noise,ambient,0.000000,0.000004,0.000004
E:\SIH\ira-wakeword\dataset\negative\background\background_01382.wav,synthetic_noise,ambient,0.007425,0.000231,-0.007194
E:\SIH\ira-wakeword\dataset\negative\background\background_01389.wav,synthetic_noise,ambient,0.006736,0.000232,-0.006505
E:\SIH\ira-wakeword\dataset\negative\background\background_01445.wav,synthetic_noise,ambient,0.017416,0.000312,-0.017103
E:\SIH\ira-wakeword\dataset\negative\background\background_01448.wav,synthetic_noise,ambient,0.000358,0.002794,0.002436
E:\SIH\ira-wakeword\dataset\negative\background\background_01460.wav,synthetic_noise,ambient,0.000096,0.000345,0.000249
E:\SIH\ira-wakeword\dataset\negative\background\background_01474.wav,synthetic_noise,ambient,0.000784,0.000613,-0.000171
E:\SIH\ira-wakeword\dataset\negative\background\background_01490.wav,synthetic_noise,ambient,0.000602,0.000284,-0.000318
E:\SIH\ira-wakeword\dataset\negative\background\background_01507.wav,synthetic_noise,ambient,0.000454,0.001095,0.000641
E:\SIH\ira-wakeword\dataset\negative\background\background_01537.wav,synthetic_noise,ambient,0.000253,0.001229,0.000977
E:\SIH\ira-wakeword\dataset\negative\background\background_01540.wav,synthetic_noise,ambient,0.000000,0.000123,0.000123
E:\SIH\ira-wakeword\dataset\negative\background\background_01551.wav,synthetic_noise,ambient,0.000028,0.000343,0.000316
E:\SIH\ira-wakeword\dataset\negative\background\background_01559.wav,synthetic_noise,ambient,0.000000,0.000243,0.000243
E:\SIH\ira-wakeword\dataset\negative\background\background_01560.wav,synthetic_noise,ambient,0.000059,0.004844,0.004786
E:\SIH\ira-wakeword\dataset\negative\background\background_01562.wav,synthetic_noise,ambient,0.000000,0.000015,0.000015
E:\SIH\ira-wakeword\dataset\negative\background\background_01573.wav,synthetic_noise,ambient,0.000000,0.000655,0.000655
E:\SIH\ira-wakeword\dataset\negative\background\background_01580.wav,synthetic_noise,ambient,0.000000,0.000223,0.000223
E:\SIH\ira-wakeword\dataset\negative\background\background_01600.wav,synthetic_noise,ambient,0.000709,0.000109,-0.000600
E:\SIH\ira-wakeword\dataset\negative\background\background_01603.wav,synthetic_noise,ambient,0.000000,0.000005,0.000005
E:\SIH\ira-wakeword\dataset\negative\background\background_01608.wav,synthetic_noise,ambient,0.000000,0.000335,0.000335
E:\SIH\ira-wakeword\dataset\negative\background\background_01611.wav,synthetic_noise,ambient,0.000000,0.000054,0.000054
E:\SIH\ira-wakeword\dataset\negative\background\background_01630.wav,synthetic_noise,ambient,0.000112,0.003019,0.002908
E:\SIH\ira-wakeword\dataset\negative\background\background_01638.wav,synthetic_noise,ambient,0.000000,0.000006,0.000006
E:\SIH\ira-wakeword\dataset\negative\background\background_01652.wav,synthetic_noise,ambient,0.000000,0.000204,0.000203
E:\SIH\ira-wakeword\dataset\negative\background\background_01695.wav,synthetic_noise,ambient,0.000000,0.000007,0.000007
E:\SIH\ira-wakeword\dataset\negative\background\background_01699.wav,synthetic_noise,ambient,0.000000,0.000408,0.000407
E:\SIH\ira-wakeword\dataset\negative\background\background_01707.wav,synthetic_noise,ambient,0.000957,0.003773,0.002816
E:\SIH\ira-wakeword\dataset\negative\background\background_01708.wav,synthetic_noise,ambient,0.000000,0.000094,0.000094
E:\SIH\ira-wakeword\dataset\negative\background\background_01718.wav,synthetic_noise,ambient,0.015802,0.000186,-0.015616
E:\SIH\ira-wakeword\dataset\negative\background\background_01733.wav,synthetic_noise,ambient,0.000069,0.000297,0.000228
E:\SIH\ira-wakeword\dataset\negative\background\background_01760.wav,synthetic_noise,ambient,0.007959,0.002686,-0.005272
E:\SIH\ira-wakeword\dataset\negative\background\background_01765.wav,synthetic_noise,ambient,0.000000,0.000001,0.000001
E:\SIH\ira-wakeword\dataset\negative\background\background_01773.wav,synthetic_noise,ambient,0.000384,0.000260,-0.000124
E:\SIH\ira-wakeword\dataset\negative\background\background_01774.wav,synthetic_noise,ambient,0.025739,0.000438,-0.025301
E:\SIH\ira-wakeword\dataset\negative\background\background_01814.wav,synthetic_noise,ambient,0.000000,0.000002,0.000002
E:\SIH\ira-wakeword\dataset\negative\background\background_01817.wav,synthetic_noise,ambient,0.000468,0.001868,0.001400
E:\SIH\ira-wakeword\dataset\negative\background\background_01822.wav,synthetic_noise,ambient,0.000365,0.000229,-0.000135
E:\SIH\ira-wakeword\dataset\negative\background\background_01828.wav,synthetic_noise,ambient,0.000000,0.000016,0.000015
E:\SIH\ira-wakeword\dataset\negative\background\background_01833.wav,synthetic_noise,ambient,0.000050,0.000227,0.000177
E:\SIH\ira-wakeword\dataset\negative\background\background_01836.wav,synthetic_noise,ambient,0.000195,0.000317,0.000122
E:\SIH\ira-wakeword\dataset\negative\background\background_01838.wav,synthetic_noise,ambient,0.000055,0.000672,0.000617
E:\SIH\ira-wakeword\dataset\negative\background\background_01842.wav,synthetic_noise,ambient,0.000000,0.000024,0.000024
E:\SIH\ira-wakeword\dataset\negative\background\background_01843.wav,synthetic_noise,ambient,0.000807,0.000756,-0.000051
E:\SIH\ira-wakeword\dataset\negative\background\background_01846.wav,synthetic_noise,ambient,0.000000,0.000258,0.000258
E:\SIH\ira-wakeword\dataset\negative\background\background_01848.wav,synthetic_noise,ambient,0.000000,0.000019,0.000019
E:\SIH\ira-wakeword\dataset\negative\background\background_01860.wav,synthetic_noise,ambient,0.000000,0.000352,0.000352
E:\SIH\ira-wakeword\dataset\negative\background\background_01874.wav,synthetic_noise,ambient,0.000000,0.000681,0.000680
E:\SIH\ira-wakeword\dataset\negative\background\background_01883.wav,synthetic_noise,ambient,0.000000,0.000005,0.000005
E:\SIH\ira-wakeword\dataset\negative\background\background_01917.wav,synthetic_noise,ambient,0.000400,0.018011,0.017611
E:\SIH\ira-wakeword\dataset\negative\background\background_01919.wav,synthetic_noise,ambient,0.000000,0.000020,0.000020
E:\SIH\ira-wakeword\dataset\negative\background\background_01925.wav,synthetic_noise,ambient,0.000000,0.000142,0.000142
E:\SIH\ira-wakeword\dataset\negative\background\background_01936.wav,synthetic_noise,ambient,0.000208,0.000260,0.000052
E:\SIH\ira-wakeword\dataset\negative\background\background_01952.wav,synthetic_noise,ambient,0.000552,0.002675,0.002123
E:\SIH\ira-wakeword\dataset\negative\background\background_01975.wav,synthetic_noise,ambient,0.000000,0.000006,0.000006
E:\SIH\ira-wakeword\dataset\negative\background\background_01985.wav,synthetic_noise,ambient,0.004439,0.048215,0.043776
E:\SIH\ira-wakeword\dataset\negative\background\background_01997.wav,synthetic_noise,ambient,0.000578,0.005921,0.005343
