filename,duration_s,n_windows_100ms,fired_100ms,max_q_out_100ms,max_score_100ms,t_max_score_100ms,t_first_fire_100ms,n_firing_windows_100ms,n_windows_10ms,fired_10ms,max_q_out_10ms,max_score_10ms,t_max_score_10ms,t_first_fire_10ms,n_firing_windows_10ms,audio_sha1
ira_0394.wav,1.0535,2,False,-27,0.39453125,0.0,,0,7,True,77,0.80078125,0.04,0.03,3,0ac66b8a3e7f6c902043199310bc1bd3214a281d
ira_0184.wav,1.4935,6,False,-33,0.37109375,0.4935,,0,51,True,-22,0.4140625,0.49,0.49,1,50e6ad9f96c1c36be76c78f14b1ca3a7a91ea304
ira_0186.wav,1.2735,4,False,-33,0.37109375,0.1,,0,29,True,22,0.5859375,0.06,0.06,3,4f78a8fa02f2d6bade9c2016230afb7c1218fd25
ira_0189.wav,1.4335,6,False,-33,0.37109375,0.0,,0,45,False,-33,0.37109375,0.0,,0,8c193aed204b1e9d2510924839552bec4cdcbcff
ira_0357.wav,1.4935,6,False,-33,0.37109375,0.0,,0,51,True,77,0.80078125,0.02,0.01,7,687a9aa629cedb2052544e66b07ec7495065d520
ira_0372.wav,0.9535,1,False,-33,0.37109375,0.0,,0,1,False,-33,0.37109375,0.0,,0,26e20135d0f04c9709adc6e22500567f0c76b50c
ira_0546.wav,1.5735,7,False,-33,0.37109375,0.3,,0,59,True,-22,0.4140625,0.28,0.28,1,3a6ef84c1f7def65a2442dd4a155e9046a953c8d
ira_0581.wav,1.2735,4,False,-33,0.37109375,0.0,,0,29,True,81,0.81640625,0.03,0.01,9,4637e9a7d6647af5551c57939a8c9bcd24198c51
ira_0639.wav,1.7135,9,False,-33,0.37109375,0.7135,,0,73,True,27,0.60546875,0.57,0.41,4,87a0ac69094b484d3252141f477c6b69c3b5a7b2
ira_0741.wav,1.2335,4,False,-33,0.37109375,0.2,,0,25,False,-33,0.37109375,0.19,,0,25ea7f19ea39e41deb16497304c580e2c925403f
ira_0185.wav,1.5535,7,False,-38,0.3515625,0.1,,0,57,True,-11,0.45703125,0.09,0.09,3,59b9ff3cb932e0f3f303be551b6e31e73e0e74b1
ira_0474.wav,0.9735,1,False,-38,0.3515625,0.0,,0,1,False,-38,0.3515625,0.0,,0,c803a7b62e2525aca99321f80cea597d80e28b6f
ira_0689.wav,1.1735,3,False,-38,0.3515625,0.1,,0,19,True,-22,0.4140625,0.14,0.14,1,3d38c3b27038b23fa55b32b9e695c0e91090d06d
ira_0215.wav,1.4935,6,False,-43,0.33203125,0.0,,0,51,True,-6,0.4765625,0.01,0.01,2,81f9b5d6e37630467740c09b144f4e9b9e910d9f
ira_0245.wav,1.1135,3,False,-43,0.33203125,0.1,,0,13,True,-6,0.4765625,0.03,0.03,2,92b9264ff755b9c2fb40beb1e9e9f1b809ad8d25
ira_0396.wav,1.0935,2,False,-43,0.33203125,0.0935,,0,11,True,57,0.72265625,0.07,0.03,4,5de7caf2433cd7400f3b562e3ea6d86c333fc04a
ira_0658.wav,1.4535,6,False,-43,0.33203125,0.2,,0,47,False,-43,0.33203125,0.2,,0,16ee6dd5f7f6d98f42f5b4c5b7b7bd0c4fac028b
ira_0683.wav,1.4135,6,False,-43,0.33203125,0.4135,,0,43,True,0,0.5,0.41,0.25,3,b6adb75a8a5bddd4a1f7301ce38096694eb118fa
ira_0193.wav,1.3135,5,False,-48,0.3125,0.3,,0,33,True,-17,0.43359375,0.15,0.15,4,1e9a17e4ef3c5b3d042e08d34a4457d411106911
ira_0216.wav,2.6935,18,False,-48,0.3125,0.1,,0,171,True,53,0.70703125,0.03,0.02,5,12e43595d3f23a24f3aab5242d95fa89777956f7
ira_0453.wav,1.3135,5,False,-48,0.3125,0.0,,0,33,True,87,0.83984375,0.05,0.01,10,134c139a6004a06a94101438e4ac661978194b5e
ira_0684.wav,1.0935,2,False,-48,0.3125,0.0935,,0,11,True,-22,0.4140625,0.09,0.09,1,ff2e3d5f802e6ca657c14e2e846dadd8b8b20043
ira_0218.wav,1.3935,5,False,-53,0.29296875,0.0,,0,41,True,11,0.54296875,0.06,0.02,3,35602598222afeaeec61c0f7fa1da3e721c5999c
ira_0237.wav,1.1335,3,False,-53,0.29296875,0.1,,0,15,True,33,0.62890625,0.03,0.03,3,41c7e0861e1e93eb55dd01a04138c34bf9a36692
ira_0445.wav,1.1335,3,False,-53,0.29296875,0.1,,0,15,True,70,0.7734375,0.06,0.01,8,15a933893b56ef4a082291c79f328e1c033bf802
ira_0454.wav,0.9935,1,False,-53,0.29296875,0.0,,0,1,False,-53,0.29296875,0.0,,0,53edef6e7c45e74fe5ef70751be80081186d4d2e
ira_0556.wav,1.6935,8,False,-53,0.29296875,0.6935,,0,71,False,-53,0.29296875,0.6935,,0,ce35f6aa5aaab9dbd59410f988a5e3ec4b1742fc
ira_0574.wav,1.8335,10,False,-53,0.29296875,0.0,,0,85,True,-17,0.43359375,0.02,0.02,1,3655e85905df577e260f858b8a49f697209551d7
ira_0578.wav,1.7135,9,False,-53,0.29296875,0.3,,0,73,True,27,0.60546875,0.02,0.02,5,a1be5202d2a200b518d822dc4c5019497ff22956
ira_0540.wav,1.8135,10,False,-57,0.27734375,0.8135,,0,83,True,-11,0.45703125,0.02,0.01,3,4d4e28ceeee87f459c24184e8e30ed198121ff66
ira_0576.wav,2.1335,13,False,-57,0.27734375,0.0,,0,115,True,22,0.5859375,0.01,0.01,4,12d275d8dcf05fb728bef138eca98f6d55d73c41
ira_0657.wav,1.5335,7,False,-57,0.27734375,0.4,,0,55,False,-33,0.37109375,0.34,,0,a4f71227aa741258e5d58dc31a37ed02104e9e4d
ira_0195.wav,1.1735,3,False,-61,0.26171875,0.1735,,0,19,False,-48,0.3125,0.13,,0,8f797d424607be4c582427c3e18671da5f76d57a
ira_0251.wav,1.0535,2,False,-61,0.26171875,0.0,,0,7,False,-61,0.26171875,0.0,,0,27524f9cc34e51cbda7d31a3f8bfd2390deb8120
ira_0368.wav,0.9735,1,False,-61,0.26171875,0.0,,0,1,False,-61,0.26171875,0.0,,0,f45937ff0ca8de9cd7b6e4ee13ccddf407a7d6da
ira_0479.wav,1.1935,3,False,-61,0.26171875,0.0,,0,21,True,-6,0.4765625,0.04,0.02,3,6b7ab1d46fe3e977d45354bfcdf050e30e742699
ira_0573.wav,1.5735,7,False,-61,0.26171875,0.1,,0,59,False,-43,0.33203125,0.13,,0,6154175d62e085375555281659084a4c20e42b40
ira_0691.wav,1.3735,5,False,-61,0.26171875,0.3,,0,39,True,17,0.56640625,0.35,0.27,2,73155f5a422068f0355a5845c0ffbbf09647d17e
ira_0188.wav,1.4935,6,False,-66,0.2421875,0.3,,0,51,False,-48,0.3125,0.31,,0,38ad16d6f85cf8889e79c0f8a4804f0dc20547b9
ira_0365.wav,0.9335,1,False,-66,0.2421875,0.0,,0,1,False,-66,0.2421875,0.0,,0,5edb1efd3ae2d1a3c56b49648c47a911022de7df
ira_0687.wav,1.3335,5,False,-66,0.2421875,0.2,,0,35,False,-53,0.29296875,0.21,,0,bbc0b30e1794ac02b772510bb33604e0f6c9783a
ira_0693.wav,1.3335,5,False,-66,0.2421875,0.3,,0,35,False,-66,0.2421875,0.3,,0,092cb3e266bd3aab614ea508ebbeda31677c4f52
ira_0190.wav,1.2935,4,False,-70,0.2265625,0.1,,0,31,False,-57,0.27734375,0.02,,0,8a1e919b3edb63f1c3ec55d5a545eda6914355fe
ira_0244.wav,1.1535,3,False,-70,0.2265625,0.0,,0,17,True,43,0.66796875,0.07,0.03,3,f1669999cfdcf405cc8cffb0b3952f2e2e7c909c
ira_0537.wav,1.6135,8,False,-70,0.2265625,0.1,,0,63,True,66,0.7578125,0.03,0.01,12,b6babbf657f26a028bb8599bc0b65f8a2739fad3
ira_0539.wav,1.9935,11,False,-70,0.2265625,0.8,,0,101,False,-53,0.29296875,0.01,,0,99ed2534460e6cc16b3897d03668e33ee7fe23f6
ira_0016.wav,1.6535,8,False,-74,0.2109375,0.0,,0,67,False,-48,0.3125,0.02,,0,6853eb71b924937f630e1185279e4fd0e60126d6
ira_0397.wav,1.2735,4,False,-74,0.2109375,0.1,,0,29,True,53,0.70703125,0.05,0.01,8,9121f198351a087a681fc0b916ae1165a6134ba5
ira_0340.wav,1.6335,8,False,-77,0.19921875,0.0,,0,65,True,66,0.7578125,0.03,0.03,6,6742767d2d623a073d22af1fd97f932993b79d56
ira_0695.wav,1.1335,3,False,-77,0.19921875,0.1335,,0,15,False,-27,0.39453125,0.11,,0,9f3ab942117fcf215564854edc851d7569ab25bd
ira_0181.wav,1.0935,2,False,-81,0.18359375,0.0935,,0,11,True,-22,0.4140625,0.09,0.09,1,f44011a747811f857355d7adb552ea588e7c495c
ira_0240.wav,1.1735,3,False,-81,0.18359375,0.0,,0,19,False,-77,0.19921875,0.01,,0,bbab15d4f177b6a7115279289a0ba0c72c03ed39
ira_0349.wav,1.4135,6,False,-81,0.18359375,0.2,,0,43,True,22,0.5859375,0.09,0.05,3,edccb376aaed91d3189ee9e7d3b153dd544e42df
ira_0744.wav,1.0935,2,False,-81,0.18359375,0.0935,,0,11,False,-38,0.3515625,0.06,,0,96f41c1f9ba64740668261971adc67cbf6b642ee
ira_0748.wav,1.2735,4,False,-84,0.171875,0.2735,,0,29,False,-77,0.19921875,0.26,,0,5cd1d18e498d51692734804ac75b068af13551df
ira_0750.wav,0.9735,1,False,-84,0.171875,0.0,,0,1,False,-84,0.171875,0.0,,0,ae183761ea57850e168f1d4e206ac45665e0e848
ira_0753.wav,0.9535,1,False,-84,0.171875,0.0,,0,1,False,-84,0.171875,0.0,,0,f3acba08f777ebb208165d33caece3fae250e9dc
ira_0389.wav,2.0935,12,False,-87,0.16015625,0.0,,0,111,True,-17,0.43359375,0.03,0.03,2,d1dea3ee1a51db7224d120789dbf4a876aa9b093
ira_0472.wav,1.5135,7,False,-87,0.16015625,0.0,,0,53,True,-11,0.45703125,0.02,0.02,1,cc42df1f88956afe10cc2502d6865a37a4410f9d
ira_0642.wav,1.2335,4,False,-87,0.16015625,0.2335,,0,25,False,-87,0.16015625,0.2335,,0,27556591c4fd7f6a52f0f1181ba8218f53e68a25
ira_0685.wav,1.2535,4,False,-87,0.16015625,0.2,,0,27,False,-87,0.16015625,0.2,,0,e8de927b3b4ced2e2771e080de25bdaa0df23ca2
ira_0199.wav,1.4335,6,False,-90,0.1484375,0.3,,0,45,False,-84,0.171875,0.26,,0,94702af042939613461bf5e9896a54506da04840
ira_0338.wav,1.5535,7,False,-90,0.1484375,0.0,,0,57,True,100,0.890625,0.03,0.01,7,9cbc2fe22245b1f4d1394de56346f5ff47dcd752
ira_0401.wav,1.1335,3,False,-90,0.1484375,0.1,,0,15,False,-43,0.33203125,0.02,,0,31e75c31ce14c74c0aa659803d600618a5a1a76f
ira_0538.wav,1.7335,9,False,-93,0.13671875,0.0,,0,75,True,-17,0.43359375,0.02,0.02,1,e1f56990fba2459083a36ddd2601133420f97823
ira_0198.wav,1.1535,3,False,-95,0.12890625,0.1,,0,17,False,-95,0.12890625,0.08,,0,39454231db8d73cbf61272cc37f797f71c67d91a
ira_0473.wav,1.2935,4,False,-95,0.12890625,0.0,,0,31,True,48,0.6875,0.03,0.03,4,aadab22c7662571d6ea16cd7bb2965a64241f643
ira_0536.wav,1.2135,4,False,-95,0.12890625,0.1,,0,23,True,6,0.5234375,0.06,0.03,5,9b11349816d13a49caef0d87c82417bec60dea22
ira_0018.wav,1.2535,4,False,-98,0.1171875,0.0,,0,27,False,-66,0.2421875,0.01,,0,c78a2cee0b460302e55a1064e2e89b89046ad103
ira_0577.wav,1.6535,8,False,-98,0.1171875,0.0,,0,67,True,-22,0.4140625,0.03,0.03,1,4b7606fc148ebcd695c2c42cf81d0e337c281d93
ira_0833.wav,1.0535,2,False,-98,0.1171875,0.0,,0,7,True,-22,0.4140625,0.03,0.03,1,10395ba349376b6e27ea7320e4f69d4b57e6d09e
ira_0211.wav,1.5135,7,False,-100,0.109375,0.5135,,0,53,False,-90,0.1484375,0.49,,0,b685d8962639dd0f755a0e767a2d0a41ee57de99
ira_0478.wav,1.3335,5,False,-100,0.109375,0.0,,0,35,False,-27,0.39453125,0.05,,0,2c794e0999acd5fe3a3d4d973bd525bc3e5f5f88
ira_0779.wav,0.9735,1,False,-100,0.109375,0.0,,0,1,False,-100,0.109375,0.0,,0,0607ead5fba559f2c324b1171530a96fc3c0c7ab
ira_0196.wav,1.2735,4,False,-104,0.09375,0.2,,0,29,False,-84,0.171875,0.24,,0,b7a73630ee7fe8c9086bd7c6e094498b6ad66837
ira_0194.wav,1.3535,5,False,-106,0.0859375,0.3535,,0,37,False,-93,0.13671875,0.25,,0,2f51b1d6b9416e5cb3938201ffd417a75af0707f
ira_0180.wav,1.5535,7,False,-109,0.07421875,0.5535,,0,57,False,-87,0.16015625,0.52,,0,81acf0299014f6e0d47020efc697339f1c545c60
ira_0395.wav,1.2935,4,False,-109,0.07421875,0.2935,,0,31,False,-102,0.1015625,0.28,,0,72f602c2fd49d299ff415440e2177d8a029dba9c
ira_0694.wav,1.1135,3,False,-111,0.06640625,0.1,,0,13,False,-98,0.1171875,0.06,,0,a1fc3cb9f8df3c644feae5a8440d7f8b5c96c028
ira_0757.wav,0.9935,1,False,-112,0.0625,0.0,,0,1,False,-112,0.0625,0.0,,0,d15b41ee9054032767545009dab520489a5a6f6e
ira_0183.wav,1.0935,2,False,-113,0.05859375,0.0935,,0,11,False,-98,0.1171875,0.09,,0,1d17f14fbf7e31debf09fc188fd79ce8f1bc5f65
ira_0197.wav,1.0935,2,False,-116,0.046875,0.0,,0,11,False,-115,0.05078125,0.01,,0,16e14bc083fda8d5048c976da838e0a621f6add6
ira_0393.wav,1.2135,4,False,-119,0.03515625,0.0,,0,23,False,-84,0.171875,0.03,,0,0e761ce2e89589b038d54abe0b8756135dcbb7ac
ira_0640.wav,1.2135,4,False,-120,0.03125,0.0,,0,23,False,-120,0.03125,0.0,,0,5461e9473acceb508b79894c4b8736b5d3a56ddc
ira_0682.wav,1.3335,5,False,-120,0.03125,0.1,,0,35,False,-117,0.04296875,0.05,,0,a572c069e141628a3430f6f15d822f497b516b45
ira_0692.wav,1.3735,5,False,-120,0.03125,0.3,,0,39,False,-118,0.0390625,0.24,,0,aa370c7e0e4cf31fb4cdaa39d776632e82711362
ira_0207.wav,1.6135,8,False,-122,0.0234375,0.6,,0,63,False,-122,0.0234375,0.6,,0,7d0a08a47f24409f9e67a897307ac5c94cfd1f40
ira_0208.wav,1.6335,8,False,-124,0.015625,0.6335,,0,65,False,-121,0.02734375,0.63,,0,d676ae9dd7399d0f129de5488096f60f8107f453
ira_0209.wav,1.4335,6,False,-124,0.015625,0.0,,0,45,False,-120,0.03125,0.03,,0,d6fdb5f38aa5c84050e2b5875d05ad60ebb85ceb
ira_0213.wav,1.2335,4,False,-126,0.0078125,0.2335,,0,25,False,-126,0.0078125,0.2335,,0,be28c237814b8f221f840b2654602ae3638ed42e
