name,path,duration_s,window_offset_s,q_out,score,detected,diag_best_q,diag_best_score,diag_best_offset_s,diag_any_fire,diag_n_windows,audio_sha1
ira_0028.wav,D:\SIH\ira-wakeword\ira words\ira words\ira_0028.wav,1.4535,0.2395,-27,0.39453125,False,124,0.984375,0.27,True,47,3188e34a7f0e718faa2aef13740edc1777c6fd77
ira_0177.wav,D:\SIH\ira-wakeword\ira words\ira words\ira_0177.wav,1.2335,0.1437,-27,0.39453125,False,126,0.9921875,0.02,True,25,9638f225913e7ded03c29d7f3169e49783c9e42f
ira_0214.wav,D:\SIH\ira-wakeword\ira words\ira words\ira_0214.wav,1.1535,0.0346,-27,0.39453125,False,57,0.72265625,0.01,True,17,0834d9201cb951f5c81a534a8f4d48bbc40a927f
ira_0481.wav,D:\SIH\ira-wakeword\ira words\ira words\ira_0481.wav,1.0335,0.0334,-27,0.39453125,False,43,0.66796875,0.03,True,5,7655a49b7e08397a971930b48bd326e7e2ec8f95
ira_0552.wav,D:\SIH\ira-wakeword\ira words\ira words\ira_0552.wav,2.0135,0.9359,-27,0.39453125,False,124,0.984375,0.02,True,103,59bf3410788394e9519fe5055d21670de6edf544
ira_0553.wav,D:\SIH\ira-wakeword\ira words\ira words\ira_0553.wav,2.0335,0.5914,-27,0.39453125,False,38,0.6484375,0.03,True,105,6b3eb1b30a01bae3fd227b49abc412ad36d394fa
ira_0641.wav,D:\SIH\ira-wakeword\ira words\ira words\ira_0641.wav,1.3535,0.1849,-27,0.39453125,False,61,0.73828125,0.05,True,37,b9f3323da862f275d18aa60f347611bb61defe59
ira_0656.wav,D:\SIH\ira-wakeword\ira words\ira words\ira_0656.wav,1.5735,0.5734,-27,0.39453125,False,90,0.8515625,0.56,True,59,7c5d186737a49da1129e82125d5e6ffb9e342a10
ira_0678.wav,D:\SIH\ira-wakeword\ira words\ira words\ira_0678.wav,1.2135,0.2135,-27,0.39453125,False,102,0.8984375,0.05,True,23,35bcf497e289260ed3f8fce004e1cbace3f20d12
ira_0719.wav,D:\SIH\ira-wakeword\ira words\ira words\ira_0719.wav,1.7535,0.7535,-27,0.39453125,False,77,0.80078125,0.04,True,77,0e79ca491a9f906603a5729f362b1f311cf788c1
ira_0723.wav,D:\SIH\ira-wakeword\ira words\ira words\ira_0723.wav,1.3535,0.3535,-27,0.39453125,False,48,0.6875,0.32,True,37,b12cfe881b4aad3e97938dbcc20bcd347ed74bc7
ira_0773.wav,D:\SIH\ira-wakeword\ira words\ira words\ira_0773.wav,1.2735,0.2735,-27,0.39453125,False,90,0.8515625,0.21,True,29,9fccdbfd43bebc9bceb6002ed57d0b80d4381235
ira_0815.wav,D:\SIH\ira-wakeword\ira words\ira words\ira_0815.wav,2.2535,0.7854,-27,0.39453125,False,123,0.98046875,0.07,True,127,1697e65a4fe63025f9693b4e82548249fecc1dff
ira_0092.wav,D:\SIH\ira-wakeword\ira words\ira words\ira_0092.wav,1.1735,0.1529,-33,0.37109375,False,125,0.98828125,0.01,True,19,12a727421c5777d8f3d265f5fef889321a23e3a7
ira_0372.wav,D:\SIH\ira-wakeword\ira words\ira words\ira_0372.wav,0.9535,0.0,-33,0.37109375,False,-33,0.37109375,0.0,False,1,26e20135d0f04c9709adc6e22500567f0c76b50c
ira_0392.wav,D:\SIH\ira-wakeword\ira words\ira words\ira_0392.wav,1.5135,0.4142,-33,0.37109375,False,48,0.6875,0.06,True,53,528c707baaa27ed4e9b2f20a1528c7b8bb707c06
ira_0394.wav,D:\SIH\ira-wakeword\ira words\ira words\ira_0394.wav,1.0535,0.0535,-33,0.37109375,False,77,0.80078125,0.04,True,7,0ac66b8a3e7f6c902043199310bc1bd3214a281d
ira_0447.wav,D:\SIH\ira-wakeword\ira words\ira words\ira_0447.wav,1.1935,0.1913,-33,0.37109375,False,124,0.984375,0.03,True,21,c5fb2326d547a3a26319a8eebb96177b9dff001c
ira_0551.wav,D:\SIH\ira-wakeword\ira words\ira words\ira_0551.wav,2.0935,0.7141,-33,0.37109375,False,123,0.98046875,0.03,True,111,426d2e42c00eb727d39723e71077a1b32f12b4a3
ira_0613.wav,D:\SIH\ira-wakeword\ira words\ira words\ira_0613.wav,1.9335,0.8706,-33,0.37109375,False,104,0.90625,0.54,True,95,104ca202c08e4d9c86481f7b562bf7cbcd1acb5e
ira_0615.wav,D:\SIH\ira-wakeword\ira words\ira words\ira_0615.wav,1.4935,0.3086,-33,0.37109375,False,116,0.953125,0.02,True,51,5e8e4df0d3a3a68cd00480ef250bac16b9690772
ira_0767.wav,D:\SIH\ira-wakeword\ira words\ira words\ira_0767.wav,1.1935,0.1935,-33,0.37109375,False,104,0.90625,0.05,True,21,66237a634fcfb6fa384ec8f9087c953e0c41d0a8
ira_0108.wav,D:\SIH\ira-wakeword\ira words\ira words\ira_0108.wav,1.4735,0.1407,-38,0.3515625,False,126,0.9921875,0.0,True,49,2ae61bc44112e9ca7b1f4899cd1f8e884e558d28
ira_0474.wav,D:\SIH\ira-wakeword\ira words\ira words\ira_0474.wav,0.9735,0.0,-38,0.3515625,False,-38,0.3515625,0.0,False,1,c803a7b62e2525aca99321f80cea597d80e28b6f
ira_0500.wav,D:\SIH\ira-wakeword\ira words\ira words\ira_0500.wav,1.1535,0.1535,-38,0.3515625,False,124,0.984375,0.05,True,17,671bd6f1a8beb047d59cc2056aa398f9ea1cd043
ira_0658.wav,D:\SIH\ira-wakeword\ira words\ira words\ira_0658.wav,1.4535,0.4012,-38,0.3515625,False,-38,0.3515625,0.4012,False,47,16ee6dd5f7f6d98f42f5b4c5b7b7bd0c4fac028b
ira_0778.wav,D:\SIH\ira-wakeword\ira words\ira words\ira_0778.wav,1.2335,0.2186,-38,0.3515625,False,120,0.96875,0.03,True,25,9def51c18b20e2cfbd33aef6e979681ac004c54d
ira_0049.wav,D:\SIH\ira-wakeword\ira words\ira words\ira_0049.wav,1.5935,0.1939,-43,0.33203125,False,123,0.98046875,0.0,True,61,ad8e8b40b9965bfbc6f42b2dc463ff145bff68f2
ira_0099.wav,D:\SIH\ira-wakeword\ira words\ira words\ira_0099.wav,1.4335,0.2612,-43,0.33203125,False,122,0.9765625,0.04,True,45,25fc3ba9df90903fc0ab1e3c67e6d7cbea0919d3
ira_0186.wav,D:\SIH\ira-wakeword\ira words\ira words\ira_0186.wav,1.2735,0.1677,-43,0.33203125,False,22,0.5859375,0.06,True,29,4f78a8fa02f2d6bade9c2016230afb7c1218fd25
ira_0238.wav,D:\SIH\ira-wakeword\ira words\ira words\ira_0238.wav,1.5735,0.261,-43,0.33203125,False,118,0.9609375,0.02,True,59,22dcea83b6940684dd33a4c7dc302c7ca736bdf0
ira_0396.wav,D:\SIH\ira-wakeword\ira words\ira words\ira_0396.wav,1.0935,0.0935,-43,0.33203125,False,57,0.72265625,0.07,True,11,5de7caf2433cd7400f3b562e3ea6d86c333fc04a
ira_0436.wav,D:\SIH\ira-wakeword\ira words\ira words\ira_0436.wav,1.2535,0.2379,-43,0.33203125,False,124,0.984375,0.04,True,27,6f582634659bf0329a6274ed26fce33f83b353ad
ira_0644.wav,D:\SIH\ira-wakeword\ira words\ira words\ira_0644.wav,1.4335,0.3878,-43,0.33203125,False,87,0.83984375,0.28,True,45,e10171b89fe4d06b98c4ec00f18b7d881b5453ba
ira_0665.wav,D:\SIH\ira-wakeword\ira words\ira words\ira_0665.wav,1.3535,0.3411,-43,0.33203125,False,115,0.94921875,0.05,True,37,8755f3e382f0140f43af4744d8a7db4527249ec1
ira_0667.wav,D:\SIH\ira-wakeword\ira words\ira words\ira_0667.wav,1.9135,0.4536,-43,0.33203125,False,102,0.8984375,0.35,True,93,a9562eff9acb1e102ad4d645342443c924610a25
ira_0686.wav,D:\SIH\ira-wakeword\ira words\ira words\ira_0686.wav,1.4335,0.4326,-43,0.33203125,False,-11,0.45703125,0.4,True,45,8f8e8eecf9715930de6633866fcd1b3c1363066b
ira_0709.wav,D:\SIH\ira-wakeword\ira words\ira words\ira_0709.wav,1.2135,0.2135,-43,0.33203125,False,81,0.81640625,0.08,True,23,56c3508bd60df19b5970458ce0fb4e1490bf2afe
ira_0046.wav,D:\SIH\ira-wakeword\ira words\ira words\ira_0046.wav,2.0735,0.2689,-48,0.3125,False,126,0.9921875,0.02,True,109,d2f18c59a73c480e938d3eca7f4da211b6f7262a
ira_0346.wav,D:\SIH\ira-wakeword\ira words\ira words\ira_0346.wav,1.4735,0.1837,-48,0.3125,False,116,0.953125,0.04,True,49,4d2436274eb5c30a6df7d5546b7eb944d2b91153
ira_0426.wav,D:\SIH\ira-wakeword\ira words\ira words\ira_0426.wav,1.2135,0.2033,-48,0.3125,False,123,0.98046875,0.04,True,23,b6856b0e286cf2bcae03adc9d7b1a69841ec872d
ira_0443.wav,D:\SIH\ira-wakeword\ira words\ira words\ira_0443.wav,1.2935,0.2064,-48,0.3125,False,120,0.96875,0.07,True,31,93f485d07349cb9f04cbc4d7278d472b4f3364d9
ira_0495.wav,D:\SIH\ira-wakeword\ira words\ira words\ira_0495.wav,1.3935,0.2375,-48,0.3125,False,122,0.9765625,0.04,True,41,1327f848a00a271f03bfee61bbb9d9e4584bff66
ira_0548.wav,D:\SIH\ira-wakeword\ira words\ira words\ira_0548.wav,1.8535,0.5684,-48,0.3125,False,84,0.828125,0.39,True,87,ea25e14ce03ea09d8e18faa386a5abb0fd336a56
ira_0654.wav,D:\SIH\ira-wakeword\ira words\ira words\ira_0654.wav,1.0335,0.0335,-48,0.3125,False,66,0.7578125,0.02,True,5,c701fe05184c2e2b104c040d514d69221b954856
ira_0684.wav,D:\SIH\ira-wakeword\ira words\ira words\ira_0684.wav,1.0935,0.0935,-48,0.3125,False,-22,0.4140625,0.09,True,11,ff2e3d5f802e6ca657c14e2e846dadd8b8b20043
ira_0770.wav,D:\SIH\ira-wakeword\ira words\ira words\ira_0770.wav,1.1735,0.1607,-48,0.3125,False,114,0.9453125,0.01,True,19,0653684fd9ea68847675a9f5eeebc412e3bd51c6
ira_0167.wav,D:\SIH\ira-wakeword\ira words\ira words\ira_0167.wav,1.2135,0.1786,-53,0.29296875,False,123,0.98046875,0.01,True,23,a1ee5a24cfcba42d3004b085f186c81d967c8bc6
ira_0234.wav,D:\SIH\ira-wakeword\ira words\ira words\ira_0234.wav,1.5135,0.3759,-53,0.29296875,False,95,0.87109375,0.05,True,53,e29d0ab831301a7c822ae90e594ef66f4d4b94a0
ira_0374.wav,D:\SIH\ira-wakeword\ira words\ira words\ira_0374.wav,1.4735,0.1656,-53,0.29296875,False,111,0.93359375,0.04,True,49,79ab80ebb4b08e3a99e90130d090e7c542a22906
ira_0454.wav,D:\SIH\ira-wakeword\ira words\ira words\ira_0454.wav,0.9935,0.0,-53,0.29296875,False,-53,0.29296875,0.0,False,1,53edef6e7c45e74fe5ef70751be80081186d4d2e
ira_0540.wav,D:\SIH\ira-wakeword\ira words\ira words\ira_0540.wav,1.8135,0.4701,-53,0.29296875,False,-11,0.45703125,0.02,True,83,4d4e28ceeee87f459c24184e8e30ed198121ff66
ira_0624.wav,D:\SIH\ira-wakeword\ira words\ira words\ira_0624.wav,1.6935,0.6699,-53,0.29296875,False,87,0.83984375,0.41,True,71,41d6edd040a7f714d2cb5c75d744a00397e52d99
ira_0683.wav,D:\SIH\ira-wakeword\ira words\ira words\ira_0683.wav,1.4135,0.3489,-53,0.29296875,False,0,0.5,0.41,True,43,b6adb75a8a5bddd4a1f7301ce38096694eb118fa
ira_0792.wav,D:\SIH\ira-wakeword\ira words\ira words\ira_0792.wav,1.1335,0.1335,-53,0.29296875,False,123,0.98046875,0.03,True,15,b55bde052f15ae21b47eac109a16ecf9dea8b361
ira_0176.wav,D:\SIH\ira-wakeword\ira words\ira words\ira_0176.wav,1.2335,0.1854,-57,0.27734375,False,125,0.98828125,0.01,True,25,73b25e4c2b15c264a9223bb4ad24a75021a0dea3
ira_0242.wav,D:\SIH\ira-wakeword\ira words\ira words\ira_0242.wav,1.1335,0.1335,-57,0.27734375,False,93,0.86328125,0.03,True,15,934c55fd136efab7f1ef73556b8f22a3ba2df297
ira_0293.wav,D:\SIH\ira-wakeword\ira words\ira words\ira_0293.wav,1.0935,0.0935,-57,0.27734375,False,111,0.93359375,0.0,True,11,14c3d99a0617bb4e09a032d6da5fd57d44bc17aa
ira_0349.wav,D:\SIH\ira-wakeword\ira words\ira words\ira_0349.wav,1.4135,0.4101,-57,0.27734375,False,22,0.5859375,0.09,True,43,edccb376aaed91d3189ee9e7d3b153dd544e42df
ira_0412.wav,D:\SIH\ira-wakeword\ira words\ira words\ira_0412.wav,1.3335,0.3161,-57,0.27734375,False,125,0.98828125,0.04,True,35,4f3dc569086e0a929aeeea86e714faebd1290e6b
ira_0524.wav,D:\SIH\ira-wakeword\ira words\ira words\ira_0524.wav,1.7135,0.6282,-57,0.27734375,False,117,0.95703125,0.39,True,73,e72a4299d119e88d110bbc42d6706d4fcbc8b0d2
ira_0795.wav,D:\SIH\ira-wakeword\ira words\ira words\ira_0795.wav,1.1935,0.1935,-57,0.27734375,False,122,0.9765625,0.04,True,21,bf3104381b2103c4d6f84a3c5330c40936e7c0f5
ira_0195.wav,D:\SIH\ira-wakeword\ira words\ira words\ira_0195.wav,1.1735,0.1735,-61,0.26171875,False,-48,0.3125,0.13,False,19,8f797d424607be4c582427c3e18671da5f76d57a
ira_0368.wav,D:\SIH\ira-wakeword\ira words\ira words\ira_0368.wav,0.9735,0.0,-61,0.26171875,False,-61,0.26171875,0.0,False,1,f45937ff0ca8de9cd7b6e4ee13ccddf407a7d6da
ira_0439.wav,D:\SIH\ira-wakeword\ira words\ira words\ira_0439.wav,1.2335,0.1943,-61,0.26171875,False,120,0.96875,0.01,True,25,cd6ff8657f6e9eeace4cb017eab0916f2563fd94
ira_0616.wav,D:\SIH\ira-wakeword\ira words\ira words\ira_0616.wav,1.5335,0.2627,-61,0.26171875,False,95,0.87109375,0.24,True,55,8d2f1df88acf1d6a48c74f6378c80dc6b46564ff
ira_0098.wav,D:\SIH\ira-wakeword\ira words\ira words\ira_0098.wav,1.2535,0.1867,-66,0.2421875,False,125,0.98828125,0.04,True,27,a5f1822f778b3bed71e438d6c01abb1f39e86a3c
ira_0189.wav,D:\SIH\ira-wakeword\ira words\ira words\ira_0189.wav,1.4335,0.1477,-66,0.2421875,False,-33,0.37109375,0.0,False,45,8c193aed204b1e9d2510924839552bec4cdcbcff
ira_0352.wav,D:\SIH\ira-wakeword\ira words\ira words\ira_0352.wav,1.4935,0.167,-66,0.2421875,False,118,0.9609375,0.04,True,51,13932f1bb2a58dcd9b79194576b2db8d2ef4699f
ira_0365.wav,D:\SIH\ira-wakeword\ira words\ira words\ira_0365.wav,0.9335,0.0,-66,0.2421875,False,-66,0.2421875,0.0,False,1,5edb1efd3ae2d1a3c56b49648c47a911022de7df
ira_0390.wav,D:\SIH\ira-wakeword\ira words\ira words\ira_0390.wav,1.4935,0.3854,-66,0.2421875,False,38,0.6484375,0.41,True,51,2cd5c163f6c6c8a247421118a50dd2bf14d34e3d
ira_0464.wav,D:\SIH\ira-wakeword\ira words\ira words\ira_0464.wav,1.1935,0.1933,-66,0.2421875,False,117,0.95703125,0.0,True,21,758e8e4706a2969f012a611cd9688743b3e34aee
ira_0480.wav,D:\SIH\ira-wakeword\ira words\ira words\ira_0480.wav,1.1135,0.1135,-66,0.2421875,False,77,0.80078125,0.03,True,13,1fce9380122f3e4ee3c397b22d397ad7efbed224
ira_0541.wav,D:\SIH\ira-wakeword\ira words\ira words\ira_0541.wav,2.3535,0.4343,-66,0.2421875,False,115,0.94921875,0.54,True,137,ca774de533a06b7a18951039e978144c39363d69
ira_0560.wav,D:\SIH\ira-wakeword\ira words\ira words\ira_0560.wav,1.2335,0.2335,-66,0.2421875,False,112,0.9375,0.09,True,25,e2631c18b899ec737189538024c264c9d24ca015
ira_0791.wav,D:\SIH\ira-wakeword\ira words\ira words\ira_0791.wav,1.3935,0.2151,-66,0.2421875,False,120,0.96875,0.07,True,41,202fd53ddd2051bd60fddd55bb8068c97a8e7260
ira_0040.wav,D:\SIH\ira-wakeword\ira words\ira words\ira_0040.wav,1.3735,0.2519,-70,0.2265625,False,109,0.92578125,0.0,True,39,0ef041471805ae12a801d8f33d7e06320202079a
ira_0230.wav,D:\SIH\ira-wakeword\ira words\ira words\ira_0230.wav,2.3335,0.1965,-70,0.2265625,False,123,0.98046875,0.01,True,135,cc98f961280ccc213c3022380083656f3ee536b2
ira_0662.wav,D:\SIH\ira-wakeword\ira words\ira words\ira_0662.wav,1.1735,0.1735,-70,0.2265625,False,98,0.8828125,0.04,True,19,a8c610c4c95e371f0591625ff0127147998603c0
ira_0187.wav,D:\SIH\ira-wakeword\ira words\ira words\ira_0187.wav,1.3335,0.255,-74,0.2109375,False,61,0.73828125,0.05,True,35,77bce9813da0307adf7d4860de1d08dc2b338704
ira_0339.wav,D:\SIH\ira-wakeword\ira words\ira words\ira_0339.wav,1.1535,0.1535,-74,0.2109375,False,102,0.8984375,0.01,True,17,16f591d157ff6984992c9254df396298272d7e08
ira_0415.wav,D:\SIH\ira-wakeword\ira words\ira words\ira_0415.wav,1.3535,0.2406,-74,0.2109375,False,122,0.9765625,0.04,True,37,3487e9e0cdc0ace456273c828780d747f9236234
ira_0558.wav,D:\SIH\ira-wakeword\ira words\ira words\ira_0558.wav,2.2335,0.4576,-74,0.2109375,False,93,0.86328125,0.05,True,125,9aa458eeb2a701331f9f880f7210bfaa6be171ba
ira_0691.wav,D:\SIH\ira-wakeword\ira words\ira words\ira_0691.wav,1.3735,0.3721,-74,0.2109375,False,17,0.56640625,0.35,True,39,73155f5a422068f0355a5845c0ffbbf09647d17e
ira_0742.wav,D:\SIH\ira-wakeword\ira words\ira words\ira_0742.wav,1.4935,0.4935,-74,0.2109375,False,57,0.72265625,0.1,True,51,7d78d8d92cfdc057eb05c7376004e78167783f1a
ira_0807.wav,D:\SIH\ira-wakeword\ira words\ira words\ira_0807.wav,1.4335,0.2512,-74,0.2109375,False,111,0.93359375,0.05,True,45,79bb078eae7eda9443143cfdafadb55a1faf3578
ira_0166.wav,D:\SIH\ira-wakeword\ira words\ira words\ira_0166.wav,1.2735,0.1721,-77,0.19921875,False,125,0.98828125,0.02,True,29,aeef748f36e2202baab002070c1efd5fcb56cf53
ira_0199.wav,D:\SIH\ira-wakeword\ira words\ira words\ira_0199.wav,1.4335,0.1869,-77,0.19921875,False,-77,0.19921875,0.1869,False,45,94702af042939613461bf5e9896a54506da04840
ira_0537.wav,D:\SIH\ira-wakeword\ira words\ira words\ira_0537.wav,1.6135,0.259,-77,0.19921875,False,66,0.7578125,0.03,True,63,b6babbf657f26a028bb8599bc0b65f8a2739fad3
ira_0578.wav,D:\SIH\ira-wakeword\ira words\ira words\ira_0578.wav,1.7135,0.5176,-77,0.19921875,False,27,0.60546875,0.02,True,73,a1be5202d2a200b518d822dc4c5019497ff22956
ira_0695.wav,D:\SIH\ira-wakeword\ira words\ira words\ira_0695.wav,1.1335,0.1335,-77,0.19921875,False,-27,0.39453125,0.11,False,15,9f3ab942117fcf215564854edc851d7569ab25bd
ira_0793.wav,D:\SIH\ira-wakeword\ira words\ira words\ira_0793.wav,1.3535,0.2111,-77,0.19921875,False,120,0.96875,0.01,True,37,e0bb0d0d12a9b483ca6a9692f3df0efd52d9643b
ira_0059.wav,D:\SIH\ira-wakeword\ira words\ira words\ira_0059.wav,1.5335,0.4017,-81,0.18359375,False,114,0.9453125,0.02,True,55,2999ae8b6f0018b47637506613e5240a2e7e0a60
ira_0181.wav,D:\SIH\ira-wakeword\ira words\ira words\ira_0181.wav,1.0935,0.0935,-81,0.18359375,False,-22,0.4140625,0.09,True,11,f44011a747811f857355d7adb552ea588e7c495c
ira_0193.wav,D:\SIH\ira-wakeword\ira words\ira words\ira_0193.wav,1.3135,0.3135,-81,0.18359375,False,-17,0.43359375,0.15,True,33,1e9a17e4ef3c5b3d042e08d34a4457d411106911
ira_0441.wav,D:\SIH\ira-wakeword\ira words\ira words\ira_0441.wav,1.3935,0.2276,-81,0.18359375,False,109,0.92578125,0.03,True,41,bb9cacd9c6d0692c02a47925004922f5fe6f433f
ira_0744.wav,D:\SIH\ira-wakeword\ira words\ira words\ira_0744.wav,1.0935,0.0935,-81,0.18359375,False,-38,0.3515625,0.06,False,11,96f41c1f9ba64740668261971adc67cbf6b642ee
ira_0020.wav,D:\SIH\ira-wakeword\ira words\ira words\ira_0020.wav,1.4535,0.2146,-84,0.171875,False,104,0.90625,0.01,True,47,bebfe2dfe6cde8cf4e6da03cfbc804139021ae8f
ira_0033.wav,D:\SIH\ira-wakeword\ira words\ira words\ira_0033.wav,1.6335,0.1854,-84,0.171875,False,120,0.96875,0.01,True,65,987254bec6860ffebe41e6c847747db2595e80f8
ira_0069.wav,D:\SIH\ira-wakeword\ira words\ira words\ira_0069.wav,1.3535,0.215,-84,0.171875,False,102,0.8984375,0.01,True,37,c49b76eb23611d61e3bcc98389b4670e0e8e4540
ira_0245.wav,D:\SIH\ira-wakeword\ira words\ira words\ira_0245.wav,1.1135,0.1135,-84,0.171875,False,-6,0.4765625,0.03,True,13,92b9264ff755b9c2fb40beb1e9e9f1b809ad8d25
ira_0353.wav,D:\SIH\ira-wakeword\ira words\ira words\ira_0353.wav,1.3735,0.1621,-84,0.171875,False,111,0.93359375,0.06,True,39,a1fdfc708f211f3e6668fc445967fd07bac0e002
ira_0405.wav,D:\SIH\ira-wakeword\ira words\ira words\ira_0405.wav,1.5935,0.4714,-84,0.171875,False,119,0.96484375,0.06,True,61,c74cc6c1c03e2bebe5dcf27cf4e2c31442d74d66
ira_0468.wav,D:\SIH\ira-wakeword\ira words\ira words\ira_0468.wav,1.4335,0.2754,-84,0.171875,False,119,0.96484375,0.03,True,45,c9ad44e85c59a1e0504b533932e417664a519a1e
ira_0556.wav,D:\SIH\ira-wakeword\ira words\ira words\ira_0556.wav,1.6935,0.3427,-84,0.171875,False,-53,0.29296875,0.6935,False,71,ce35f6aa5aaab9dbd59410f988a5e3ec4b1742fc
ira_0748.wav,D:\SIH\ira-wakeword\ira words\ira words\ira_0748.wav,1.2735,0.2735,-84,0.171875,False,-77,0.19921875,0.26,False,29,5cd1d18e498d51692734804ac75b068af13551df
ira_0750.wav,D:\SIH\ira-wakeword\ira words\ira words\ira_0750.wav,0.9735,0.0,-84,0.171875,False,-84,0.171875,0.0,False,1,ae183761ea57850e168f1d4e206ac45665e0e848
ira_0753.wav,D:\SIH\ira-wakeword\ira words\ira words\ira_0753.wav,0.9535,0.0,-84,0.171875,False,-84,0.171875,0.0,False,1,f3acba08f777ebb208165d33caece3fae250e9dc
ira_0812.wav,D:\SIH\ira-wakeword\ira words\ira words\ira_0812.wav,1.2735,0.2125,-84,0.171875,False,109,0.92578125,0.05,True,29,ddc8609ac76a4ece8751d4701a0e85af2eae742b
ira_0078.wav,D:\SIH\ira-wakeword\ira words\ira words\ira_0078.wav,1.3735,0.3613,-87,0.16015625,False,48,0.6875,0.04,True,39,6703edef95928b6485f3aca635f956e1cb97f18f
ira_0303.wav,D:\SIH\ira-wakeword\ira words\ira words\ira_0303.wav,1.1135,0.1135,-87,0.16015625,False,113,0.94140625,0.03,True,13,6599ebfbdc97207077b284786c80eabaa187a6b2
ira_0431.wav,D:\SIH\ira-wakeword\ira words\ira words\ira_0431.wav,1.1935,0.1935,-87,0.16015625,False,116,0.953125,0.03,True,21,e2c794ef3f227d979d84de34b8f3c30513eae5a3
ira_0444.wav,D:\SIH\ira-wakeword\ira words\ira words\ira_0444.wav,1.3135,0.2392,-87,0.16015625,False,119,0.96484375,0.02,True,33,8047053a79ce3da6eddc75ed9fa621d33a5473d2
ira_0456.wav,D:\SIH\ira-wakeword\ira words\ira words\ira_0456.wav,1.2535,0.2535,-87,0.16015625,False,102,0.8984375,0.03,True,27,9c31dbd34c3e0874022e63c1a2c436f253b94a91
ira_0461.wav,D:\SIH\ira-wakeword\ira words\ira words\ira_0461.wav,1.1935,0.1931,-87,0.16015625,False,116,0.953125,0.09,True,21,2f957ae5367d2f837b7888ed0558c5199239738b
ira_0462.wav,D:\SIH\ira-wakeword\ira words\ira words\ira_0462.wav,1.3735,0.2387,-87,0.16015625,False,120,0.96875,0.03,True,39,d32b2c9aaec4057cd3638fe557fd8ce7790047e9
ira_0467.wav,D:\SIH\ira-wakeword\ira words\ira words\ira_0467.wav,1.1135,0.1135,-87,0.16015625,False,104,0.90625,0.01,True,13,653e77ab1aefbb4c53fb911608bfb664ac1e32a7
ira_0687.wav,D:\SIH\ira-wakeword\ira words\ira words\ira_0687.wav,1.3335,0.3335,-87,0.16015625,False,-53,0.29296875,0.21,False,35,bbc0b30e1794ac02b772510bb33604e0f6c9783a
ira_0378.wav,D:\SIH\ira-wakeword\ira words\ira words\ira_0378.wav,1.2935,0.1814,-90,0.1484375,False,112,0.9375,0.02,True,31,3a62260e9c9a975766ec179b1d94d90be863bcfb
ira_0497.wav,D:\SIH\ira-wakeword\ira words\ira words\ira_0497.wav,1.2935,0.1999,-90,0.1484375,False,120,0.96875,0.04,True,31,57dc09509347b8b5f96b1565c74245e7ef5b0197
ira_0544.wav,D:\SIH\ira-wakeword\ira words\ira words\ira_0544.wav,1.4735,0.03,-90,0.1484375,False,61,0.73828125,0.26,True,49,c9970cd6262da6e921de8f5aebf3c416fff0f6ca
ira_0755.wav,D:\SIH\ira-wakeword\ira words\ira words\ira_0755.wav,1.0535,0.0535,-90,0.1484375,False,93,0.86328125,0.01,True,7,63326ad243a2430762c8410291cfc4cf83ed1b80
ira_0765.wav,D:\SIH\ira-wakeword\ira words\ira words\ira_0765.wav,1.2135,0.2135,-90,0.1484375,False,81,0.81640625,0.08,True,23,5fa01b9f38097970a79b33c05e235968248fa2e7
ira_0163.wav,D:\SIH\ira-wakeword\ira words\ira words\ira_0163.wav,1.1935,0.1765,-93,0.13671875,False,114,0.9453125,0.02,True,21,7951f34c3e1eb2c615ad55a6a4b82791e79adda8
ira_0248.wav,D:\SIH\ira-wakeword\ira words\ira words\ira_0248.wav,1.7735,0.5547,-93,0.13671875,False,124,0.984375,0.03,True,79,bd19b7d408af5dbf3f1a8eac275bc7db379bd128
ira_0320.wav,D:\SIH\ira-wakeword\ira words\ira words\ira_0320.wav,1.1735,0.1713,-93,0.13671875,False,81,0.81640625,0.04,True,19,2fb190836a23b4d50795cb924fd66e298c62b32a
ira_0403.wav,D:\SIH\ira-wakeword\ira words\ira words\ira_0403.wav,1.1735,0.1735,-93,0.13671875,False,108,0.921875,0.08,True,19,b0a69b33c558591c57683cbb2146dd2998750eca
ira_0406.wav,D:\SIH\ira-wakeword\ira words\ira words\ira_0406.wav,1.5735,0.4438,-93,0.13671875,False,11,0.54296875,0.04,True,59,606681ec2d8424bda490c166f60757c432877f18
ira_0450.wav,D:\SIH\ira-wakeword\ira words\ira words\ira_0450.wav,1.2135,0.2132,-93,0.13671875,False,93,0.86328125,0.06,True,23,f2c16634cbffe220c6d7c272c3922ea8b7908b69
ira_0466.wav,D:\SIH\ira-wakeword\ira words\ira words\ira_0466.wav,1.4135,0.2469,-93,0.13671875,False,115,0.94921875,0.02,True,43,1afb7d89591e1e7a924bf0f331a8f3c2d405f440
ira_0070.wav,D:\SIH\ira-wakeword\ira words\ira words\ira_0070.wav,1.5535,0.5148,-95,0.12890625,False,93,0.86328125,0.01,True,57,dcd1cca7cdfa54fdd734bb263b74f783f1adf78a
ira_0184.wav,D:\SIH\ira-wakeword\ira words\ira words\ira_0184.wav,1.4935,0.2753,-95,0.12890625,False,-22,0.4140625,0.49,True,51,50e6ad9f96c1c36be76c78f14b1ca3a7a91ea304
ira_0265.wav,D:\SIH\ira-wakeword\ira words\ira words\ira_0265.wav,1.0935,0.0935,-95,0.12890625,False,70,0.7734375,0.0,True,11,d885452a88f32de89900b898bca6acd8545429d0
ira_0688.wav,D:\SIH\ira-wakeword\ira words\ira words\ira_0688.wav,1.3335,0.3335,-95,0.12890625,False,-22,0.4140625,0.3,True,35,a3ac520c76b77afab8cbd65171139ceccb2feef3
ira_0689.wav,D:\SIH\ira-wakeword\ira words\ira words\ira_0689.wav,1.1735,0.1734,-95,0.12890625,False,-22,0.4140625,0.14,True,19,3d38c3b27038b23fa55b32b9e695c0e91090d06d
ira_0784.wav,D:\SIH\ira-wakeword\ira words\ira words\ira_0784.wav,2.5735,1.3276,-95,0.12890625,False,124,0.984375,0.04,True,159,4b2f9ae18278829868806584924d1b28bf64c980
ira_0143.wav,D:\SIH\ira-wakeword\ira words\ira words\ira_0143.wav,1.5135,0.1609,-98,0.1171875,False,100,0.890625,0.01,True,53,c2594c21b84c4632f0b4dccab8caf012595132ed
ira_0351.wav,D:\SIH\ira-wakeword\ira words\ira words\ira_0351.wav,1.8135,0.4761,-98,0.1171875,False,118,0.9609375,0.05,True,83,66194ee909e072199f5684a053b2d7a793dae1a9
ira_0370.wav,D:\SIH\ira-wakeword\ira words\ira words\ira_0370.wav,1.5735,0.3395,-98,0.1171875,False,123,0.98046875,0.02,True,59,676dfeda30772ebc82ba3ea9bc7b6dde8d2cd3f7
ira_0397.wav,D:\SIH\ira-wakeword\ira words\ira words\ira_0397.wav,1.2735,0.2734,-98,0.1171875,False,53,0.70703125,0.05,True,29,9121f198351a087a681fc0b916ae1165a6134ba5
ira_0422.wav,D:\SIH\ira-wakeword\ira words\ira words\ira_0422.wav,1.2735,0.2258,-98,0.1171875,False,119,0.96484375,0.02,True,29,8c0d4297565f57439af5d4d5866dc7915a4e5dd2
ira_0508.wav,D:\SIH\ira-wakeword\ira words\ira words\ira_0508.wav,1.2135,0.2121,-98,0.1171875,False,124,0.984375,0.04,True,23,c9346d1cf64c41c9651504f3dec2e5b9b3bdd7a4
ira_0676.wav,D:\SIH\ira-wakeword\ira words\ira words\ira_0676.wav,1.5735,0.5346,-98,0.1171875,False,111,0.93359375,0.07,True,59,2be90605818af3d8554d1196b99d0d7d2a29847a
ira_0816.wav,D:\SIH\ira-wakeword\ira words\ira words\ira_0816.wav,1.2735,0.2454,-98,0.1171875,False,90,0.8515625,0.03,True,29,5a68a29a0fc391787b617170cfca8d11c1733d3c
ira_0105.wav,D:\SIH\ira-wakeword\ira words\ira words\ira_0105.wav,1.2135,0.1838,-100,0.109375,False,117,0.95703125,0.01,True,23,290bbd735d563dcb30bbe6d7db9cbada1bdc6a44
ira_0363.wav,D:\SIH\ira-wakeword\ira words\ira words\ira_0363.wav,1.3535,0.161,-100,0.109375,False,108,0.921875,0.02,True,37,3ca4ff8a51fe8ff5d46f27390b4e2f8d99df7adf
ira_0779.wav,D:\SIH\ira-wakeword\ira words\ira words\ira_0779.wav,0.9735,0.0,-100,0.109375,False,-100,0.109375,0.0,False,1,0607ead5fba559f2c324b1171530a96fc3c0c7ab
ira_0781.wav,D:\SIH\ira-wakeword\ira words\ira words\ira_0781.wav,1.6335,0.2185,-100,0.109375,False,121,0.97265625,0.07,True,65,ea2cd997ad0f1cbb0b73ce1037e4614a6ebb6fc1
ira_0782.wav,D:\SIH\ira-wakeword\ira words\ira words\ira_0782.wav,2.2135,0.8302,-100,0.109375,False,124,0.984375,0.02,True,123,e1a26e707cc2a08c3ceb5a45ece3ab820e2bcb72
ira_0023.wav,D:\SIH\ira-wakeword\ira words\ira words\ira_0023.wav,1.3935,0.1963,-102,0.1015625,False,115,0.94921875,0.01,True,41,38962941683fd8e5cd1621cdaa4f8147ebafb0de
ira_0226.wav,D:\SIH\ira-wakeword\ira words\ira words\ira_0226.wav,1.9535,0.1391,-102,0.1015625,False,117,0.95703125,0.03,True,97,7e0f5ae42ecb3f0ea0628acfa9370a6c81de8fee
ira_0244.wav,D:\SIH\ira-wakeword\ira words\ira words\ira_0244.wav,1.1535,0.1535,-102,0.1015625,False,43,0.66796875,0.07,True,17,f1669999cfdcf405cc8cffb0b3952f2e2e7c909c
ira_0419.wav,D:\SIH\ira-wakeword\ira words\ira words\ira_0419.wav,1.1935,0.1935,-102,0.1015625,False,120,0.96875,0.03,True,21,04a94f2e4de92239ab371483129d4bd863596705
ira_0465.wav,D:\SIH\ira-wakeword\ira words\ira words\ira_0465.wav,1.1535,0.1535,-102,0.1015625,False,120,0.96875,0.06,True,17,4c0c68da5eacda96762f0d343bd530d2eb3e34f3
ira_0536.wav,D:\SIH\ira-wakeword\ira words\ira words\ira_0536.wav,1.2135,0.2135,-102,0.1015625,False,6,0.5234375,0.06,True,23,9b11349816d13a49caef0d87c82417bec60dea22
ira_0561.wav,D:\SIH\ira-wakeword\ira words\ira words\ira_0561.wav,1.6335,0.2683,-102,0.1015625,False,123,0.98046875,0.1,True,65,960624820827e52032daa9063437d951d9f3d865
ira_0600.wav,D:\SIH\ira-wakeword\ira words\ira words\ira_0600.wav,1.5535,0.5094,-102,0.1015625,False,121,0.97265625,0.02,True,57,692b56016ae1a1412dae84a49df45751c8543e70
ira_0180.wav,D:\SIH\ira-wakeword\ira words\ira words\ira_0180.wav,1.5535,0.5427,-104,0.09375,False,-87,0.16015625,0.52,False,57,81acf0299014f6e0d47020efc697339f1c545c60
ira_0182.wav,D:\SIH\ira-wakeword\ira words\ira words\ira_0182.wav,3.3135,0.1124,-104,0.09375,False,57,0.72265625,0.92,True,233,5a351144341f2d4a967ea248af13432385107a4e
ira_0185.wav,D:\SIH\ira-wakeword\ira words\ira words\ira_0185.wav,1.5535,0.1943,-104,0.09375,False,-11,0.45703125,0.09,True,57,59b9ff3cb932e0f3f303be551b6e31e73e0e74b1
ira_0188.wav,D:\SIH\ira-wakeword\ira words\ira words\ira_0188.wav,1.4935,0.4528,-104,0.09375,False,-48,0.3125,0.31,False,51,38ad16d6f85cf8889e79c0f8a4804f0dc20547b9
ira_0391.wav,D:\SIH\ira-wakeword\ira words\ira words\ira_0391.wav,2.5135,1.3149,-104,0.09375,False,106,0.9140625,0.0,True,153,552f4b4816036280824cfab76bb35d44b45bbf9f
ira_0459.wav,D:\SIH\ira-wakeword\ira words\ira words\ira_0459.wav,1.1935,0.1935,-104,0.09375,False,112,0.9375,0.04,True,21,c5a8256b4a09bd68865bce8246ec420fad908888
ira_0573.wav,D:\SIH\ira-wakeword\ira words\ira words\ira_0573.wav,1.5735,0.3819,-104,0.09375,False,-43,0.33203125,0.13,False,59,6154175d62e085375555281659084a4c20e42b40
ira_0581.wav,D:\SIH\ira-wakeword\ira words\ira words\ira_0581.wav,1.2735,0.2219,-104,0.09375,False,81,0.81640625,0.03,True,29,4637e9a7d6647af5551c57939a8c9bcd24198c51
ira_0749.wav,D:\SIH\ira-wakeword\ira words\ira words\ira_0749.wav,1.0335,0.0304,-104,0.09375,False,81,0.81640625,0.01,True,5,0f37fd6b9a5df21e148715e0e2fc7b882ed8671a
ira_0833.wav,D:\SIH\ira-wakeword\ira words\ira words\ira_0833.wav,1.0535,0.0535,-104,0.09375,False,-22,0.4140625,0.03,True,7,10395ba349376b6e27ea7320e4f69d4b57e6d09e
ira_0019.wav,D:\SIH\ira-wakeword\ira words\ira words\ira_0019.wav,1.4535,0.1819,-106,0.0859375,False,90,0.8515625,0.25,True,47,b96b15e721e89ac29850d106f0f38241e82d3e49
ira_0200.wav,D:\SIH\ira-wakeword\ira words\ira words\ira_0200.wav,2.4335,1.0543,-106,0.0859375,False,77,0.80078125,1.04,True,145,f43a5efa7a9f8403deee6f7c81a380dccef03ef9
ira_0360.wav,D:\SIH\ira-wakeword\ira words\ira words\ira_0360.wav,1.2135,0.155,-106,0.0859375,False,114,0.9453125,0.04,True,23,d8ae9a7bd66de1cfd77b93e68273d2d8194f638a
ira_0491.wav,D:\SIH\ira-wakeword\ira words\ira words\ira_0491.wav,1.7935,0.5586,-106,0.0859375,False,123,0.98046875,0.02,True,81,a85cf26aee3c472b5d6e581807556fcf0543a97e
ira_0758.wav,D:\SIH\ira-wakeword\ira words\ira words\ira_0758.wav,1.6335,0.3965,-106,0.0859375,False,125,0.98828125,0.0,True,65,d4bb2b68bdc7ac9d8bf07f1c4c9bc53b669c5600
ira_0469.wav,D:\SIH\ira-wakeword\ira words\ira words\ira_0469.wav,1.6335,0.4459,-108,0.078125,False,114,0.9453125,0.01,True,65,fa224ac2165cef2ec3d3abd5afe834acc9ddb976
ira_0783.wav,D:\SIH\ira-wakeword\ira words\ira words\ira_0783.wav,1.3135,0.3134,-108,0.078125,False,74,0.7890625,0.09,True,33,19874ca2a352d018afad5134f1957402dac92ad1
ira_0814.wav,D:\SIH\ira-wakeword\ira words\ira words\ira_0814.wav,1.8735,0.6184,-108,0.078125,False,123,0.98046875,0.04,True,89,bc4ba66e70abd55cd93e4c3f8b1621af07f72922
ira_0235.wav,D:\SIH\ira-wakeword\ira words\ira words\ira_0235.wav,1.5135,0.4883,-109,0.07421875,False,117,0.95703125,0.05,True,53,9a21a01c5b5ddbba5d8798b885f575e3bfaf902f
ira_0236.wav,D:\SIH\ira-wakeword\ira words\ira words\ira_0236.wav,1.5935,0.5193,-109,0.07421875,False,123,0.98046875,0.02,True,61,d63a50a85e21826d18fca4718378e9c0356d8962
ira_0251.wav,D:\SIH\ira-wakeword\ira words\ira words\ira_0251.wav,1.0535,0.0535,-109,0.07421875,False,-61,0.26171875,0.0,False,7,27524f9cc34e51cbda7d31a3f8bfd2390deb8120
ira_0361.wav,D:\SIH\ira-wakeword\ira words\ira words\ira_0361.wav,1.5935,0.2285,-109,0.07421875,False,114,0.9453125,0.03,True,61,6bfa32fe83414bac6856ed3be571c0e220ed61bc
ira_0395.wav,D:\SIH\ira-wakeword\ira words\ira words\ira_0395.wav,1.2935,0.2924,-109,0.07421875,False,-102,0.1015625,0.28,False,31,72f602c2fd49d299ff415440e2177d8a029dba9c
ira_0539.wav,D:\SIH\ira-wakeword\ira words\ira words\ira_0539.wav,1.9935,0.4671,-109,0.07421875,False,-53,0.29296875,0.01,False,101,99ed2534460e6cc16b3897d03668e33ee7fe23f6
ira_0546.wav,D:\SIH\ira-wakeword\ira words\ira words\ira_0546.wav,1.5735,0.5201,-109,0.07421875,False,-22,0.4140625,0.28,True,59,3a6ef84c1f7def65a2442dd4a155e9046a953c8d
ira_0191.wav,D:\SIH\ira-wakeword\ira words\ira words\ira_0191.wav,1.4735,0.2983,-111,0.06640625,False,22,0.5859375,0.11,True,49,80c9824f9c18e0287e21e173d8978ce4d2c825d3
ira_0192.wav,D:\SIH\ira-wakeword\ira words\ira words\ira_0192.wav,1.4335,0.3944,-111,0.06640625,False,-6,0.4765625,0.06,True,45,99de45be47ea210ac19245fe362b6cf567e79512
ira_0197.wav,D:\SIH\ira-wakeword\ira words\ira words\ira_0197.wav,1.0935,0.0922,-111,0.06640625,False,-111,0.06640625,0.0922,False,11,16e14bc083fda8d5048c976da838e0a621f6add6
ira_0340.wav,D:\SIH\ira-wakeword\ira words\ira words\ira_0340.wav,1.6335,0.1931,-111,0.06640625,False,66,0.7578125,0.03,True,65,6742767d2d623a073d22af1fd97f932993b79d56
ira_0435.wav,D:\SIH\ira-wakeword\ira words\ira words\ira_0435.wav,1.3335,0.1863,-111,0.06640625,False,108,0.921875,0.05,True,35,b7c89c7432ecffc4b5ebe21aa1c4d7037b245d4e
ira_0054.wav,D:\SIH\ira-wakeword\ira words\ira words\ira_0054.wav,2.0335,0.7947,-112,0.0625,False,108,0.921875,0.03,True,105,22529bf3935f76c86477063fd4d4f6f35a9ef3c8
ira_0196.wav,D:\SIH\ira-wakeword\ira words\ira words\ira_0196.wav,1.2735,0.2709,-112,0.0625,False,-84,0.171875,0.24,False,29,b7a73630ee7fe8c9086bd7c6e094498b6ad66837
ira_0237.wav,D:\SIH\ira-wakeword\ira words\ira words\ira_0237.wav,1.1335,0.1335,-112,0.0625,False,33,0.62890625,0.03,True,15,41c7e0861e1e93eb55dd01a04138c34bf9a36692
ira_0325.wav,D:\SIH\ira-wakeword\ira words\ira words\ira_0325.wav,1.1335,0.1335,-112,0.0625,False,116,0.953125,0.01,True,15,27851f3b116d625a3bb449784ddf059369bfe3d9
ira_0455.wav,D:\SIH\ira-wakeword\ira words\ira words\ira_0455.wav,1.2335,0.2328,-112,0.0625,False,66,0.7578125,0.02,True,25,b16142d99846174592679491bc3b392926d5085b
ira_0757.wav,D:\SIH\ira-wakeword\ira words\ira words\ira_0757.wav,0.9935,0.0,-112,0.0625,False,-112,0.0625,0.0,False,1,d15b41ee9054032767545009dab520489a5a6f6e
ira_0198.wav,D:\SIH\ira-wakeword\ira words\ira words\ira_0198.wav,1.1535,0.1111,-113,0.05859375,False,-95,0.12890625,0.08,False,17,39454231db8d73cbf61272cc37f797f71c67d91a
ira_0364.wav,D:\SIH\ira-wakeword\ira words\ira words\ira_0364.wav,1.2135,0.1872,-113,0.05859375,False,111,0.93359375,0.06,True,23,2c175c70af42a146c38c175dbfaef49bf09b64f9
ira_0492.wav,D:\SIH\ira-wakeword\ira words\ira words\ira_0492.wav,1.1535,0.1535,-113,0.05859375,False,95,0.87109375,0.06,True,17,c988289b01bbcb168bcabf9225949d391cdae8a0
ira_0576.wav,D:\SIH\ira-wakeword\ira words\ira words\ira_0576.wav,2.1335,0.5884,-113,0.05859375,False,22,0.5859375,0.01,True,115,12d275d8dcf05fb728bef138eca98f6d55d73c41
ira_0741.wav,D:\SIH\ira-wakeword\ira words\ira words\ira_0741.wav,1.2335,0.2335,-113,0.05859375,False,-33,0.37109375,0.19,False,25,25ea7f19ea39e41deb16497304c580e2c925403f
ira_0183.wav,D:\SIH\ira-wakeword\ira words\ira words\ira_0183.wav,1.0935,0.0931,-114,0.0546875,False,-98,0.1171875,0.09,False,11,1d17f14fbf7e31debf09fc188fd79ce8f1bc5f65
ira_0693.wav,D:\SIH\ira-wakeword\ira words\ira words\ira_0693.wav,1.3335,0.3335,-114,0.0546875,False,-66,0.2421875,0.3,False,35,092cb3e266bd3aab614ea508ebbeda31677c4f52
ira_0194.wav,D:\SIH\ira-wakeword\ira words\ira words\ira_0194.wav,1.3535,0.2762,-115,0.05078125,False,-93,0.13671875,0.25,False,37,2f51b1d6b9416e5cb3938201ffd417a75af0707f
ira_0215.wav,D:\SIH\ira-wakeword\ira words\ira words\ira_0215.wav,1.4935,0.1208,-115,0.05078125,False,-6,0.4765625,0.01,True,51,81f9b5d6e37630467740c09b144f4e9b9e910d9f
ira_0240.wav,D:\SIH\ira-wakeword\ira words\ira words\ira_0240.wav,1.1735,0.1735,-115,0.05078125,False,-77,0.19921875,0.01,False,19,bbab15d4f177b6a7115279289a0ba0c72c03ed39
ira_0356.wav,D:\SIH\ira-wakeword\ira words\ira words\ira_0356.wav,1.5535,0.2906,-115,0.05078125,False,116,0.953125,0.03,True,57,073dd520776b1e64111ea579984ba31a862efd2d
ira_0417.wav,D:\SIH\ira-wakeword\ira words\ira words\ira_0417.wav,1.3535,0.3535,-115,0.05078125,False,120,0.96875,0.06,True,37,7df6314e095fe4a34d0c3744f7059831d3172bee
ira_0453.wav,D:\SIH\ira-wakeword\ira words\ira words\ira_0453.wav,1.3135,0.2316,-115,0.05078125,False,87,0.83984375,0.05,True,33,134c139a6004a06a94101438e4ac661978194b5e
ira_0401.wav,D:\SIH\ira-wakeword\ira words\ira words\ira_0401.wav,1.1335,0.1335,-116,0.046875,False,-43,0.33203125,0.02,False,15,31e75c31ce14c74c0aa659803d600618a5a1a76f
ira_0437.wav,D:\SIH\ira-wakeword\ira words\ira words\ira_0437.wav,1.1735,0.1653,-116,0.046875,False,109,0.92578125,0.06,True,19,104f45b9ce08864f2ed9a580bdcbf480e202e1da
ira_0487.wav,D:\SIH\ira-wakeword\ira words\ira words\ira_0487.wav,1.2135,0.2135,-116,0.046875,False,113,0.94140625,0.03,True,23,c7f46b43933a5462f5bb2a1c8d25b8ac21533002
ira_0494.wav,D:\SIH\ira-wakeword\ira words\ira words\ira_0494.wav,1.1935,0.1923,-116,0.046875,False,106,0.9140625,0.02,True,21,e615cf85308096659f31042ccb17a911f3fee60e
ira_0542.wav,D:\SIH\ira-wakeword\ira words\ira words\ira_0542.wav,2.4335,0.7586,-116,0.046875,False,111,0.93359375,0.51,True,145,2137668bbd5271a203dda63b6c41bc662bf4abc9
ira_0062.wav,D:\SIH\ira-wakeword\ira words\ira words\ira_0062.wav,1.3935,0.1589,-117,0.04296875,False,109,0.92578125,0.03,True,41,1eff5f6eafe04b0150467d43d5dcf7103086478c
ira_0634.wav,D:\SIH\ira-wakeword\ira words\ira words\ira_0634.wav,2.0335,0.8464,-117,0.04296875,False,113,0.94140625,0.42,True,105,3df00aef03b45a3c2183faddf6c7846e1d289150
ira_0680.wav,D:\SIH\ira-wakeword\ira words\ira words\ira_0680.wav,1.4335,0.2074,-117,0.04296875,False,93,0.86328125,0.06,True,45,6fef8f56316ad134f72d5b40fc85e397850869f2
ira_0685.wav,D:\SIH\ira-wakeword\ira words\ira words\ira_0685.wav,1.2535,0.2531,-117,0.04296875,False,-87,0.16015625,0.2,False,27,e8de927b3b4ced2e2771e080de25bdaa0df23ca2
ira_0803.wav,D:\SIH\ira-wakeword\ira words\ira words\ira_0803.wav,1.2335,0.2329,-117,0.04296875,False,118,0.9609375,0.01,True,25,65e9124d5f6bf0b422e0c91d9b9eae482041afb0
ira_0342.wav,D:\SIH\ira-wakeword\ira words\ira words\ira_0342.wav,1.7135,0.3821,-118,0.0390625,False,108,0.921875,0.01,True,73,94d008c98ca135639615cf1c9a275be4d8973e01
ira_0440.wav,D:\SIH\ira-wakeword\ira words\ira words\ira_0440.wav,1.2135,0.1633,-118,0.0390625,False,98,0.8828125,0.01,True,23,af20a3ced8952a804ac19e880c0d5637bbf9c08d
ira_0790.wav,D:\SIH\ira-wakeword\ira words\ira words\ira_0790.wav,1.1335,0.1335,-118,0.0390625,False,98,0.8828125,0.05,True,15,af5b7bd9a15c4b5bde6a2f32f371b2ebfe713e02
ira_0064.wav,D:\SIH\ira-wakeword\ira words\ira words\ira_0064.wav,1.5335,0.1837,-119,0.03515625,False,93,0.86328125,0.46,True,55,735623bef64c78e1e56cb910190f4494f2a5972c
ira_0458.wav,D:\SIH\ira-wakeword\ira words\ira words\ira_0458.wav,1.1535,0.1535,-119,0.03515625,False,70,0.7734375,0.03,True,17,a6d55c6fe535a92675fdb51615b4a68d01d99ed8
ira_0502.wav,D:\SIH\ira-wakeword\ira words\ira words\ira_0502.wav,1.2535,0.2164,-119,0.03515625,False,109,0.92578125,0.06,True,27,6b9dd8796aba54345bb63d1d5e9fbf1a175b45c4
ira_0190.wav,D:\SIH\ira-wakeword\ira words\ira words\ira_0190.wav,1.2935,0.2072,-120,0.03125,False,-57,0.27734375,0.02,False,31,8a1e919b3edb63f1c3ec55d5a545eda6914355fe
ira_0305.wav,D:\SIH\ira-wakeword\ira words\ira words\ira_0305.wav,1.2535,0.2535,-120,0.03125,False,125,0.98828125,0.02,True,27,0383b5c46a0e446de63369a2e8cf0d9e48a0a48e
ira_0407.wav,D:\SIH\ira-wakeword\ira words\ira words\ira_0407.wav,1.2935,0.2703,-120,0.03125,False,93,0.86328125,0.03,True,31,36f01d08203626017f97f7108be1461328c6e947
ira_0543.wav,D:\SIH\ira-wakeword\ira words\ira words\ira_0543.wav,1.6535,0.3272,-120,0.03125,False,43,0.66796875,0.04,True,67,5a78d95ea26a51e7393d53ca82e328f407a0bed1
ira_0657.wav,D:\SIH\ira-wakeword\ira words\ira words\ira_0657.wav,1.5335,0.5335,-120,0.03125,False,-33,0.37109375,0.34,False,55,a4f71227aa741258e5d58dc31a37ed02104e9e4d
ira_0037.wav,D:\SIH\ira-wakeword\ira words\ira words\ira_0037.wav,1.3535,0.3535,-121,0.02734375,False,126,0.9921875,0.01,True,37,81acd34c3376a34e6a396aeb00d08926b02b2c33
ira_0229.wav,D:\SIH\ira-wakeword\ira words\ira words\ira_0229.wav,1.3735,0.3735,-121,0.02734375,False,124,0.984375,0.02,True,39,bb963842013d0db1171cd9522e236f4911abe78f
ira_0354.wav,D:\SIH\ira-wakeword\ira words\ira words\ira_0354.wav,2.9135,1.6584,-121,0.02734375,False,119,0.96484375,0.03,True,193,2d5a08669f848ad2f3e142147673e454af4a82c1
ira_0445.wav,D:\SIH\ira-wakeword\ira words\ira words\ira_0445.wav,1.1335,0.1335,-121,0.02734375,False,70,0.7734375,0.06,True,15,15a933893b56ef4a082291c79f328e1c033bf802
ira_0493.wav,D:\SIH\ira-wakeword\ira words\ira words\ira_0493.wav,1.2135,0.2131,-121,0.02734375,False,118,0.9609375,0.03,True,23,26aae5cfaba1770c27e7748a205d64d6df82d78d
ira_0312.wav,D:\SIH\ira-wakeword\ira words\ira words\ira_0312.wav,1.2335,0.1633,-122,0.0234375,False,48,0.6875,0.0,True,25,da9258f1545c4f39e72b989137a59ce16f0e67ec
ira_0389.wav,D:\SIH\ira-wakeword\ira words\ira words\ira_0389.wav,2.0935,0.9573,-122,0.0234375,False,-17,0.43359375,0.03,True,111,d1dea3ee1a51db7224d120789dbf4a876aa9b093
ira_0448.wav,D:\SIH\ira-wakeword\ira words\ira words\ira_0448.wav,1.4135,0.2472,-122,0.0234375,False,102,0.8984375,0.04,True,43,067fb124cbbb178a19ee0517311e017e21281f94
ira_0692.wav,D:\SIH\ira-wakeword\ira words\ira words\ira_0692.wav,1.3735,0.3735,-122,0.0234375,False,-118,0.0390625,0.24,False,39,aa370c7e0e4cf31fb4cdaa39d776632e82711362
ira_0694.wav,D:\SIH\ira-wakeword\ira words\ira words\ira_0694.wav,1.1135,0.1135,-122,0.0234375,False,-98,0.1171875,0.06,False,13,a1fc3cb9f8df3c644feae5a8440d7f8b5c96c028
ira_0058.wav,D:\SIH\ira-wakeword\ira words\ira words\ira_0058.wav,1.3135,0.3135,-123,0.01953125,False,57,0.72265625,0.0,True,33,722778bdb769203e54aefc70a4557e9d2fdb619e
ira_0393.wav,D:\SIH\ira-wakeword\ira words\ira words\ira_0393.wav,1.2135,0.2132,-123,0.01953125,False,-84,0.171875,0.03,False,23,0e761ce2e89589b038d54abe0b8756135dcbb7ac
ira_0538.wav,D:\SIH\ira-wakeword\ira words\ira words\ira_0538.wav,1.7335,0.4148,-123,0.01953125,False,-17,0.43359375,0.02,True,75,e1f56990fba2459083a36ddd2601133420f97823
ira_0227.wav,D:\SIH\ira-wakeword\ira words\ira words\ira_0227.wav,1.4135,0.4127,-124,0.015625,False,114,0.9453125,0.09,True,43,dfe02f731abcc3088386ae787de69afdfcb09a4c
ira_0232.wav,D:\SIH\ira-wakeword\ira words\ira words\ira_0232.wav,1.6335,0.5984,-124,0.015625,False,121,0.97265625,0.02,True,65,bc480451a568e6c923800ca7ff9ccf4377558d77
ira_0239.wav,D:\SIH\ira-wakeword\ira words\ira words\ira_0239.wav,1.8135,0.733,-124,0.015625,False,126,0.9921875,0.05,True,83,0260b350c6da5a621ec67f6d778bd059fdb783bf
ira_0457.wav,D:\SIH\ira-wakeword\ira words\ira words\ira_0457.wav,1.2335,0.2183,-124,0.015625,False,74,0.7890625,0.03,True,25,64d389ffbcc938d1b8159403c6292a0efe76c718
ira_0471.wav,D:\SIH\ira-wakeword\ira words\ira words\ira_0471.wav,1.3535,0.3018,-124,0.015625,False,115,0.94921875,0.07,True,37,a96ae763c6833c71166c974157f84cbf73c48805
ira_0483.wav,D:\SIH\ira-wakeword\ira words\ira words\ira_0483.wav,1.3135,0.2138,-124,0.015625,False,102,0.8984375,0.05,True,33,9706a788e81d1dfa0626987cab72b530aab51125
ira_0017.wav,D:\SIH\ira-wakeword\ira words\ira words\ira_0017.wav,1.4735,0.3902,-125,0.01171875,False,43,0.66796875,0.04,True,49,3fe4172882c88e7a6e07997fa70dd179c255e89a
ira_0247.wav,D:\SIH\ira-wakeword\ira words\ira words\ira_0247.wav,1.3735,0.3731,-125,0.01171875,False,100,0.890625,0.02,True,39,c22204be11c4013ce600e9974a4298b3a9940c60
ira_0315.wav,D:\SIH\ira-wakeword\ira words\ira words\ira_0315.wav,1.3135,0.2995,-125,0.01171875,False,22,0.5859375,0.0,True,33,ac4c65dffc62bded8b9635ca92f64a9fb235a6dd
ira_0357.wav,D:\SIH\ira-wakeword\ira words\ira words\ira_0357.wav,1.4935,0.3122,-125,0.01171875,False,77,0.80078125,0.02,True,51,687a9aa629cedb2052544e66b07ec7495065d520
ira_0413.wav,D:\SIH\ira-wakeword\ira words\ira words\ira_0413.wav,1.1535,0.1535,-125,0.01171875,False,113,0.94140625,0.02,True,17,d8a3dd0e051cb170d5bcc05ea5018d960b3dc442
ira_0451.wav,D:\SIH\ira-wakeword\ira words\ira words\ira_0451.wav,1.1535,0.1535,-125,0.01171875,False,70,0.7734375,0.02,True,17,e9a6b511fdc64c9f9494fc2b84b5c5287cdfe763
ira_0485.wav,D:\SIH\ira-wakeword\ira words\ira words\ira_0485.wav,1.1535,0.1535,-125,0.01171875,False,87,0.83984375,0.04,True,17,d77ebc527e63daec701c94f1fbe81c41a12db354
ira_0510.wav,D:\SIH\ira-wakeword\ira words\ira words\ira_0510.wav,1.3335,0.2056,-125,0.01171875,False,120,0.96875,0.07,True,35,f5dd06531f151ce68532f571a8f1e21f6d756f69
ira_0520.wav,D:\SIH\ira-wakeword\ira words\ira words\ira_0520.wav,1.8735,0.8735,-125,0.01171875,False,125,0.98828125,0.04,True,89,523f7b0a2624911d9466090cd5f71126e3674b1d
ira_0063.wav,D:\SIH\ira-wakeword\ira words\ira words\ira_0063.wav,1.9735,0.6594,-126,0.0078125,False,123,0.98046875,0.97,True,99,aa2917cb7bb39bfbf63b4b014300244fccdf6d42
ira_0068.wav,D:\SIH\ira-wakeword\ira words\ira words\ira_0068.wav,1.7935,0.6448,-126,0.0078125,False,123,0.98046875,0.02,True,81,3af4a9ff834dceb04513eb17c7b33d58adaa7755
ira_0209.wav,D:\SIH\ira-wakeword\ira words\ira words\ira_0209.wav,1.4335,0.2086,-126,0.0078125,False,-120,0.03125,0.03,False,45,d6fdb5f38aa5c84050e2b5875d05ad60ebb85ceb
ira_0213.wav,D:\SIH\ira-wakeword\ira words\ira words\ira_0213.wav,1.2335,0.2335,-126,0.0078125,False,-126,0.0078125,0.2335,False,25,be28c237814b8f221f840b2654602ae3638ed42e
ira_0216.wav,D:\SIH\ira-wakeword\ira words\ira words\ira_0216.wav,2.6935,0.6731,-126,0.0078125,False,53,0.70703125,0.03,True,171,12e43595d3f23a24f3aab5242d95fa89777956f7
ira_0219.wav,D:\SIH\ira-wakeword\ira words\ira words\ira_0219.wav,1.2135,0.2135,-126,0.0078125,False,70,0.7734375,0.04,True,23,c715e5cba55a5443cc010aa0a7c1e46d4bf59037
ira_0338.wav,D:\SIH\ira-wakeword\ira words\ira words\ira_0338.wav,1.5535,0.3673,-126,0.0078125,False,100,0.890625,0.03,True,57,9cbc2fe22245b1f4d1394de56346f5ff47dcd752
ira_0355.wav,D:\SIH\ira-wakeword\ira words\ira words\ira_0355.wav,1.6935,0.5122,-126,0.0078125,False,118,0.9609375,0.02,True,71,138004b54bb18e82e7ab8ccd782a3340f318cc70
ira_0470.wav,D:\SIH\ira-wakeword\ira words\ira words\ira_0470.wav,1.3135,0.2366,-126,0.0078125,False,48,0.6875,0.06,True,33,d410b600fde12fa5ff7ab494d63f9d3234d80a66
ira_0473.wav,D:\SIH\ira-wakeword\ira words\ira words\ira_0473.wav,1.2935,0.2086,-126,0.0078125,False,48,0.6875,0.03,True,31,aadab22c7662571d6ea16cd7bb2965a64241f643
ira_0475.wav,D:\SIH\ira-wakeword\ira words\ira words\ira_0475.wav,1.2935,0.2011,-126,0.0078125,False,87,0.83984375,0.04,True,31,eba688dc56bd524ff1943666271ad32a9ef75b3f
ira_0477.wav,D:\SIH\ira-wakeword\ira words\ira words\ira_0477.wav,1.3935,0.2008,-126,0.0078125,False,95,0.87109375,0.01,True,41,19a5385a4f59fec67d4b50c47b0f5b1ee7105783
ira_0482.wav,D:\SIH\ira-wakeword\ira words\ira words\ira_0482.wav,1.4535,0.2487,-126,0.0078125,False,93,0.86328125,0.07,True,47,70166a1c96e6221e42b259bf830e139c02bfb0bd
ira_0484.wav,D:\SIH\ira-wakeword\ira words\ira words\ira_0484.wav,1.3135,0.2501,-126,0.0078125,False,106,0.9140625,0.02,True,33,d20f618bd2c5c00982816e5dfafda5bae57f489e
ira_0488.wav,D:\SIH\ira-wakeword\ira words\ira words\ira_0488.wav,1.3535,0.2026,-126,0.0078125,False,113,0.94140625,0.06,True,37,7820b101fbe84c31e3d54fdf65bb34cd781890d3
ira_0490.wav,D:\SIH\ira-wakeword\ira words\ira words\ira_0490.wav,1.3135,0.2199,-126,0.0078125,False,100,0.890625,0.01,True,33,f514841a844f86e498ff79e171d8e619cde5307d
ira_0504.wav,D:\SIH\ira-wakeword\ira words\ira words\ira_0504.wav,1.2135,0.1812,-126,0.0078125,False,117,0.95703125,0.03,True,23,775121bc45b787816e7bd8ccca68d53e7652b150
ira_0018.wav,D:\SIH\ira-wakeword\ira words\ira words\ira_0018.wav,1.2535,0.2202,-127,0.00390625,False,-66,0.2421875,0.01,False,27,c78a2cee0b460302e55a1064e2e89b89046ad103
ira_0207.wav,D:\SIH\ira-wakeword\ira words\ira words\ira_0207.wav,1.6135,0.1476,-127,0.00390625,False,-122,0.0234375,0.6,False,63,7d0a08a47f24409f9e67a897307ac5c94cfd1f40
ira_0208.wav,D:\SIH\ira-wakeword\ira words\ira words\ira_0208.wav,1.6335,0.1816,-127,0.00390625,False,-121,0.02734375,0.63,False,65,d676ae9dd7399d0f129de5488096f60f8107f453
ira_0211.wav,D:\SIH\ira-wakeword\ira words\ira words\ira_0211.wav,1.5135,0.078,-127,0.00390625,False,-90,0.1484375,0.49,False,53,b685d8962639dd0f755a0e767a2d0a41ee57de99
ira_0218.wav,D:\SIH\ira-wakeword\ira words\ira words\ira_0218.wav,1.3935,0.3294,-127,0.00390625,False,11,0.54296875,0.06,True,41,35602598222afeaeec61c0f7fa1da3e721c5999c
ira_0358.wav,D:\SIH\ira-wakeword\ira words\ira words\ira_0358.wav,1.6135,0.3804,-127,0.00390625,False,100,0.890625,0.03,True,63,7294854ab37e756bfcf999dbbb9a9f58127ffefe
ira_0472.wav,D:\SIH\ira-wakeword\ira words\ira words\ira_0472.wav,1.5135,0.1587,-127,0.00390625,False,-11,0.45703125,0.02,True,53,cc42df1f88956afe10cc2502d6865a37a4410f9d
ira_0479.wav,D:\SIH\ira-wakeword\ira words\ira words\ira_0479.wav,1.1935,0.1778,-127,0.00390625,False,-6,0.4765625,0.04,True,21,6b7ab1d46fe3e977d45354bfcdf050e30e742699
ira_0545.wav,D:\SIH\ira-wakeword\ira words\ira words\ira_0545.wav,2.1735,0.8451,-127,0.00390625,False,57,0.72265625,0.06,True,119,39559f96b84bd3317bf001df5a07178646534c4c
ira_0577.wav,D:\SIH\ira-wakeword\ira words\ira words\ira_0577.wav,1.6535,0.3129,-127,0.00390625,False,-22,0.4140625,0.03,True,67,4b7606fc148ebcd695c2c42cf81d0e337c281d93
ira_0640.wav,D:\SIH\ira-wakeword\ira words\ira words\ira_0640.wav,1.2135,0.2135,-127,0.00390625,False,-120,0.03125,0.0,False,23,5461e9473acceb508b79894c4b8736b5d3a56ddc
ira_0682.wav,D:\SIH\ira-wakeword\ira words\ira words\ira_0682.wav,1.3335,0.3334,-127,0.00390625,False,-117,0.04296875,0.05,False,35,a572c069e141628a3430f6f15d822f497b516b45
ira_0788.wav,D:\SIH\ira-wakeword\ira words\ira words\ira_0788.wav,2.0335,0.4641,-127,0.00390625,False,122,0.9765625,0.01,True,105,1ea7499c782062ab5fe26e6ef714ed374ae2e435
ira_0016.wav,D:\SIH\ira-wakeword\ira words\ira words\ira_0016.wav,1.6535,0.4128,-128,0.0,False,-48,0.3125,0.02,False,67,6853eb71b924937f630e1185279e4fd0e60126d6
ira_0478.wav,D:\SIH\ira-wakeword\ira words\ira words\ira_0478.wav,1.3335,0.1593,-128,0.0,False,-27,0.39453125,0.05,False,35,2c794e0999acd5fe3a3d4d973bd525bc3e5f5f88
ira_0574.wav,D:\SIH\ira-wakeword\ira words\ira words\ira_0574.wav,1.8335,0.6388,-128,0.0,False,-17,0.43359375,0.02,True,85,3655e85905df577e260f858b8a49f697209551d7
ira_0642.wav,D:\SIH\ira-wakeword\ira words\ira words\ira_0642.wav,1.2335,0.0238,-128,0.0,False,-87,0.16015625,0.2335,False,25,27556591c4fd7f6a52f0f1181ba8218f53e68a25
